Price,Close,High,Low,Open,Volume,RSI,Volume_MA20,Price_Change,MACD,Signal,Bollinger_Upper,Bollinger_Lower,ATR
Ticker,ACHR,ACHR,ACHR,ACHR,ACHR,,,,,,,,
Date,,,,,,,,,,,,,
2022-03-04,2.880000114440918,3.0999999046325684,2.8299999237060547,2.990000009536743,2393500,48.92086516033123,1882540.0,0.014084577986089863,-0.014470307787833647,-0.0031799944322993554,3.2556730007010586,2.78032703649224,0.1284502186343711
2022-03-07,3.0299999713897705,3.200000047683716,2.930000066757202,2.930000066757202,2217200,55.70469777179545,1930805.0,0.05208328159319242,-0.01090033410602409,-0.004724062367044302,3.2556730007010586,2.78032703649224,0.1219980394566583
2022-03-08,3.2799999713897705,3.380000114440918,3.015000104904175,3.0399999618530273,2253000,54.79451428437056,1976910.0,0.08250825160415176,0.011963894096032046,-0.0013864710744290326,3.2936865681152394,2.764313471939082,0.1379201931473933
2022-03-09,3.440000057220459,3.6700000762939453,3.2950000762939453,3.440000057220459,2212100,61.53846271409524,1990985.0,0.04878051439826536,0.04250466213717319,0.007391755567891411,3.361093058823187,2.7249069783701114,0.17732445075451114
2022-03-10,3.309999942779541,3.390000104904175,3.234999895095825,3.390000104904175,1619800,62.74508795615843,1907305.0,-0.03779073031352176,0.05557785119249914,0.01702897469281296,3.3890001270342687,2.713999893946566,0.18599451418634444
2022-03-11,3.1700000762939453,3.5,3.1500000953674316,3.3399999141693115,1454600,56.96969513065623,1685600.0,-0.04229603290205264,0.05401893188722218,0.024426966131694802,3.3991292632808805,2.715870770097721,0.18315310542203345
2022-03-14,2.9100000858306885,3.2200000286102295,2.805000066757202,3.190000057220459,3073500,49.21466066617626,1719610.0,-0.08201892246236897,0.03144121601978256,0.025829816109312356,3.3991292632808805,2.715870770097721,0.18524264964870513
2022-03-15,3.3299999237060547,3.3499999046325684,2.9000000953674316,2.9600000381469727,2935700,61.81817984778059,1805245.0,0.14432983693726364,0.04689807850663552,0.030043468588776993,3.430007626256456,2.731992409983168,0.1765558712753962
2022-03-16,3.880000114440918,3.890000104904175,3.25,3.4000000953674316,3314800,65.99190361559289,1904515.0,0.165165226227018,0.10234836400644776,0.044504447672311154,3.6177094326884465,2.6182906045048515,0.2667385564079541
2022-03-17,4.210000038146973,4.295000076293945,3.822000026702881,3.8499999046325684,3441600,69.34306289881812,2013695.0,0.08505152421976292,0.17095073699844843,0.06979370553753861,3.872360686113197,2.4766393625241934,0.3818578191737101
2022-03-18,4.429999828338623,4.494999885559082,3.8299999237060547,3.9700000286102295,2876100,71.62161683235146,2039705.0,0.05225648175729791,0.24030071919267204,0.1038951082685653,4.133867078893282,2.366132944948577,0.49110324441287684
2022-03-21,4.449999809265137,4.614999771118164,4.28000020980835,4.429999828338623,2104300,71.81207559693051,2071730.0,0.004514668555645196,0.29349172116584343,0.14181443084802092,4.345375563813658,2.3056244352326676,0.5671075222722263
2022-03-22,4.590000152587891,4.630000114440918,4.340000152587891,4.429999828338623,1482800,75.2475264664276,2041540.0,0.03146075265694748,0.34298906666725637,0.182049358011868,4.5555300481477214,2.2604699604353473,0.6311601723276992
2022-03-23,4.75,4.880000114440918,4.364999771118164,4.559999942779541,2513300,82.15488329009287,2095990.0,0.03485835339719978,0.3906238514927791,0.22376425670805022,4.762407499716203,2.247592514588912,0.6702697244819196
2022-03-24,4.980000019073486,5.159999847412109,4.710000038146973,4.809999942779541,3933200,83.2278481967708,2159205.0,0.048421056647049765,0.44184057786060027,0.26737952093856027,5.0013705334367415,2.1976294913587906,0.7089211621409609
2022-03-25,5.110000133514404,5.170000076293945,4.889999866485596,4.989999771118164,2202400,83.12102058334342,2217255.0,0.026104440550806185,0.48730280191773456,0.3113641771343951,5.234576869717239,2.16042315889299,0.7432346901171428
2022-03-28,4.619999885559082,5.239999771118164,4.599999904632568,5.110000133514404,2469600,69.82248186802207,2279710.0,-0.09589045697701859,0.4782797063772559,0.3447472829829673,5.338134825840372,2.2038651817890225,0.7311499209854149
2022-03-29,5.139999866485596,5.179999828338623,4.513000011444092,4.75,2750600,72.72726867056407,2360775.0,0.1125541112137034,0.5072413285048958,0.377246092087353,5.522044382689766,2.2189556020514445,0.7566394585155982
2022-03-30,4.869999885559082,5.059999942779541,4.760000228881836,5.0,3242500,70.10309145318578,2482065.0,-0.05252918053305755,0.5026130701149789,0.4023194876928782,5.623868744917305,2.2981312341018603,0.7289447143408471
2022-03-31,4.809999942779541,4.960000038146973,4.570000171661377,4.869999885559082,1880600,71.5789445285323,2518560.0,-0.01232031708203063,0.48847283725026625,0.41955015760435577,5.675505078883597,2.4434949029965916,0.6588184348092033
2022-04-01,4.75,4.920000076293945,4.690000057220459,4.840000152587891,1062200,75.5555533479762,2451995.0,-0.012474000726259704,0.46704134498637995,0.42904839508076065,5.696421981984169,2.6095779884519272,0.4943482778462694
2022-04-04,4.849999904632568,4.900000095367432,4.630000114440918,4.849999904632568,1235200,73.17072993442471,2402895.0,0.021052611501593432,0.4529050816735518,0.4338197323993189,5.721856132150613,2.7661438316097637,0.34704718210186364
2022-04-05,4.909999847412109,5.010000228881836,4.650000095367432,4.849999904632568,2033500,68.45877682892689,2391920.0,0.012371122465844042,0.4414546704487812,0.43534672000921143,5.758619071265548,2.8923808800970625,0.2652481818837247
2022-04-06,4.510000228881836,4.849999904632568,4.414999961853027,4.670000076293945,1766500,55.24475920887704,2369640.0,-0.08146631995133347,0.3955439266098786,0.4273861613293449,5.751541180622663,3.0064587879060833,0.22794953391679382
2022-04-07,4.119999885559082,4.46999979019165,4.0,4.46999979019165,1788300,44.884489747293635,2378065.0,-0.08647457284485471,0.32395520901678765,0.4066999708668335,5.704219431559704,3.1347805312469976,0.27387331995873054
2022-04-08,3.9600000381469727,4.190000057220459,3.9600000381469727,4.099999904632568,1343400,42.2712971715284,2372505.0,-0.03883491549912932,0.25141186456748166,0.3756423496069632,5.625062133625787,3.2929378253662174,0.33846208194805766
2022-04-11,4.019999980926514,4.135000228881836,3.8299999237060547,4.0,1955600,40.7766952835862,2316610.0,0.015151500555948827,0.19649713868713548,0.3398133074229977,5.453737609049832,3.575262339451755,0.3853241691013431
2022-04-12,3.9100000858306885,4.139999866485596,3.890000104904175,4.119999885559082,1722000,36.184210681106265,2255925.0,-0.027363158113864694,0.14245857676540652,0.3003423612914795,5.356014542604207,3.7309854221098426,0.434420138064947
2022-04-13,4.070000171661377,4.105000019073486,3.7799999713897705,3.9200000762939453,1073800,34.68013616672026,2143875.0,0.04092073716583977,0.11126075217202303,0.26252603946758823,5.336785612506246,3.769214357929851,0.44302464891414645
2022-04-14,4.070000171661377,4.179999828338623,4.001999855041504,4.070000171661377,1274300,31.690139426193582,2035510.0,0.0,0.0855500833063001,0.2271308482353306,5.345036178203789,3.7469638055837473,0.4282015045208989
2022-04-18,3.9700000286102295,4.040999889373779,3.880000114440918,4.03000020980835,882000,36.73469447334932,1935805.0,-0.024570058681429363,0.05645424776005736,0.19299552814027598,5.361597748446353,3.6844022553683446,0.4458131741910438
2022-04-19,4.039999961853027,4.159999847412109,3.819999933242798,4.0,1767300,22.49999582767387,1918955.0,0.017632224871117375,0.038599052217439755,0.16211623295570876,5.36821837558028,3.6367816434932063,0.40533795206128065
2022-04-20,4.059999942779541,4.179999828338623,3.930000066757202,4.179999828338623,1010900,26.857138186083702,1895360.0,0.0049504903750889895,0.02576550373553932,0.1348460871116749,5.362635199307521,3.5893647987851303,0.38210876798440807
2022-04-21,3.799999952316284,4.179999828338623,3.690000057220459,4.130000114440918,1503000,24.102558647621052,1844845.0,-0.06403940742059633,-0.0053236346702618675,0.10681214275528754,5.354254818728629,3.502745174595651,0.37143023257397506
2022-04-22,3.7300000190734863,3.884999990463257,3.6700000762939453,3.75,1141900,23.979586499374648,1705280.0,-0.018421035295047683,-0.03520459379764773,0.07840879544470049,5.303688015615766,3.4283119777085145,0.3586880566673369
2022-04-25,3.880000114440918,3.9149999618530273,3.6600000858306885,3.6600000858306885,1010800,25.870649008664927,1645700.0,0.04021450257383408,-0.046248590135403944,0.05347731832867961,5.196982527309345,3.412017464107586,0.30091525287732834
2022-04-26,3.7200000286102295,3.864000082015991,3.7100000381469727,3.8399999141693115,973100,21.800950759103316,1570875.0,-0.04123713430708065,-0.0671377839690237,0.029354297869138946,5.1754515210766385,3.3435484846454067,0.1970552832725634
2022-04-27,3.700000047683716,4.099999904632568,3.6700000762939453,3.7200000286102295,2554500,26.589593623172178,1561070.0,-0.005376338917391199,-0.08433429859669239,0.006616578575972681,5.035925716731424,3.339074307110434,0.14455121501349052
2022-04-28,4.630000114440918,4.670000076293945,3.9100000858306885,4.0,6435100,61.23348531205001,1720700.0,0.2513513661545501,-0.022658237226380606,0.0007616154155020236,4.989365990278802,3.3616340564512392,0.2328372769473646
2022-04-29,4.610000133514404,4.860000133514404,4.519999980926514,4.610000133514404,2390600,65.25821738131792,1746200.0,-0.004319650201332403,0.02432623673315959,0.005474539679033537,4.950959309781742,3.3800407560217858,0.28902358718956817
2022-05-02,4.599999904632568,4.650000095367432,4.335000038146973,4.570000171661377,2079300,63.942303173465305,1797055.0,-0.0021692469831258165,0.060062473152674656,0.01639212637376176,4.922545952517769,3.393454103749015,0.3286477542029111
2022-05-03,4.369999885559082,4.635000228881836,4.309999942779541,4.559999942779541,1771500,60.45453841036184,1823870.0,-0.05000000518301273,0.06902889648229937,0.026919480395469285,4.834538142811098,3.433461911548339,0.33579903021986035
2022-05-04,4.019999980926514,4.380000114440918,3.880000114440918,4.380000114440918,2613900,48.95397105539011,1852890.0,-0.08009151345499188,0.04734699762191674,0.03100498384075878,4.688146778970758,3.4908532887401194,0.3362854630271061
2022-05-05,3.9200000762939453,4.0,3.7200000286102295,3.950000047683716,1989600,46.98795019216153,1864045.0,-0.02487559828533148,0.021842987631019106,0.029172584598810846,4.628803009122206,3.4911970433298825,0.3392015501843426
2022-05-06,3.819999933242798,3.9000000953674316,3.609999895095825,3.869999885559082,1449900,46.98795019216153,1847125.0,-0.02551024007777314,-0.006364928903034084,0.022065081898441863,4.6228909346073745,3.467109122613085,0.34509116862936684
2022-05-09,3.4800000190734863,3.799999952316284,3.430000066757202,3.740000009536743,2508400,39.85507434167107,1905375.0,-0.08900521468875666,-0.05551511388307251,0.006549042742138987,4.651251444965501,3.390748610347609,0.37891980871979675
2022-05-10,3.3399999141693115,3.759999990463257,3.299999952316284,3.5399999618530273,2003200,37.500001034802736,1907755.0,-0.040229914981853465,-0.10455854223434091,-0.015672474253156994,4.686988021626526,3.2870120270108645,0.42030079614949345
2022-05-11,3.25,3.440000057220459,3.134999990463257,3.309999942779541,2032300,39.85240043935876,1923270.0,-0.02694608277907551,-0.14897081067993057,-0.04233214153851171,4.727628548107681,3.1803714919466404,0.4613960072398285
2022-05-12,3.490000009536743,3.6089999675750732,3.0,3.1500000953674316,2640700,45.83333367826757,2001615.0,0.07384615678053641,-0.16292377453402906,-0.06645046813761518,4.723406343979443,3.126593679862415,0.4738322963895127
2022-05-13,4.0,4.090000152587891,3.5999999046325684,3.619999885559082,2802700,51.851849944067304,2078035.0,0.14613180202568343,-0.13131514270716282,-0.0794234030515247,4.717840995927466,3.1251590107482543,0.4742078548867517
2022-05-16,3.9800000190734863,4.320000171661377,3.7300000190734863,3.7899999618530273,2508700,54.19354803976483,2159370.0,-0.004999995231628418,-0.10664951633316111,-0.08486862570785199,4.718481758382408,3.125518247339638,0.47063963073628656
2022-05-17,4.0,4.079999923706055,3.8499999046325684,3.869999885559082,2328600,54.838708685042384,2187435.0,0.005025120811725348,-0.08451377620744749,-0.0847976558077711,4.715434364368827,3.1245656451679165,0.4654980956187363
2022-05-18,3.8299999237060547,4.005000114440918,3.7300000190734863,3.9100000858306885,1429300,32.90597994512706,2208355.0,-0.04250001907348633,-0.07976909956023803,-0.0837919445582645,4.702060292847422,3.114939714781972,0.4249195182720517
2022-05-19,3.690000057220459,3.990000009536743,3.5799999237060547,3.799999952316284,2705100,31.30081174740657,2268460.0,-0.03655349067216862,-0.0863107912564578,-0.08429571389790316,4.701237560459575,3.1047624576602377,0.37634226569588053
2022-05-20,3.4800000190734863,3.878000020980835,3.3399999141693115,3.7799999713897705,2497700,28.947369364537366,2336250.0,-0.056910578561117364,-0.10720458931785348,-0.08887748898189324,4.707747654346368,3.073252363773444,0.31725209790584746
2022-05-23,3.5,3.5899999141693115,3.384999990463257,3.490000009536743,2144000,32.24489891246087,2392910.0,0.0057471209243953325,-0.12075722932830901,-0.09525343705117639,4.707235436813233,3.035764569862486,0.2708391569305313
2022-05-24,3.3299999237060547,3.4600000381469727,3.259999990463257,3.4200000762939453,1551300,34.80176072647296,2421820.0,-0.04857145036969868,-0.14356050346447002,-0.10491485033383513,4.72018870362271,2.983811292562593,0.27090914621181583
2022-05-25,3.309999942779541,3.450000047683716,3.259999990463257,3.3299999237060547,2067400,36.07305667634058,2397465.0,-0.006006000415836432,-0.1613857394745235,-0.11620902816197282,4.732017443120367,2.9329825425745186,0.2733110070940726
2022-05-26,3.4600000381469727,3.625,3.2850000858306885,3.359999895095825,2148800,41.964288090108596,2183150.0,0.045317250139125465,-0.1615464069234651,-0.12527650391427128,4.604685193740913,2.9433147843245777,0.26863923626545594
2022-05-27,4.099999904632568,4.159999847412109,3.509999990463257,3.5199999809265137,3315500,62.20472233997138,2229395.0,0.18497105763858657,-0.10877718088121036,-0.12197663930765909,4.498525206778312,2.998474748398995,0.2999157402042559
2022-05-31,4.179999828338623,4.298999786376953,3.9800000190734863,4.070000171661377,2099600,66.93548363837937,2230410.0,0.019512176967531936,-0.05981238387575605,-0.10954378822127848,4.396257620575193,3.0587423269727196,0.32159968745186657
2022-06-01,4.269999980926514,4.400000095367432,4.159999847412109,4.199999809265137,2166800,70.56451558632608,2250175.0,0.021531137866974914,-0.013588529219163537,-0.0903527364208555,4.372256997954348,3.0727429591303084,0.33070684986919735
2022-06-02,4.840000152587891,5.058000087738037,4.21999979019165,4.289999961853027,4389200,74.02135330958481,2338940.0,0.13348950215632027,0.06825169572088807,-0.0586318499925068,4.575522186563215,2.951477787687579,0.4286786688091081
2022-06-03,4.800000190734863,4.829999923706055,4.585000038146973,4.760000228881836,1503300,67.09402005487294,2314625.0,-0.00826445466776271,0.12840285282557762,-0.021224909428889917,4.74144190842059,2.873558077274294,0.4973186790680449
2022-06-06,4.570000171661377,5.164999961853027,4.389999866485596,4.980000019073486,3230100,61.56862957758963,2403635.0,-0.047916668736272316,0.1557189675219579,0.01416386596127965,4.839331400251481,2.850668609285262,0.5275883918667015
2022-06-07,4.230000019073486,4.650000095367432,4.079999923706055,4.53000020980835,2484000,54.006968467443905,2402415.0,-0.07439828004739157,0.1482233874620036,0.04097577026142444,4.875440975151837,2.889559034384907,0.5326778252396428
2022-06-08,4.630000114440918,4.690000057220459,4.230000019073486,4.25,2515500,62.90322729501697,2428030.0,0.09456266987323692,0.17257046610574278,0.06729470943028812,4.958972653322947,2.9350273762409564,0.5586960504919989
2022-06-09,4.079999923706055,4.579999923706055,4.079999923706055,4.579999923706055,1816800,55.555552536644115,2417255.0,-0.11879053501951742,0.14580453853317632,0.08299667525086576,4.946772130542723,3.0302278913917866,0.5502128092304059
2022-06-10,4.110000133514404,4.199999809265137,3.98799991607666,4.0,1724000,59.45945868543619,2371420.0,0.007352992737583053,0.12556567140510033,0.09151047448171268,4.94957029551306,3.0894297388192156,0.5246752671899492
2022-06-13,3.990000009536743,4.03000020980835,3.694999933242798,3.950000047683716,2348400,57.14285515686374,2348705.0,-0.029197109508376284,0.09870540184038301,0.09294945995344675,4.9491251855012095,3.088874849784741,0.4971413467581233
2022-06-14,3.9800000190734863,4.110000133514404,3.950000047683716,4.019999980926514,1970800,59.93883653808156,2321810.0,-0.002506263268008846,0.07573846317761923,0.08950726059828125,4.9491251855012095,3.088874849784741,0.44357259668989896
2022-06-15,4.389999866485596,4.460000038146973,3.9700000286102295,4.039999961853027,3586900,64.75409408907055,2384725.0,0.10301503654453614,0.08958784705958145,0.0895233778905413,4.983186628436783,3.093813393497726,0.3676425274688778
2022-06-16,4.340000152587891,4.550000190734863,4.114999771118164,4.230000019073486,4358100,62.359550712295515,2531165.0,-0.011389456815116494,0.09542897865549449,0.09070449804353195,5.012514746338898,3.1154852984837955,0.28681758449168665
2022-06-17,4.320000171661377,4.53000020980835,4.15500020980835,4.300000190734863,11670900,53.74150046029376,2979455.0,-0.004608290374042534,0.09732241400680941,0.09202808123618744,5.033504175515473,3.157495880751311,0.27964760542681827
2022-06-21,4.599999904632568,4.929999828338623,4.359000205993652,4.369999885559082,3444700,56.68789857279921,3026805.0,0.06481475042708373,0.12003294844777113,0.09762905467850419,5.068274210811631,3.234725834011061,0.28390627232337984
2022-06-22,4.429999828338623,4.760000228881836,4.340000152587891,4.53000020980835,2744800,52.48446947427967,3056845.0,-0.03695653909095553,0.12289694571627052,0.10268263288605747,5.068827897374771,3.327172130281784,0.28288257033448905
2022-06-23,4.409999847412109,4.599999904632568,4.284999847412109,4.420000076293945,2673700,41.94756005826343,3112965.0,-0.004514668555645085,0.12214484315225338,0.10657507493929666,5.0245992449065815,3.4794007751205784,0.25050281357544213
2022-06-24,4.070000171661377,4.550000190734863,3.940000057220459,4.46999979019165,18531400,37.71043652116925,3936165.0,-0.07709743481062747,0.09304114372566019,0.10386828869656937,4.931084676585743,3.648915366329601,0.22386832357138894
2022-06-27,3.809999942779541,4.114999771118164,3.799999952316284,4.105000019073486,1774500,37.33332951863608,3917450.0,-0.06388211742401562,0.04843804308204991,0.09278223957366548,4.867119323006942,3.7478807103716596,0.24369520697450955
2022-06-28,3.2899999618530273,3.809999942779541,3.2799999713897705,3.809999942779541,3927700,35.220124088629944,3948060.0,-0.13648293667614964,-0.028540886591065018,0.06851761434071937,4.9847480280704595,3.549252011030188,0.35250204210581665
2022-06-29,2.9200000762939453,3.299999952316284,2.9200000762939453,3.299999952316284,4676700,22.857138964594157,4076915.0,-0.11246197259853064,-0.11804242194547232,0.031205607083481038,5.141463610226552,3.266536453669627,0.461976138821909
2022-06-30,3.0799999237060547,3.0899999141693115,2.869999885559082,2.930000066757202,2685400,31.88405321365869,4102845.0,0.054794466860145,-0.1740559741025689,-0.009846709153728948,5.207038752205315,3.081961305968819,0.5297874214587178
2022-07-01,2.890000104904175,3.0999999046325684,2.7699999809265137,3.049999952316284,1882100,29.109580568486464,3977490.0,-0.061688254385818264,-0.23111437260183942,-0.05410024184335104,5.195236219605463,2.898763833800298,0.6023762188258772
2022-07-05,3.119999885559082,3.130000114440918,2.7899999618530273,2.8299999237060547,2493200,35.643555397134335,4026985.0,0.07958469629970244,-0.25483690319601227,-0.09424757411388329,5.125014609428591,2.800985413459592,0.6356967970931575
2022-07-06,2.9100000858306885,3.1500000953674316,2.890000104904175,3.0799999237060547,1746900,33.43652508065085,3952825.0,-0.06730763058690403,-0.2872709279624184,-0.13285224488359032,5.09537517407391,2.6646248402312054,0.6793742822008497
2022-07-07,3.200000047683716,3.2049999237060547,2.9000000953674316,2.950000047683716,1618800,30.868160670283117,3909565.0,0.09965634134001888,-0.2862745580679089,-0.16353670752045404,5.068470697730117,2.5885293194360206,0.6682636820272586
2022-07-08,3.3299999237060547,3.430000066757202,3.0999999046325684,3.1600000858306885,1815500,34.16926859426552,3874565.0,0.0406249606516218,-0.27186117777763164,-0.18520160157188958,4.9621707200289515,2.5648292780636996,0.6445493914711399
2022-07-11,3.009999990463257,3.3499999046325684,2.9800000190734863,3.2899999618530273,1057600,31.232081453110595,3836605.0,-0.09609607825055455,-0.28299757048378993,-0.20476079535426966,4.944179864746477,2.4758201400218938,0.6265994434218821
2022-07-12,3.009999990463257,3.059999942779541,2.940000057220459,3.0199999809265137,733700,25.233637293610954,3787090.0,0.0,-0.2884976209460648,-0.2215081604726287,4.911955345624612,2.3980446448386443,0.5525862835167275
2022-07-13,2.990000009536743,3.009999990463257,2.8499999046325684,2.869999885559082,1490700,26.47058158963705,3744205.0,-0.00664451195677096,-0.2911144951890381,-0.23542942741591058,4.8851890887953076,2.3248109016679495,0.4726334691884112
2022-07-14,2.9700000286102295,3.0199999809265137,2.869999885559082,2.9200000762939453,802400,26.47058158963705,3685785.0,-0.0066889568102751484,-0.29144264875600046,-0.2466320716839286,4.851970773253287,2.257029218163645,0.3507950237087909
2022-07-15,3.200000047683716,3.2300000190734863,2.924999952316284,3.0799999237060547,1558500,35.25423065816561,3584365.0,0.07744108311713105,-0.27003088551335974,-0.25131183444981486,4.739194920020516,2.2508050895162266,0.2424111580529064
2022-07-18,3.259999990463257,3.4200000762939453,3.240000009536743,3.299999952316284,1557900,39.9999965320919,3444355.0,0.01874998183921006,-0.2453916922609185,-0.2501278060120356,4.622967974526584,2.259032018797696,0.14929132951822519
2022-07-19,3.4000000953674316,3.4100000858306885,3.2300000190734863,3.3499999046325684,1228500,52.32067896813197,2922235.0,0.04294481758089841,-0.21212289496524406,-0.24252682380267732,4.502172694209745,2.287827291485141,0.16319776671958064
2022-07-20,3.380000114440918,3.559999942779541,3.3499999046325684,3.390000104904175,1448800,61.38614504118624,2822440.0,-0.00588234716633218,-0.18523568308424965,-0.2310685956589918,4.28506360075705,2.38293640591867,0.17194587833840014
2022-07-21,3.4700000286102295,3.4700000286102295,3.2850000858306885,3.390000104904175,1266900,60.00000733595969,2748545.0,0.026627192639665953,-0.15487977540233722,-0.2158308316076609,4.089633832790451,2.48236619391243,0.19424126830006924
2022-07-22,3.1500000953674316,3.490000009536743,3.140000104904175,3.4700000286102295,1206500,56.250002149206765,2675185.0,-0.09221900017417606,-0.1548587053643402,-0.20363640635899677,3.8288348359182622,2.617165215580151,0.17900826593146352
2022-07-25,3.2100000381469727,3.2249999046325684,3.0899999141693115,3.1600000858306885,734900,52.356025713265,1785360.0,0.019047600305720724,-0.14829110570697956,-0.19256734622859334,3.636347041410404,2.723652996736569,0.1786349395503084
2022-07-26,3.2799999713897705,3.309999942779541,3.119999885559082,3.190000057220459,798300,60.45197709672361,1736550.0,0.021806832526770403,-0.13587158303062497,-0.18122819358899966,3.505413574748541,2.8015864662594545,0.16260923062543356
2022-07-27,3.640000104904175,3.75,3.390000104904175,3.490000009536743,3974900,61.95652540104215,1738910.0,0.109756139223949,-0.09587483429409094,-0.16415752173001794,3.581437548773044,2.760562506540066,0.19995056491920044
2022-07-28,3.9200000762939453,4.039999961853027,3.630000114440918,3.6500000953674316,3313700,64.82412614189334,1670760.0,0.0769230668462142,-0.041109579483160186,-0.1395479332806464,3.7336156426087674,2.7083844127043433,0.2709294396163135
2022-07-29,4.039999961853027,4.114999771118164,3.765000104904175,3.9100000858306885,2214300,78.77095336678386,1647205.0,0.0306122151080499,0.011838797116819233,-0.10927058720115329,3.893580732794586,2.644419326333222,0.32670516770901575
2022-08-01,4.170000076293945,4.179999828338623,3.8589999675750732,4.019999980926514,1411600,80.20833811929697,1623680.0,0.03217824645257927,0.06355803238996183,-0.07470486328293027,4.049603148931891,2.6163969073348934,0.37672096457756526
2022-08-02,4.269999980926514,4.320000171661377,4.050000190734863,4.139999866485596,1169200,82.0000030994419,1557480.0,0.023980792039083765,0.11133169307448076,-0.03749755201144807,4.212012757643728,2.5689873081598,0.4140738295341716
2022-08-03,4.400000095367432,4.46999979019165,4.21999979019165,4.300000190734863,1276200,83.88625919083894,1533945.0,0.030444991808339594,0.1578628415653367,0.0015745267039088823,4.369130924100503,2.5608691426566996,0.441887184466145
2022-08-04,4.550000190734863,4.590000152587891,4.360000133514404,4.429999828338623,1656200,83.25123551915411,1535815.0,0.03409093002642427,0.20448568241722365,0.042156757846571837,4.548039876297175,2.516960204765142,0.4863951437792983
2022-08-05,4.380000114440918,4.546000003814697,4.329999923706055,4.5,1120600,76.1682259129565,1501070.0,-0.03736265256430438,0.22512196836699383,0.07874979995065624,4.663097844535169,2.5069022556006346,0.4961655319905162
2022-08-08,4.389999866485596,4.579999923706055,4.340000152587891,4.400000095367432,959400,74.6268630160547,1496160.0,0.00228304835237525,0.23952220717032668,0.11090428139459033,4.753577016265147,2.5544230714728893,0.504590467543805
2022-08-09,4.369999885559082,4.380000114440918,4.150000095367432,4.349999904632568,1822000,74.6268630160547,1550575.0,-0.004555804449835832,0.2464794076725858,0.13801930665018944,4.8220976352840506,2.6219024419635693,0.4992257703780839
2022-08-10,4.230000019073486,4.658999919891357,4.190000057220459,4.610000133514404,3077300,68.44660435762097,1629905.0,-0.03203658355878525,0.23795324313080268,0.1580060939463121,4.849623638759762,2.718376439441532,0.48462514750111146
2022-08-11,4.78000020980835,4.980000019073486,4.380000114440918,4.75,9628500,85.58952274221767,2071210.0,0.1300236851666332,0.27243614090590995,0.18089210333823166,4.956359573713337,2.792640522607769,0.45987638113117235
2022-08-12,4.840000152587891,4.894999980926514,4.494999885559082,4.809999942779541,3442000,85.58952274221767,2165385.0,0.0125522887334657,0.30113429111205825,0.20494054089299701,5.071210810384622,2.841789296426901,0.4170856883316395
2022-08-15,4.610000133514404,4.849999904632568,4.554999828338623,4.829999923706055,1708200,77.14285992324868,2172900.0,-0.04752066359967122,0.3018392871467732,0.22432029014375227,5.124533934677892,2.923466186438747,0.32456313948240717
2022-08-16,4.650000095367432,4.769000053405762,4.489999771118164,4.650000095367432,1701700,73.70892134391524,2196560.0,0.00867678106172498,0.302142750659149,0.23988478224683163,5.179776683272645,2.9932234378439935,0.2670638611720623
2022-08-17,3.9700000286102295,4.369999885559082,3.9600000381469727,4.320000171661377,3785500,50.98814136129849,2313395.0,-0.14623657049698835,0.24469226517215592,0.24084627883189652,5.159726226654081,3.0722738858794876,0.260402329053207
2022-08-18,3.890000104904175,3.9800000190734863,3.759999990463257,3.950000047683716,1885900,46.987954691278105,2344345.0,-0.020151114138419857,0.19051092490611143,0.23077920804673951,5.142188751783651,3.131811368379312,0.2789383746874561
2022-08-19,3.6500000953674316,3.880000114440918,3.6500000953674316,3.8399999141693115,1137100,39.99999999999999,2340875.0,-0.06169665888547715,0.126744792314045,0.20997232490020062,5.0853715127863675,3.2386286073765964,0.339041990454506
2022-08-22,3.6600000858306885,3.680000066757202,3.5399999618530273,3.5899999141693115,936700,37.84860762124463,2350965.0,0.0027397233430073165,0.07613890656161448,0.1832056412324834,5.028736923551066,3.34026320138027,0.3867453898231622
2022-08-23,3.690000057220459,3.9000000953674316,3.549999952316284,3.6600000858306885,2159800,35.269707819496745,2419040.0,0.00819671330225158,0.03801590083725248,0.1541676931534372,4.973251705299645,3.4367484282147602,0.41950260720820987
2022-08-24,3.7899999618530273,3.8499999046325684,3.7100000381469727,3.7100000381469727,1301900,33.89829789314723,2285390.0,0.027100244737636725,0.015691419789283678,0.1264724384806065,4.960180738406875,3.464819380802416,0.42836774159584284
2022-08-25,3.8299999237060547,3.9000000953674316,3.740000009536743,3.8299999237060547,973900,37.66815462698924,2168400.0,0.010554079750826784,0.001212790058617852,0.10142050879620877,4.9641287656435065,3.4518713383069937,0.43643979699452545
2022-08-26,3.5799999237060547,3.859999895095825,3.569999933242798,3.8299999237060547,1088300,33.60323863192126,2112100.0,-0.06527415273629833,-0.030087706625620214,0.07511886571184298,4.989108006858981,3.3808920932768216,0.4578881763296116
2022-08-29,3.569999933242798,3.6649999618530273,3.5,3.509999990463257,828500,33.73983704379546,2082945.0,-0.0027932934850189994,-0.05506572797785436,0.049081946973903515,5.004928927275187,3.305071158555502,0.47262658011601943
2022-08-30,3.559999942779541,3.7200000286102295,3.5199999809265137,3.630000114440918,729900,35.62231548857187,2060980.0,-0.0028011178292021155,-0.07480559319986035,0.02430443893915074,5.007655539003007,3.231344543012984,0.4870121537299239
2022-08-31,3.5399999618530273,3.6500000953674316,3.5299999713897705,3.569999933242798,911400,15.555543193108747,2042740.0,-0.005617972260667625,-0.09101425425169696,0.0012407003009812026,4.9903762145554715,3.162623854109078,0.4462770872836645
2022-09-01,3.4600000381469727,3.549999952316284,3.319999933242798,3.509999990463257,1194800,12.08790258686821,2019670.0,-0.022598848748059952,-0.109057908485366,-0.02081902145628824,4.946920595270001,3.0970794581357617,0.3729751618550099
2022-09-02,3.359999895095825,3.5299999713897705,3.3499999046325684,3.5,932900,13.017740460328497,2010285.0,-0.02890177512966252,-0.12992906884362698,-0.04264103093375599,4.924837789132858,3.0171622423383946,0.3136597538033821
2022-09-06,3.4800000190734863,3.630000114440918,3.4100000858306885,3.4700000286102295,1152900,16.94915003102136,2019960.0,0.03571432372745331,-0.1352277849455441,-0.06115838173611362,4.8819953807132395,2.9690046660168012,0.17408002502026979
2022-09-07,3.5,3.5850000381469727,3.430000066757202,3.4600000381469727,819700,28.828825539228774,1969845.0,0.0057471209243953325,-0.13624270324270205,-0.07617524603743131,4.832492549984108,2.931507508190025,0.1502744982143796
2022-09-08,3.4600000381469727,3.569999933242798,3.359999895095825,3.569999933242798,1264400,29.90653768295006,1879200.0,-0.011428560529436416,-0.13867612389977468,-0.0886754216099,4.797014984978501,2.8899850751029805,0.13176111061968918
2022-09-09,3.5,3.572999954223633,3.4549999237060547,3.490000009536743,1399400,41.37930372996325,1467745.0,0.011560682489023755,-0.1358114152194645,-0.0981026203318129,4.635155608306388,2.9238444307942597,0.1317923770627995
2022-09-12,3.380000114440918,3.5350000858306885,3.26200008392334,3.5199999809265137,1827700,35.714283976540585,1387030.0,-0.034285681588309136,-0.1415919173496385,-0.10680047973537803,4.418214840432245,2.9947851948537045,0.13817489806199673
2022-09-13,3.2100000381469727,3.3299999237060547,3.200000047683716,3.25,1438700,28.571425530374952,1373555.0,-0.05029587885740794,-0.1580684773286407,-0.11705407925403058,4.241436756771495,3.0315632689777128,0.1587796568790296
2022-09-14,3.2300000190734863,3.255000114440918,3.0999999046325684,3.2100000381469727,1759300,23.076924840374176,1376435.0,0.006230523579077385,-0.16758067282427813,-0.1271593979680801,3.9695570715926523,3.1614429465271594,0.15485544885529343
2022-09-15,3.1700000762939453,3.359999895095825,3.1649999618530273,3.2799999713897705,1404500,18.86793004528603,1257385.0,-0.018575833568184263,-0.17790981660727034,-0.13730948169591817,3.9192124248638027,3.1317875980243812,0.13827823382927162
2022-09-16,3.009999990463257,3.1489999294281006,3.0,3.140000104904175,4615500,20.618561008731774,1393865.0,-0.05047321198103727,-0.1967385279381908,-0.1491952909443727,3.8996299023637726,3.0633701090803194,0.1704373630945859
2022-09-19,3.0,3.0799999237060547,2.984999895095825,3.0,1634700,20.618561008731774,1418745.0,-0.0033222559783855354,-0.21004605283055966,-0.1613654433216101,3.910754063726133,2.9872459381812155,0.1904823163189139
2022-09-20,3.009999990463257,3.2100000381469727,2.950000047683716,3.009999990463257,1380600,21.649487830206652,1440940.0,0.0033333301544189453,-0.21728076907303295,-0.17254850847189468,3.9063667527214117,2.9266332396491936,0.19969894877037256
2022-09-21,2.990000009536743,3.119999885559082,2.940000057220459,3.0199999809265137,1110900,21.649487830206652,1388495.0,-0.00664451195677096,-0.22206830000274902,-0.18245246677806556,3.8888055257189063,2.8741944618833273,0.20455795788397974
2022-09-22,2.890000104904175,3.015000104904175,2.8499999046325684,2.990000009536743,1545200,21.212124861012796,1400660.0,-0.033444784051375964,-0.2312657220408485,-0.19221511783062217,3.8508528836396976,2.8221471182676514,0.21969133442752478
2022-09-23,2.799999952316284,2.859999895095825,2.700000047683716,2.8499999046325684,2244600,21.428574904060866,1464195.0,-0.031141920180267513,-0.24301567202596175,-0.2023752286696901,3.797558055380377,2.7724419493879946,0.24347417620926892
2022-09-26,2.740000009536743,2.9100000858306885,2.7100000381469727,2.809999942779541,1375500,9.782601090143245,1478555.0,-0.02142855135761923,-0.2542383841502627,-0.21274785976580463,3.790264956435119,2.6957350569163214,0.2552148522583117
2022-09-27,2.7799999713897705,2.9000000953674316,2.7300000190734863,2.819999933242798,1184400,11.702118755302607,1496350.0,0.014598526172921567,-0.2569429236536722,-0.22158687254337817,3.765236972422256,2.641763044743882,0.24846011161477483
2022-09-28,2.8499999046325684,2.869999885559082,2.740000009536743,2.7799999713897705,1310800,18.55668734763944,1525395.0,0.02517983236086274,-0.25054970011528077,-0.2273794380577587,3.7245911532821263,2.611408860069314,0.23018389886831542
2022-09-29,2.6700000762939453,2.8299999237060547,2.640000104904175,2.799999952316284,3919200,12.612604485363676,1675785.0,-0.06315783661818375,-0.2570444577220119,-0.23331244199060935,3.6945037188026504,2.554496305992882,0.2084545672864202
2022-09-30,2.609999895095825,2.7899999618530273,2.609999895095825,2.640000104904175,1441400,13.333321223182736,1688115.0,-0.02247197733469819,-0.2639900006978251,-0.2394479537320525,3.6730419329616852,2.490958077528732,0.19622259273183995
2022-10-03,2.7200000286102295,2.734999895095825,2.5,2.6600000858306885,1349900,25.25252500926581,1708965.0,0.04214564671864318,-0.2576482929404289,-0.24308802157372777,3.6469396129185214,2.4530604109233365,0.18499333568488052
2022-10-04,2.930000066757202,2.9600000381469727,2.7899999618530273,2.819999933242798,1266700,37.288138332876365,1714655.0,0.07720589556547575,-0.23299141580891725,-0.24106870042076567,3.5857565600790693,2.4592434685311604,0.15808783848371166
2022-10-05,2.8399999141693115,2.890000104904175,2.740000009536743,2.859999895095825,1072900,36.36363278108904,1727315.0,-0.030716774927414536,-0.21819767620224884,-0.2364944955770623,3.510732404338065,2.4682676156890953,0.13230003659789133
2022-10-06,2.859999895095825,3.0799999237060547,2.8299999237060547,2.8499999046325684,1675200,42.990650873703686,1747855.0,0.00704224701794165,-0.202525116194884,-0.22970061970062666,3.4336519298677657,2.48534807585428,0.12377089101052771
2022-10-07,2.640000104904175,2.815000057220459,2.609999895095825,2.799999952316284,1239300,35.937503783498045,1739850.0,-0.07692300638503313,-0.20548790724491584,-0.22485807720948453,3.3372400037927648,2.495760012419699,0.12424939167366152
2022-10-10,2.619999885559082,2.7100000381469727,2.5199999809265137,2.680000066757202,968800,34.88371921097139,1696905.0,-0.007575840359983155,-0.20706289884446516,-0.22129904153648067,3.2582658914646947,2.4987341018595854,0.11941248993822859
2022-10-11,2.619999885559082,2.7300000190734863,2.5199999809265137,2.5999999046325684,1011000,35.433068501025105,1675520.0,0.0,-0.20593717546696677,-0.21822666832257792,3.2116162604751577,2.4863837175903334,0.11029681774472284
2022-10-12,2.7100000381469727,2.740000009536743,2.5450000762939453,2.5999999046325684,794100,42.857142857142854,1627260.0,0.03435120477827258,-0.1955288367115795,-0.21368710200037827,3.1426116378679363,2.5033883421049032,0.10363980413852017
2022-10-13,2.75,2.7699999809265137,2.549999952316284,2.619999885559082,1079300,47.933886740166564,1611000.0,0.01476013331733328,-0.18195502635128724,-0.2073406868705601,3.077803143047876,2.5261968292955688,0.10234610755503049
2022-10-14,2.7100000381469727,2.869999885559082,2.700000047683716,2.809999942779541,746400,48.73949731358426,1417545.0,-0.014545440673828125,-0.17243759323846453,-0.20036006814414098,3.0473722125819767,2.5266277645298394,0.1026275682851347
2022-10-17,2.8399999141693115,2.8949999809265137,2.7799999713897705,2.799999952316284,968200,52.34374738065569,1384220.0,0.04797043328133288,-0.15264545361565718,-0.19081714523844423,3.0210004354718207,2.536999533056927,0.10579110306763295
2022-10-18,2.7899999618530273,2.990000009536743,2.7699999809265137,2.9600000381469727,815200,47.61905032220562,1355950.0,-0.017605617544854346,-0.1393878423738375,-0.1805312846655229,2.9844400965109075,2.5515598691568173,0.1021768577314607
2022-10-19,2.7100000381469727,2.7950000762939453,2.6500000953674316,2.7799999713897705,684500,51.72413580482896,1334630.0,-0.028673808171997717,-0.1337941198746173,-0.1711838517073418,2.944666414323296,2.563333554205452,0.10072539666187762
2022-10-20,2.680000066757202,2.8499999046325684,2.6500000953674316,2.7300000190734863,761200,53.09735241469469,1295430.0,-0.011070099987999904,-0.13028001455304938,-0.16300308427648333,2.925567043481075,2.5614329212329747,0.09541119048442982
2022-10-21,2.759999990463257,2.7799999713897705,2.5799999237060547,2.7100000381469727,995800,51.8181802418605,1232990.0,0.029850717057203102,-0.1196603653068582,-0.1543345404825583,2.9218242383237603,2.561175730204987,0.09522673262462673
2022-10-24,2.7300000190734863,2.759999990463257,2.634999990463257,2.759999990463257,667500,39.130430275640435,1197590.0,-0.01086955488892416,-0.11236963651763787,-0.1459415596895742,2.9213971915958843,2.5606027778865372,0.07936559307323142
2022-10-25,2.890000104904175,2.9000000953674316,2.680000066757202,2.700000047683716,1373300,52.52526274215145,1207035.0,0.058608089638398475,-0.09261342179864807,-0.13527593211138897,2.9382536758121542,2.5547463070217082,0.08544968460439076
2022-10-26,2.700000047683716,2.9600000381469727,2.694999933242798,2.869999885559082,1422900,43.103453945745784,1212640.0,-0.06574396204970345,-0.09123618210422135,-0.12646798210995544,2.9253669390550416,2.5526330580839356,0.07802860809071961
2022-10-27,2.7899999618530273,2.8350000381469727,2.7300000190734863,2.7300000190734863,814000,57.281546656086746,1057380.0,0.03333330095550213,-0.08193793925201343,-0.11756197353836705,2.9297331043224757,2.560266881372409,0.0757236366343586
2022-10-28,2.880000114440918,2.890000104904175,2.7100000381469727,2.759999990463257,1144400,61.81819324651139,1042530.0,0.03225811964818637,-0.06653972610720915,-0.10735752405213547,2.9411443417028806,2.5758556659265137,0.07703290939890677
2022-10-31,2.8499999046325684,2.940000057220459,2.805000066757202,2.869999885559082,1142800,60.17699096372577,1032175.0,-0.010416739102864003,-0.05611049065246165,-0.09710811737220071,2.9510956253497733,2.5789043698818555,0.0704342809476769
2022-11-01,2.7300000190734863,2.950000047683716,2.7300000190734863,2.9200000762939453,979300,50.86206825678178,1017805.0,-0.0421052244121225,-0.056872641886049013,-0.08906102227497037,2.9245194351171206,2.585480555346136,0.06930184969679594
2022-11-02,2.640000104904175,2.799999952316284,2.619999885559082,2.7300000190734863,1200800,45.45454903709419,1024200.0,-0.03296700129689223,-0.06400112797845026,-0.08404904341566635,2.9169853069196345,2.5730147026171086,0.0777287306829306
2022-11-03,2.6600000858306885,2.7300000190734863,2.619999885559082,2.640000104904175,774000,47.89916134749393,979140.0,0.00757575004991895,-0.0672613265469808,-0.08069150004192925,2.9020171895959224,2.567982839014307,0.08147336095104295
2022-11-04,2.7300000190734863,2.740000009536743,2.630000114440918,2.7200000286102295,754600,45.13274747060014,954905.0,0.026315763527856362,-0.06346506207222236,-0.07724621244798788,2.900480569767449,2.5785194502597113,0.07848845459230674
2022-11-07,2.6600000858306885,2.759999990463257,2.5999999046325684,2.75,677300,44.347830774203274,940330.0,-0.02564100100869393,-0.06535157247664047,-0.0748672844537184,2.897134527997485,2.585865512056836,0.08139240145256406
2022-11-08,2.7200000286102295,2.75,2.5899999141693115,2.680000066757202,704200,50.44247750267271,924990.0,0.02255636873816247,-0.06129854020735648,-0.07215353560444603,2.8917801130122696,2.601219941347167,0.08111854012614915
2022-11-09,2.490000009536743,2.7200000286102295,2.4700000286102295,2.7200000286102295,1513700,42.857140296255714,960970.0,-0.08455882965229367,-0.07577210858107497,-0.07287725019977181,2.9203441706729025,2.55065588082551,0.10506146383169315
2022-11-10,2.859999895095825,2.869999885559082,2.5950000286102295,2.630000114440918,1794100,53.086417027679516,996710.0,0.14859433098071317,-0.056732638702995164,-0.06964832790041649,2.93402574524321,2.5479742957647855,0.11046603036023972
2022-11-11,2.7699999809265137,3.0199999809265137,2.7149999141693115,2.869999885559082,1752700,51.19047517679165,1047025.0,-0.031468502612059024,-0.04834862965871212,-0.06538838825207562,2.9368620728421906,2.551137962443759,0.11076406321061442
2022-11-14,2.640000104904175,2.809999942779541,2.609999895095825,2.799999952316284,1552200,42.42424067277404,1076225.0,-0.046931363508116775,-0.05159934054991666,-0.06263057871164383,2.926643643668391,2.541356410691045,0.10483893423852932
2022-11-15,2.690000057220459,2.7899999618530273,2.6500000953674316,2.7699999809265137,2221300,49.66887438131543,1146530.0,0.018939375124797264,-0.04956956695454817,-0.0600183763602247,2.9207124974310514,2.5372875664651278,0.10504051477350483
2022-11-16,2.569999933242798,2.75,2.549999952316284,2.75,1104500,42.857140645467325,1167530.0,-0.04460971056694163,-0.056987052609334565,-0.059412111610046676,2.926435042710455,2.5175650106953067,0.11042622919909131
2022-11-17,2.5399999618530273,2.5799999237060547,2.381999969482422,2.549999952316284,2313900,38.51350480574679,1245165.0,-0.01167314092180416,-0.06454220800404231,-0.06043813088884581,2.934521024125722,2.495479018789622,0.10663945192361061
2022-11-18,2.4700000286102295,2.609999895095825,2.4200000762939453,2.5999999046325684,996000,37.49999803931995,1245175.0,-0.027559029249642264,-0.0753100058169398,-0.06341250587446462,2.944456441301909,2.456543605428133,0.10896363820501395
2022-11-21,2.369999885559082,2.509999990463257,2.3299999237060547,2.509999990463257,2087600,37.999991734819965,1316180.0,-0.04048588740600689,-0.09086530034887996,-0.0689030647693477,2.967040300521703,2.3979597328568985,0.1302934252704812
2022-11-22,2.4000000953674316,2.4749999046325684,2.299999952316284,2.369999885559082,924900,41.666665286929344,1293760.0,0.012658316986067009,-0.09962381579120017,-0.07504721497371819,2.951551765727781,2.3644482666971456,0.14385775927335345
2022-11-23,2.490000009536743,2.509999990463257,2.365000009536743,2.430000066757202,702700,44.370857476507865,1257750.0,0.037499962747098436,-0.09817110606679114,-0.07967199319233279,2.949624070249031,2.3453759583611986,0.14665500889093028
2022-11-25,2.509999990463257,2.5199999809265137,2.440000057220459,2.450000047683716,321100,42.46575141136469,1233105.0,0.008032120823258326,-0.09431874405989094,-0.08260134336584442,2.9337648153310756,2.333235216140177,0.14340444345246164
2022-11-28,2.2799999713897705,2.505000114440918,2.259999990463257,2.5,1013100,38.27160057762056,1226540.0,-0.09163347408261802,-0.10857323410524833,-0.0877957215137252,2.9195463029998288,2.287453714166309,0.1626430036314293
2022-11-29,2.2799999713897705,2.299999952316284,2.190000057220459,2.2899999618530273,1608400,35.897433546167775,1249820.0,0.0,-0.11850398004841711,-0.09393737322066359,2.9001234913418035,2.2498765325000543,0.1710471929920419
2022-11-30,2.509999990463257,2.5199999809265137,2.2699999809265137,2.2799999713897705,2103100,50.64102505320861,1306010.0,0.10087720261386246,-0.10658642643052607,-0.09646718386263609,2.8818480592839366,2.2461519616968983,0.17080931956963444
2022-12-01,2.5799999237060547,2.6500000953674316,2.450000047683716,2.4800000190734863,1936900,38.8888899401172,1342815.0,0.02788841972460654,-0.09045061138368693,-0.09526386936684626,2.876954710664402,2.2450452921966213,0.14295931788989866
2022-12-02,2.5399999618530273,2.555000066757202,2.4700000286102295,2.5299999713897705,958200,40.49586728006576,1352025.0,-0.015503861641813277,-0.07996869499755954,-0.09220483449298893,2.867578416659755,2.2424215738035014,0.12212632553329363
2022-12-05,2.3299999237060547,2.549999952316284,2.2850000858306885,2.549999952316284,1304900,37.98449096624751,1379540.0,-0.08267718161451054,-0.08759718298029417,-0.09128330419044998,2.8515937199466728,2.2184062609798407,0.12107577525127755
2022-12-06,2.259999990463257,2.3299999237060547,2.25,2.3299999237060547,799500,33.58778598168108,1385650.0,-0.03004289078750577,-0.09815970034248611,-0.09265858342085721,2.8484350650534256,2.181564906336345,0.11497013179870971
2022-12-07,2.2100000381469727,2.255000114440918,2.180000066757202,2.25,1461700,35.483875309391365,1423525.0,-0.022123872799678757,-0.10930514802934876,-0.09598789634255553,2.834721493580267,2.144278478763178,0.12311211047470663
2022-12-08,2.1500000953674316,2.25,2.119999885559082,2.2300000190734863,1142800,34.645674317212354,1404980.0,-0.027149294906731902,-0.12157801389714606,-0.10110591985347364,2.84962900715419,2.0953709737723236,0.13546012424801648
2022-12-09,2.140000104904175,2.240000009536743,2.0850000381469727,2.1600000858306885,1758500,36.3636399461844,1403200.0,-0.004651158148691992,-0.13060572270349047,-0.10700588042347702,2.7948749634415937,2.0781250384657546,0.1475681667754358
2022-12-12,2.1500000953674316,2.190000057220459,2.059999942779541,2.130000114440918,1640200,40.17857979146887,1397575.0,0.00467289251077152,-0.13539260959226418,-0.11268322625723445,2.7493772435253696,2.061622769826071,0.15785822263086172
2022-12-13,2.109999895095825,2.25,2.0799999237060547,2.25,1254400,37.16813132349966,1382685.0,-0.018604743487125486,-0.14079098299297277,-0.11830477760438213,2.72842957356916,2.029570418801445,0.1687380159289503
2022-12-14,2.109999895095825,2.1500000953674316,2.059999942779541,2.119999885559082,1091500,31.730763058690414,1326195.0,0.0,-0.14341602217594396,-0.1233270265186945,2.6867960054904185,2.0132039706677234,0.17058397997490196
2022-12-15,2.0899999141693115,2.130000114440918,2.059999942779541,2.069999933242798,1205000,29.807687899064575,1331220.0,-0.009478664417471583,-0.14543374625729966,-0.12774837046641552,2.6651878590008664,1.9868121152499274,0.1671677303232302
2022-12-16,2.119999885559082,2.119999885559082,2.0250000953674316,2.0999999046325684,3403300,40.47618439408325,1385690.0,0.014354053886023399,-0.14296405947220014,-0.13079150826757246,2.640386644216007,1.969613322405392,0.1716308249336359
2022-12-19,2.009999990463257,2.259999990463257,2.0,2.140000104904175,1918400,35.789471834980176,1431810.0,-0.05188674577065666,-0.14817482003884352,-0.1342681706218267,2.63249436534038,1.9315055974663218,0.1834543303004498
2022-12-20,1.9500000476837158,2.049999952316284,1.9199999570846558,2.009999990463257,1234300,14.102555481245005,1389145.0,-0.029850717942397798,-0.15535504304026437,-0.13848554510551422,2.6385767414789623,1.8834232375402031,0.18023944454452553
2022-12-21,1.9299999475479126,2.009999990463257,1.909999966621399,1.9700000286102295,1386600,5.4794475808104295,1412230.0,-0.010256461357301072,-0.16080559562440166,-0.14294955520929173,2.636544883598024,1.838455080639189,0.15590923981790525
2022-12-22,1.8300000429153442,1.9500000476837158,1.809999942779541,1.909999966621399,1620300,5.063287319041393,1458110.0,-0.05181342349755991,-0.1712206295499059,-0.14860377007741457,2.6242480027959085,1.7847519647791645,0.133097081305705
2022-12-23,1.7999999523162842,1.850000023841858,1.7649999856948853,1.8300000429153442,1470100,6.557371923276094,1515560.0,-0.01639349174618998,-0.17982249378947213,-0.1548475148198261,2.5999059836253102,1.7380939801350663,0.13772085951981838
2022-12-27,1.6299999952316284,1.8200000524520874,1.6200000047683716,1.8200000524520874,1736100,5.6337980873119164,1551710.0,-0.09444442310450929,-0.19807383706324155,-0.1634927792685092,2.626194819432659,1.646805146711903,0.16754366957695646
2022-12-28,1.7699999809265137,1.7699999809265137,1.649999976158142,1.6799999475479126,1574800,22.49999478459327,1550030.0,0.08588956202726306,-0.19894798080277698,-0.17058381957536278,2.6218877374200655,1.6001122296781707,0.16969429797973185
2022-12-29,1.8200000524520874,1.8899999856948853,1.725000023841858,1.7899999618530273,3170100,29.113923477603223,1603380.0,0.028248628284956778,-0.19337702810319013,-0.17514246128092828,2.566710439772286,1.5862895335248326,0.16792200165517493
2022-12-30,1.8700000047683716,1.899999976158142,1.7699999809265137,1.7699999809265137,1196700,33.73493456774786,1566370.0,0.02747250048093086,-0.18281999457140952,-0.17667796793902454,2.477584806438295,1.6044151749650561,0.16120594045836786
2023-01-03,1.9299999475479126,2.0899999141693115,1.850000023841858,1.9700000286102295,1457100,37.4999915334311,1591315.0,0.03208553081633436,-0.16767907549063343,-0.17487818944934633,2.380448768467817,1.6405512115050227,0.14969745898225487
2023-01-04,2.109999895095825,2.2850000858306885,1.8799999952316284,1.9600000381469727,7373700,50.0,1894755.0,0.09326422406208068,-0.1395466892213526,-0.16781188940374758,2.3414741309040115,1.6575258462078049,0.14969745898225487
2023-01-05,2.1500000953674316,2.25,2.065000057220459,2.2200000286102295,3793300,51.88680200145661,2044445.0,0.01895744182953618,-0.1127244710203763,-0.15679440572707334,2.321568395328242,1.6664315922739918,0.15379626660485185
2023-01-06,2.299999952316284,2.319999933242798,2.0799999237060547,2.2200000286102295,3142500,58.823532358114385,2128485.0,0.06976737223038021,-0.07845950269012603,-0.1411274251196839,2.3407079841874174,1.6562919948317476,0.17887313716909728
2023-01-09,2.369999885559082,2.4100000858306885,2.2799999713897705,2.390000104904175,1953200,60.16260343830667,2169005.0,0.03043475421480002,-0.045135564136343564,-0.12192905292301584,2.3847598540271813,1.6342401040111494,0.20788968913360012
2023-01-10,2.3499999046325684,2.4200000762939453,2.2799999713897705,2.380000114440918,1090700,64.91227868374526,2135615.0,-0.008438810925003759,-0.02010813994006666,-0.10156487032642601,2.4214708950551835,1.6185290429559855,0.23233286012249696
2023-01-11,2.359999895095825,2.4000000953674316,2.3399999141693115,2.359999895095825,951500,68.80733393105677,2101180.0,0.004255315263436366,0.0005271134693565216,-0.08114647356726952,2.4565206447494243,1.604479273234584,0.25236460688784124
2023-01-12,2.6700000762939453,2.700000047683716,2.3399999141693115,2.369999885559082,2790600,76.81159896025312,2177990.0,0.1313560148211501,0.04141768699431747,-0.05663364145495213,2.5712951702904068,1.5457047658134142,0.3050310612899907
2023-01-13,2.5999999046325684,2.700000047683716,2.559999942779541,2.640000104904175,1762900,78.51850785672954,2211560.0,-0.026217292007923665,0.06739840541274633,-0.03182723208141244,2.6501015199467637,1.5158984171107313,0.32731087293520417
2023-01-17,2.5799999237060547,2.6549999713897705,2.5199999809265137,2.630000114440918,1767700,79.10447323022265,2239695.0,-0.0076923006385033466,0.08539015606082145,-0.008383754452965665,2.716653784416058,1.498346153595112,0.33430670858965117
2023-01-18,2.9200000762939453,3.2100000381469727,2.8350000381469727,2.859999895095825,5267700,92.71522462538094,2332915.0,0.1317830087760219,0.12563566909910762,0.018420130257448993,2.8569215253504687,1.438078431734187,0.34873082348291584
2023-01-19,2.7799999713897705,2.9149999618530273,2.7699999809265137,2.890000104904175,1773600,83.44369794364829,2325675.0,-0.04794524015282309,0.1445672089048493,0.04364954598692906,2.9457894107882376,1.4262105443890691,0.3414135148782705
2023-01-20,2.809999942779541,2.880000114440918,2.6730000972747803,2.8299999237060547,1718900,83.2214646433735,2349905.0,0.010791356726084,0.16014528243725135,0.06694869327699352,3.0288394189922077,1.4291605256946822,0.32684305221312915
2023-01-23,2.680000066757202,2.9000000953674316,2.6649999618530273,2.869999885559082,2338900,75.79617553891131,2397520.0,-0.04626330201763207,0.1601549478590063,0.08558994419339608,3.077562306801922,1.455437649805897,0.29302610824500197
2023-01-24,2.549999952316284,2.8499999046325684,2.5399999618530273,2.8499999046325684,1052000,68.90243383868123,2369105.0,-0.048507504180109184,0.14796701337239915,0.09806535802919669,3.095704669802716,1.5092952777451967,0.2482123148256131
2023-01-25,2.569999933242798,2.615000009536743,2.424999952316284,2.5,1577400,65.54053662204804,2374470.0,0.007843129921766057,0.1383272681548373,0.10611774005432482,3.10574691889624,1.5762530267443242,0.2189999922243992
2023-01-26,2.559999942779541,2.7200000286102295,2.505000114440918,2.640000104904175,1284800,64.13792298325052,2351905.0,-0.0038910469739347198,0.1284006620567748,0.11057432445481483,3.0798909471172866,1.6951089932780687,0.186500491977218
2023-01-27,2.7899999618530273,2.8399999141693115,2.559999942779541,2.559999942779541,1659800,66.01306751591443,2356155.0,0.08984375945874512,0.13750773102789537,0.11596100576943094,3.0883347687927563,1.7886651696952507,0.17587618728264975
2023-01-30,2.75,2.869999885559082,2.700000047683716,2.759999990463257,1082400,62.66666645473911,2251770.0,-0.014336904085998858,0.13988497920755893,0.12074580045705655,3.0792000292999413,1.890799903942857,0.1643385411616303
2023-01-31,2.9000000953674316,2.9100000858306885,2.759999990463257,2.759999990463257,1152700,66.871165374965,2249570.0,0.054545489224520516,0.15211918434392757,0.12702047723443077,3.0828862405832136,1.99011370171949,0.15496902582299674
2023-02-01,2.9600000381469727,3.0,2.859999895095825,2.930000066757202,1471900,67.8571413366167,2250310.0,0.02068963476083585,0.16475715606174157,0.13456781299989293,3.085683093431639,2.090316857930971,0.14209581406096605
2023-02-02,3.1500000953674316,3.3399999141693115,3.049999952316284,3.059999942779541,2706600,65.38461185771428,2016955.0,0.06418920769318759,0.1879378261481368,0.1452418156295417,3.1446729582235347,2.135327013166236,0.18095599995011732
2023-02-03,2.9000000953674316,3.1600000858306885,2.890000104904175,3.0899999141693115,3293000,58.620693907584034,1991940.0,-0.07936507696227191,0.18401455825402335,0.15299636415443804,3.1384316527878244,2.2165683186019463,0.17866420338101885
2023-02-06,2.8499999046325684,2.950000047683716,2.8299999237060547,2.9000000953674316,1270500,57.62711613271695,1898340.0,-0.017241444513996895,0.174855121660082,0.15736811565556683,3.1357399726969892,2.2742599939244097,0.16994024000650035
2023-02-07,2.799999952316284,2.880000114440918,2.7100000381469727,2.8499999046325684,1633300,45.94594246284095,1882345.0,-0.017543843505051004,0.16169767375458255,0.15823402727537,3.1288236017214563,2.324176371575663,0.1662928442081562
2023-02-08,2.7200000286102295,2.8299999237060547,2.6500000953674316,2.7799999713897705,1814500,47.88732607197689,1918535.0,-0.028571401810159047,0.14316466311982445,0.1552201544442609,3.1063717409420626,2.3836282447528223,0.16732055115300484
2023-02-09,2.6500000953674316,2.7890000343322754,2.619999885559082,2.759999990463257,1044000,44.520553313985495,1923160.0,-0.025735269303862496,0.12142895170148771,0.1484619138957063,3.0763580039208196,2.4426420018012265,0.17090743745009243
2023-02-10,2.680000066757202,2.75,2.5799999237060547,2.619999885559082,1851800,50.0,1876220.0,0.011320743513260512,0.10540890256207147,0.13985131162897932,3.0762944085325965,2.4437055962357754,0.17090743745009243
2023-02-13,2.6500000953674316,2.700000047683716,2.569999933242798,2.680000066757202,1213800,53.96825967492194,1848765.0,-0.011194018896451219,0.08926318084554419,0.1297336854722923,3.0742270066060304,2.4507730172358273,0.16273928125067175
2023-02-14,2.809999942779541,2.869999885559082,2.5799999237060547,2.619999885559082,5386700,58.571429787850015,2029715.0,0.06037729873738917,0.08835967523902477,0.1214588834256388,3.074133361156793,2.4738666645924132,0.15105673220391855
2023-02-15,2.9000000953674316,2.9100000858306885,2.7799999713897705,2.7899999618530273,1529000,61.48649149345074,1842780.0,0.03202852470483175,0.09382435196185179,0.1159319771328814,3.0712122764077034,2.474787751248852,0.136504646874356
2023-02-16,2.759999990463257,2.890000104904175,2.750999927520752,2.809999942779541,966100,48.9208644199405,1802405.0,-0.04827589665525056,0.08586847091801397,0.10991927588990794,3.0702475737750214,2.4737524557888824,0.13728130261238547
2023-02-17,2.809999942779541,2.819999933242798,2.7200000286102295,2.7899999618530273,733900,52.14285495329892,1753155.0,0.018115924814873674,0.08264527289558776,0.10446447529104391,3.0702475737750214,2.4737524557888824,0.13585707510736456
2023-02-21,2.6700000762939453,2.819999933242798,2.6700000762939453,2.7799999713897705,1430500,41.72661722425174,1707735.0,-0.04982201755744997,0.06801006831055645,0.09717359389494643,3.070429729807149,2.472570300710429,0.13984489102195208
2023-02-22,2.7699999809265137,2.7750000953674316,2.6700000762939453,2.680000066757202,908900,43.356640558439736,1700580.0,0.03745314673225475,0.06374589678800913,0.09048805447355897,3.0627161360009447,2.502283897377656,0.13299591046761064
2023-02-23,2.859999895095825,2.880000114440918,2.799999952316284,2.809999942779541,1205900,39.09773425213541,1682005.0,0.032490943967157904,0.06685805302985592,0.08576205418481836,3.0604268431420696,2.533573186421834,0.08845744527740473
2023-02-24,2.7200000286102295,2.8399999141693115,2.680000066757202,2.7799999713897705,1237600,42.622945373397826,1679645.0,-0.04895100406320296,0.057366356428123044,0.0800829146334793,3.0469656575180237,2.5630343806289493,0.08147333635050623
2023-02-27,2.809999942779541,2.859999895095825,2.759999990463257,2.7799999713897705,947900,48.41269901340065,1644050.0,0.033088203390680304,0.056455574677557685,0.07535744664229498,3.04786992919686,2.564130107042764,0.07875747987161492
2023-02-28,2.950000047683716,2.990000009536743,2.7899999618530273,2.799999952316284,1784600,55.555561442436556,1679160.0,0.049822102403921154,0.06626673039608022,0.07353930339305204,3.0645664413560945,2.5674335996519013,0.09371452559144673
2023-03-01,2.9000000953674316,2.9600000381469727,2.815000057220459,2.950000047683716,1262900,56.818187154688026,1684670.0,-0.016949136104436047,0.06920975670990748,0.07267339405642312,3.0645664413560945,2.5674335996519013,0.09875041586433851
2023-03-02,2.9000000953674316,2.9200000762939453,2.7880001068115234,2.8499999046325684,1749400,60.00000381469872,1698545.0,0.0,0.0707268313807421,0.07228408152128692,3.0556260163846045,2.570374030345437,0.09571305108763047
2023-03-03,3.0899999141693115,3.234999895095825,2.9100000858306885,2.9100000858306885,2029800,64.53900817150455,1664705.0,0.06551717674264657,0.08626609957279063,0.07508048513158766,3.0359948485312556,2.5840051800789743,0.11680732820871421
2023-03-06,3.0199999809265137,3.1700000762939453,2.9600000381469727,3.0999999046325684,1598800,62.758622617416265,1579995.0,-0.022653700707825464,0.0918736101816906,0.07843911014160825,3.057869865704331,2.5741301514618065,0.11514204327232647
2023-03-07,2.990000009536743,3.140000104904175,2.880000114440918,3.0399999618530273,1650800,56.818187154688026,1599010.0,-0.009933765423590035,0.09282680612985938,0.08131664933925849,3.0768212886635142,2.569178738993041,0.11969052431311399
2023-03-08,2.8399999141693115,3.0299999713897705,2.7799999713897705,3.0299999713897705,1962700,47.82607944490602,1615480.0,-0.0501672558157189,0.08054993715817504,0.0811633069030418,3.0786885411472493,2.5713114826946084,0.11952514802519401
2023-03-09,2.8299999237060547,2.950000047683716,2.819999933242798,2.859999895095825,1605200,52.799998931884154,1605015.0,-0.003521123508970825,0.06921563958319732,0.07877377343907291,3.079326678801804,2.5816733345496363,0.11627930492792825
2023-03-10,3.069999933242798,3.240000009536743,2.8399999141693115,2.8399999141693115,2782300,59.02778157205667,1691930.0,0.08480565936639639,0.07869200959908706,0.07875742067107575,3.1069891637610945,2.5960108333778824,0.12651714871548858
2023-03-13,2.7699999809265137,2.999000072479248,2.759999990463257,2.940000057220459,2074100,53.12499813735418,1703045.0,-0.09771985629960533,0.061288120855831796,0.07526356070802695,3.1017555066348725,2.6102444819210353,0.11567289426716976
2023-03-14,2.9200000762939453,2.930000066757202,2.799999952316284,2.859999895095825,1447200,54.54545848625842,1714715.0,0.05415165935028621,0.058919974936941344,0.07199484355380983,3.0965612968792997,2.64243868976926,0.11008737285226769
2023-03-15,2.7300000190734863,2.8499999046325684,2.5999999046325684,2.809999942779541,2115400,46.28571732190232,1551150.0,-0.06506851104661837,0.04123643753062911,0.0658431623491737,3.0996816434057357,2.631318350872218,0.11927435275189771
2023-03-16,2.6700000762939453,2.759999990463257,2.6449999809265137,2.759999990463257,939700,48.502995294302075,1521685.0,-0.021978000864594893,0.022125563072836307,0.05709964249390622,3.103158545670711,2.6048414466998944,0.12552525297299927
2023-03-17,2.5399999618530273,2.680000066757202,2.5250000953674316,2.6500000953674316,3196000,42.10526389171614,1633180.0,-0.048689180047276515,-0.0034698669343722344,0.04498574060825053,3.126667679524894,2.5593323099846885,0.156127580303999
2023-03-20,2.440000057220459,2.619999885559082,2.4149999618530273,2.569999933242798,1686400,34.73053772531807,1680805.0,-0.0393700417852032,-0.031460924239092414,0.029696407638781945,3.1606374687606094,2.488362532193065,0.1920979993252789
2023-03-21,2.5899999141693115,2.619999885559082,2.4800000190734863,2.509999990463257,976800,41.24293146057533,1658120.0,0.06147534976688718,-0.04106691018574127,0.015543744073877304,3.1661481101020965,2.4748518746391146,0.20182680882672988
2023-03-22,2.509999990463257,2.6600000858306885,2.5,2.5899999141693115,1110800,39.45945472243497,1668215.0,-0.03088800245451473,-0.05450672887051322,0.0015336494849991986,3.179684144044371,2.435315841650514,0.21553535083321315
2023-03-23,2.5299999713897705,2.7300000190734863,2.4800000190734863,2.5199999809265137,1524300,33.33333333333333,1684135.0,0.007968119921316186,-0.06281990196705989,-0.01133706080541262,3.1821602077753073,2.399839785548972,0.20664376416544072
2023-03-24,2.5199999809265137,2.559999942779541,2.390000104904175,2.5,1672700,34.567900144405144,1705890.0,-0.003952565445193956,-0.06941489549028868,-0.02295262774238783,3.1896382948278936,2.3723616937280148,0.19878338084670638
2023-03-27,2.5299999713897705,2.6600000858306885,2.4000000953674316,2.6600000858306885,2263800,35.62499795109022,1771685.0,0.003968250213867153,-0.07299314023090231,-0.032960730240090726,3.1903749081965738,2.3436250832203576,0.18671979616252243
2023-03-28,2.509999990463257,2.549999952316284,2.4700000286102295,2.5199999809265137,1000500,38.77551119707877,1732480.0,-0.007905130890387913,-0.07656021774853095,-0.04168062774177877,3.174025813355125,2.31597417233976,0.1855019876164834
2023-03-29,2.6700000762939453,2.7200000286102295,2.5,2.5799999237060547,1665700,45.06173275571277,1752620.0,0.06374505435801137,-0.06571891587700485,-0.04648828536882399,3.1573308767148407,2.3096691070726956,0.17864570064757068
2023-03-30,2.75,2.8299999237060547,2.6500000953674316,2.7300000190734863,4846900,39.04109667335816,1907495.0,0.0299625173858038,-0.05009432458940655,-0.047209493212940504,3.1426735067491363,2.3093264675016574,0.1349073951539643
2023-03-31,2.859999895095825,2.9000000953674316,2.740000009536743,2.7799999713897705,1520300,53.54330442585697,1882020.0,0.039999961853027344,-0.028507039788465693,-0.043469002528045544,3.1004356045545878,2.3285643677888572,0.1444143218602627
2023-04-03,2.759999990463257,2.8949999809265137,2.7300000190734863,2.869999885559082,1291000,43.44261702399176,1866630.0,-0.03496500290228777,-0.019246258735186927,-0.03862445376947383,3.0606964396090057,2.342303533688113,0.12432896015945637
2023-04-04,2.7100000381469727,2.799999952316284,2.6600000858306885,2.7799999713897705,767500,49.07407448288529,1822465.0,-0.018115924814873563,-0.01575993064476977,-0.03405154914453302,3.0202002402777532,2.3547997358803885,0.12301388462393939
2023-04-05,2.630000114440918,2.740000009536743,2.549999952316284,2.6700000762939453,1109600,48.18181896997918,1779810.0,-0.029520266634666337,-0.019230636959088443,-0.0310873667074441,3.002615184867872,2.351384811317431,0.12206329662621677
2023-04-06,2.569999933242798,2.630000114440918,2.5399999618530273,2.630000114440918,1032400,51.45631000541418,1751170.0,-0.022813756116841444,-0.02651703799085059,-0.0301733009641254,2.984617814575355,2.343382182563622,0.12098495980686157
2023-04-10,2.609999895095825,2.630000114440918,2.5199999809265137,2.559999942779541,751700,58.762882290235176,1649640.0,0.015564187895738879,-0.028732688132977025,-0.02988517839789573,2.898837169345512,2.3831628239787674,0.11036652167242922
2023-04-11,2.6600000858306885,2.6989998817443848,2.619999885559082,2.619999885559082,1200800,54.02299890053394,1605975.0,0.01915716197108419,-0.02615253911866544,-0.02913865054204967,2.88634910512725,2.384650898687447,0.11024448322024864
2023-04-12,2.430000066757202,2.700000047683716,2.4200000762939453,2.700000047683716,2077000,46.07843503911701,1637465.0,-0.08646616979399824,-0.0421806000834728,-0.031747040450334295,2.8395791252818285,2.3824208775791944,0.1186925009965635
2023-04-13,2.2899999618530273,2.4749999046325684,2.2699999809265137,2.440000057220459,2298100,39.47368476089233,1646600.0,-0.05761321031196631,-0.06542560664274655,-0.03848275368881675,2.8515301949399703,2.326469802199007,0.1472532367564886
2023-04-14,2.140000104904175,2.3299999237060547,2.140000104904175,2.309999942779541,1697000,35.15625451109382,1684465.0,-0.06550212202950223,-0.09485771596410553,-0.04975774614387451,2.889648730852199,2.235351269147801,0.19259361273621167
2023-04-17,2.0299999713897705,2.1600000858306885,1.850000023841858,2.140000104904175,4980200,31.884059473336862,1773675.0,-0.05140192902903151,-0.12561100068752662,-0.06492839705260493,2.9418183266446247,2.1321816743090496,0.24247803870055018
2023-04-18,1.9299999475479126,2.049999952316284,1.8799999952316284,2.049999952316284,2125300,30.136986972467312,1795620.0,-0.049261096182871555,-0.156251200014486,-0.08319295764498115,2.998046360258649,2.0249536297277704,0.29305889640709704
2023-04-19,1.940000057220459,2.0,1.8899999856948853,1.909999966621399,1409200,22.137407706087814,1817240.0,0.005181404116229027,-0.17767868418549604,-0.10209010295308413,3.026488033687861,1.9315119706036736,0.3243090616783888
2023-04-20,1.9199999570846558,2.0199999809265137,1.8799999952316284,1.9199999570846558,1475700,16.8000077819802,1835485.0,-0.010309329662834377,-0.19403722040796945,-0.12047952644406121,3.0508834907674425,1.848116510186232,0.34083284833670413
2023-04-21,1.940000057220459,1.9900000095367432,1.9199999570846558,1.9299999475479126,1711000,10.344853809402935,1844820.0,0.010416719053562673,-0.20304703743288677,-0.13699302864182633,3.061314434308417,1.7786855752283257,0.3321194057290203
2023-04-24,1.8799999952316284,1.9500000476837158,1.8250000476837158,1.909999966621399,1250100,10.714311183090771,1823690.0,-0.03092786609233189,-0.21257841426424795,-0.15211010576631068,3.0708300227501395,1.705169988217115,0.32683632561725845
2023-04-25,1.8300000429153442,1.8700000047683716,1.7699999809265137,1.8700000047683716,1750900,10.714311183090771,1798045.0,-0.026595719384629013,-0.22161207134807537,-0.16601049888266362,3.0757753511955306,1.6302246669242813,0.31874755227832957
2023-04-26,1.8200000524520874,1.8600000143051147,1.7799999713897705,1.8200000524520874,922500,11.42859737887352,1794145.0,-0.005464475534834423,-0.22696194925585722,-0.17820078895730235,3.074814467932876,1.5621855563858191,0.30802542577186837
2023-04-27,1.8799999952316284,1.9199999570846558,1.809999942779541,1.840000033378601,847000,17.142877254345834,1753210.0,0.03296700057711699,-0.22378066785924533,-0.18731676473769096,3.040519245090619,1.517480771121844,0.2889085157851496
2023-04-28,1.9800000190734863,2.0299999713897705,1.840000033378601,1.8799999952316284,1603700,21.62164281050245,1591050.0,0.053191502178454586,-0.210760794004325,-0.19200557059101778,2.979274934824588,1.501725083295224,0.2483849104996825
2023-05-01,2.0299999713897705,2.059999942779541,1.9509999752044678,1.9800000190734863,875400,21.621625975502184,1558805.0,0.025252500926581378,-0.19416960554000484,-0.1924383775808152,2.882424828028925,1.515575197720282,0.17525492265578577
2023-05-02,1.9500000476837158,2.069999933242798,1.9299999475479126,2.0199999809265137,1291500,25.00000620881538,1558830.0,-0.039408829967266135,-0.18533981241727426,-0.191018664548107,2.796433361997619,1.5205666694736337,0.1250142784264337
2023-05-03,2.059999942779541,2.115000009536743,1.9700000286102295,1.9700000286102295,1188400,37.63440846432041,1579875.0,0.056410201233834556,-0.16753482831156674,-0.18632189730079896,2.709542733211599,1.5424572887229104,0.08962988539947082
2023-05-04,2.0299999713897705,2.128999948501587,2.009999990463257,2.059999942779541,970500,43.20986982054149,1572920.0,-0.014563093312173536,-0.1540689857377715,-0.17987131498819348,2.630037241027108,1.5619627666022864,0.0756219402814447
2023-05-05,2.119999885559082,2.119999885559082,2.049999952316284,2.059999942779541,998100,55.69619737437755,1571205.0,0.04433493371317443,-0.13458357192727144,-0.17081376637600906,2.559180201615363,1.5878198012456595,0.08651046068255429
2023-05-08,2.140000104904175,2.2300000190734863,2.109999895095825,2.119999885559082,1344000,64.78874019818625,1600820.0,0.009434066238082961,-0.116188047063285,-0.15988862251346428,2.4670069177744347,1.6329931060674234,0.09982400360104643
2023-05-09,2.25,2.2799999713897705,2.119999885559082,2.200000047683716,1495500,69.13580028881029,1615555.0,0.051401817618486056,-0.09167659809310669,-0.14624621762939277,2.349202174722078,1.7097978405367111,0.12491094372802197
2023-05-10,2.380000114440918,2.4200000762939453,2.2799999713897705,2.319999933242798,2049300,75.00000971814906,1614170.0,0.057777828640408035,-0.061057344350892606,-0.12920844297369274,2.334047078944227,1.7199529410829335,0.1609808597905885
2023-05-11,2.369999885559082,2.4200000762939453,2.299999952316284,2.380000114440918,1116400,73.62636196600465,1555085.0,-0.0042017766390675115,-0.03716982939983593,-0.11080072025892139,2.3541359487913436,1.7078640636064222,0.18379992944019766
2023-05-12,2.0,2.3299999237060547,1.909999966621399,2.2699999809265137,2541200,54.918033347530965,1597295.0,-0.15611810271113125,-0.04754661249531811,-0.09814989870620074,2.343235916036687,1.704764085870662,0.1778936484424975
2023-05-15,2.369999885559082,2.369999885559082,2.0999999046325684,2.109999895095825,2289200,67.5324642149545,1462745.0,0.18499994277954102,-0.025619068636691722,-0.08364373269229894,2.395810510493391,1.6861894828308883,0.18266643389891263
2023-05-16,2.5999999046325684,2.619999885559082,2.3299999237060547,2.3499999046325684,3608100,72.15908833063565,1536885.0,0.09704642623610482,0.010200166034894487,-0.06487495294686026,2.503867894066054,1.6451320949666914,0.20831609328767148
2023-05-17,2.930000066757202,2.930000066757202,2.5899999141693115,2.5999999046325684,3528600,75.86206957300467,1642855.0,0.12692314393421844,0.06447222703214894,-0.03900551695105842,2.69348358508162,1.5545164049048001,0.2789944667756079
2023-05-18,3.1500000953674316,3.180000066757202,2.9000000953674316,2.9600000381469727,3275400,77.20930289293764,1732840.0,0.07508533228591907,0.12380820614098864,-0.006442772332649005,2.9074702710936355,1.463529732721062,0.36158687916279103
2023-05-19,3.25,3.369999885559082,3.0999999046325684,3.259999990463257,8604700,77.72727277653277,2077525.0,0.03174600050953447,0.17686278950303702,0.030218340034488204,3.1048433362287313,1.3971566618639204,0.42891636368923747
2023-05-22,3.240000009536743,3.390000104904175,3.200000047683716,3.25,5013000,80.28168761839777,2265670.0,-0.0030769201425405734,0.21561652036793744,0.06729797610117805,3.260553042358901,1.3774469571642614,0.462088570377248
2023-05-23,3.140000104904175,3.3399999141693115,3.0399999618530273,3.3399999141693115,2775600,75.47170044731597,2316905.0,-0.03086416800562486,0.23554476132709334,0.10094733314636112,3.3643061419940636,1.4046938637279824,0.47438164076768785
2023-05-24,3.0399999618530273,3.174999952316284,2.990000009536743,3.049999952316284,2331900,73.05935739996193,2387375.0,-0.031847178251670494,0.24049656535281239,0.12885717958765136,3.4292303151539594,1.4617696815081809,0.4627153748981265
2023-05-25,2.9000000953674316,3.109999895095825,2.7950000762939453,3.069999933242798,2953000,67.41071704166853,2492675.0,-0.04605258823761926,0.23046740177464997,0.14917922402505107,3.4623871517650606,1.5306128549106592,0.4415781075917317
2023-05-26,3.059999942779541,3.130000114440918,2.9049999713897705,2.950000047683716,2506800,69.32772869326676,2537830.0,0.05517235936222864,0.23274690643688878,0.16589276050741864,3.5155628966122445,1.585437102434081,0.420227593366842
2023-05-30,3.069999933242798,3.140000104904175,3.000999927520752,3.0999999046325684,2003300,67.98245490202721,2594225.0,0.003267970800735931,0.2326781767768864,0.1792498437613122,3.5615318870664536,1.6434681081651752,0.3999011095284648
2023-05-31,2.9800000190734863,3.119999885559082,2.878999948501587,3.059999942779541,1835700,63.392856382593735,2621435.0,-0.029315933591648635,0.22279324526592115,0.187958524062234,3.5753811526028683,1.7326188397677378,0.3806414838600178
2023-06-01,2.990000009536743,3.0329999923706055,2.9100000858306885,2.9700000286102295,1408000,63.839291368745386,2632415.0,0.0033557014762590764,0.213307406480713,0.19302830054592984,3.5889398274739963,1.812060171572329,0.3538330406166517
2023-06-02,2.9600000381469727,3.119999885559082,2.7850000858306885,3.049999952316284,2206900,75.26316397077942,2694235.0,-0.010033435215412778,0.20105146776057436,0.19463293398885878,3.583511591931613,1.9104884137904325,0.23840591575956302
2023-06-05,3.0,3.0850000381469727,2.930000066757202,2.9600000381469727,2002600,70.06370181210303,2744460.0,0.01351350045186761,0.19234893189961833,0.1941761335710107,3.57986730113407,2.002132716032068,0.16229976857351308
2023-06-06,3.119999885559082,3.1600000858306885,2.9600000381469727,2.990000009536743,2990800,67.80822387576625,2826800.0,0.039999961853027344,0.1929113356212504,0.19392317398105866,3.578761434919839,2.1012385603117893,0.10901405037380263
2023-06-07,3.140000104904175,3.2899999618530273,3.0999999046325684,3.1500000953674316,2140200,59.13043946985642,2859035.0,0.006410326948300238,0.19274900463158184,0.19368834011116332,3.5795494518819746,2.1894505538400715,0.10419761163423263
2023-06-08,3.059999942779541,3.1500000953674316,3.009999990463257,3.130000114440918,1174200,45.54454580777414,2815280.0,-0.025477757787232713,0.18404347306413182,0.19175936670175703,3.575102950800794,2.261897037755114,0.10191840418954526
2023-06-09,3.25,3.509999990463257,3.1500000953674316,3.2300000190734863,7536200,50.0,3136270.0,0.062091523128550374,0.19028223810364064,0.19146394098213376,3.5811871033682348,2.343812896631765,0.10191840418954526
2023-06-12,3.7699999809265137,3.880000114440918,3.380000114440918,3.450000047683716,7191400,66.45962751315042,3368780.0,0.1599999941312349,0.23448318083695385,0.2000677889530978,3.5914053437888125,2.510594654303839,0.21092156869102638
2023-06-13,4.400000095367432,4.619999885559082,3.9600000381469727,4.010000228881836,11440200,79.43925067049652,3826330.0,0.16710878451678113,0.3166977954599135,0.22339379025446093,3.883350309088867,2.4216497099846195,0.4056280072794478
2023-06-14,4.599999904632568,4.875,4.400000095367432,4.730000019073486,11176100,84.82143085221878,4204730.0,0.04545450112051319,0.3934562641177428,0.2574062850271173,4.184636756007096,2.3203632630663904,0.5486266512362177
2023-06-15,4.449999809265137,4.650000095367432,4.429999828338623,4.53000020980835,4872100,84.44443808661566,4271905.0,-0.0326087170602698,0.4371450138446482,0.2933540307906235,4.38895217811634,2.2680478152079395,0.6127890430964222
2023-06-16,3.990000009536743,4.5,3.9700000286102295,4.449999809265137,6878400,68.23529576760265,4452055.0,-0.10337074594265139,0.42969724098745665,0.32062267282999013,4.467106672130614,2.2738933126105976,0.6213597060356029
2023-06-20,3.950000047683716,4.230000019073486,3.75,4.230000019073486,4329100,67.05426628805549,4238275.0,-0.010025053072035384,0.415774376510071,0.3396530135660063,4.530235712068582,2.2807642774410004,0.6207368673989041
2023-06-21,3.7100000381469727,3.9200000762939453,3.690000057220459,3.869999885559082,3456000,63.3699636258837,4160425.0,-0.060759495351773385,0.3809826799164808,0.34791894683610125,4.558804785148561,2.299195207222045,0.5997366442523075
2023-06-22,3.490000009536743,3.6519999504089355,3.430000066757202,3.5999999046325684,4715300,58.503401195044724,4257410.0,-0.05929919847658882,0.3318326853751996,0.3447016945439209,4.568270646120956,2.324729336712906,0.5750417853645255
2023-06-23,3.380000114440918,3.4100000858306885,3.255000114440918,3.4000000953674316,5064400,56.95364369116804,4394035.0,-0.03151859449720362,0.28076836542352934,0.33191502871984263,4.569526991459982,2.3574730066326692,0.5474099652324051
2023-06-26,3.3299999237060547,3.4700000286102295,3.319999933242798,3.3499999046325684,2042800,55.44554291841002,4348525.0,-0.014792955337853186,0.23357244864580995,0.3122465127050361,4.561221426179538,2.4087785547469758,0.523139281089675
2023-06-27,3.390000104904175,3.5199999809265137,3.315000057220459,3.359999895095825,2148300,54.545457464567356,4330600.0,0.01801807284468171,0.1987201357258419,0.2895412373091973,4.560263396538749,2.442736600600227,0.5052368284030848
2023-06-28,3.8499999046325684,4.059999942779541,3.494999885559082,3.5299999713897705,7945600,60.41055398618025,4627715.0,0.13569315206301336,0.20584471634265222,0.2728019331158883,4.589759842690052,2.491240151587902,0.4787942471214194
2023-06-29,4.019999980926514,4.769999980926514,3.950000047683716,4.349999904632568,14762000,63.71428625924246,5274030.0,0.044155865066227706,0.2226421036374746,0.26276996722020557,4.627790401940981,2.5572095885222756,0.4380626325305686
2023-06-30,4.119999885559082,4.489999771118164,4.060999870300293,4.199999809265137,7040700,62.756597133271654,5555665.0,0.02487559828533148,0.24124241822789694,0.25846445742174384,4.669070109440739,2.628929868624752,0.41074907273532174
2023-07-03,4.230000019073486,4.53000020980835,4.139999866485596,4.199999809265137,4347800,57.66666730244955,5662710.0,0.026699062274240237,0.26184105235284827,0.25913977640796476,4.7098411475856,2.715158828572543,0.4187927048630786
2023-07-05,4.849999904632568,4.889999866485596,4.119999885559082,4.329999923706055,9533300,57.52508099853217,6039245.0,0.14657207630341418,0.3244543200753678,0.27220268514144536,4.865277944870749,2.7447220217506505,0.4721588864105697
2023-07-06,4.309999942779541,5.0,4.210000038146973,4.909999847412109,6879500,45.64564611866,6233680.0,-0.11134020050953741,0.3267358938973235,0.283109326892621,4.896094996286157,2.8329049760572875,0.4473615663361578
2023-07-07,4.679999828338623,4.789999961853027,4.329999923706055,4.389999866485596,5590900,53.23943714943232,6406215.0,0.08584684233672335,0.3543156261511786,0.29735058674433257,4.975292603025592,2.9077073416612973,0.4713645775843585
2023-07-10,4.829999923706055,4.860000133514404,4.389999866485596,4.650000095367432,5284900,62.96296160025961,6611750.0,0.03205130360457309,0.38385171314688593,0.31465081202484324,5.048998352699016,3.0110015900805247,0.5270235182760111
2023-07-11,4.480000019073486,4.900000095367432,4.369999885559082,4.880000114440918,6411200,57.46478842970067,6555500.0,-0.07246374951575851,0.3746979232366874,0.3266602342672121,5.059477154053391,3.123522790633499,0.5412261736004219
2023-07-12,4.929999828338623,5.070000171661377,4.5,4.579999923706055,8905400,66.22340253517594,6641200.0,0.10044638556903429,0.39915350939387384,0.34115888929254445,5.173742323698013,3.125257605730088,0.5795057003687644
2023-07-13,5.099999904632568,5.449999809265137,4.869999885559082,5.0,9447400,71.69811296504237,6541560.0,0.03448277529681665,0.42732637062430445,0.35839238555889646,5.289445181815031,3.0795547285395823,0.6010119114799812
2023-07-14,4.900000095367432,5.179999828338623,4.880000114440918,5.099999904632568,5877400,70.00000125483473,6276625.0,-0.03921564960882995,0.4285749082210213,0.37242889009132146,5.3358925968038395,3.063107332624261,0.568152948107441
2023-07-17,5.28000020980835,5.349999904632568,4.769999980926514,4.900000095367432,4635500,73.60775371924356,6264795.0,0.07755104225409681,0.4549824620972558,0.38893960449250836,5.472548397538902,3.0094515719435195,0.5346340000438928
2023-07-18,5.269999980926514,5.579999923706055,5.110000133514404,5.269999980926514,6835300,73.03921594408008,6262640.0,-0.0018939826675118399,0.4696894166809713,0.40508956693020093,5.6123315041306965,2.9976684624907017,0.4667593712708181
2023-07-19,4.690000057220459,5.159999847412109,4.679999828338623,5.159999847412109,9167700,60.00000227065324,6504570.0,-0.11005691191749978,0.4295915733192297,0.4099899682080067,5.648914365248081,3.0350856023269914,0.4088855347152611
2023-07-20,4.760000228881836,4.769999980926514,4.460000038146973,4.699999809265137,4792300,59.02439347765838,6571385.0,0.014925409553803393,0.398864312888354,0.4077648371440762,5.6786786131191676,3.110321373529391,0.36025100819543254
2023-07-21,4.519999980926514,4.769999980926514,4.491000175476074,4.760000228881836,2907300,54.716981980842164,6480985.0,-0.0504202177342542,0.35109946726785957,0.3964317631688329,5.6580343830134705,3.2339656007740665,0.3205429953446454
2023-07-24,4.579999923706055,4.630000114440918,4.440000057220459,4.5,3252900,54.176609783446516,6390410.0,0.013274323679807187,0.31446205411435546,0.38003782135793746,5.6098192134437,3.40218075127035,0.28675527130746864
2023-07-25,4.78000020980835,4.860000133514404,4.550000190734863,4.630000114440918,3712600,49.07162219728559,6473900.0,0.043668185465919995,0.2981283537644783,0.36365592783924566,5.538155109717829,3.618844883606451,0.2863996154441954
2023-07-26,4.860000133514404,4.940000057220459,4.650000095367432,4.670000076293945,3069000,58.30815892764378,6519935.0,0.016736384977954266,0.2883155812644649,0.34858785852428953,5.4378110810809765,3.866188915104326,0.2504282238764893
2023-07-27,4.559999942779541,4.929999828338623,4.510000228881836,4.929999828338623,3216100,48.14815032847303,6283460.0,-0.06172843261177541,0.2534102248452692,0.32955233178848553,5.379282652779082,3.9957173472209178,0.25800163508804025
2023-07-28,4.78000020980835,4.889999866485596,4.630000114440918,4.670000076293945,4674300,49.24471751727813,5779075.0,0.04824567319944029,0.24072473641833714,0.31178681271445585,5.3423332448506535,4.108666778037531,0.25826238233347987
2023-07-31,6.730000019073486,6.869999885559082,5.230000019073486,5.28000020980835,41685500,72.9124198870003,7511315.0,0.40794973298616655,0.38359820193498706,0.3261490905585621,5.894022452012614,3.8179775842270107,0.5571059407579625
2023-08-01,6.550000190734863,7.099999904632568,6.4019999504089355,6.550000190734863,14109100,67.45689737119926,7999380.0,-0.026745888236030524,0.47680565212261516,0.35628040287137275,6.213961189685454,3.7300388637203077,0.6964241631238169
2023-08-02,6.409999847412109,6.730000019073486,6.059999942779541,6.239999771118164,6695400,64.20823897872883,7857485.0,-0.021374097594804353,0.5332296309832136,0.391670248493741,6.446084792245182,3.653915255438534,0.7798467573713505
2023-08-03,6.039999961853027,6.380000114440918,6.010000228881836,6.289999961853027,4296700,61.92468189333036,7728345.0,-0.05772229241291804,0.5418441006899872,0.4217050189329903,6.553751255110346,3.719248794480719,0.8062274562895662
2023-08-04,5.599999904632568,6.119999885559082,5.570000171661377,6.099999904632568,4757800,53.30578121573349,7686690.0,-0.07284769205287711,0.5073187478820946,0.43882776472281115,6.597083820023376,3.767916237197084,0.8109893976083273
2023-08-07,5.630000114440918,5.739999771118164,5.559999942779541,5.650000095367432,3923300,53.70370424878492,7618610.0,0.005357180414151896,0.47688073893889005,0.44643835956602695,6.640354211965096,3.80464586432885,0.815828617702936
2023-08-08,5.710000038146973,5.730000019073486,5.25,5.5,3804000,61.69724457092049,7488250.0,0.014209577634084924,0.45398051799482353,0.4479467912517863,6.672651762770528,3.895348315430766,0.8005729153115181
2023-08-09,5.760000228881836,5.840000152587891,5.53000020980835,5.78000020980835,3261000,61.52073439056382,7206030.0,0.008756600770722489,0.43485380149618713,0.44532819330066653,6.719207318584882,3.9317927996707334,0.784138421545497
2023-08-10,5.829999923706055,6.005000114440918,5.659999847412109,5.800000190734863,10622600,65.70743128314346,7264790.0,0.012152724312965324,0.420496904664188,0.44036193557337083,6.7690140267454595,3.9549860934175043,0.739592977945215
2023-08-11,5.769999980926514,6.949999809265137,5.409999847412109,6.860000133514404,37222500,64.26858392532984,8832045.0,-0.010291585517105739,0.3996703159311865,0.432223611644934,6.806153617169595,4.004846491549277,0.6848312971359934
2023-08-14,6.559999942779541,6.78000020980835,5.730000019073486,5.769999980926514,21255100,68.69747528761494,9663025.0,0.13691507183093155,0.44181848050835004,0.43414258541761724,6.96009471074432,3.97890537127167,0.6773643688530173
2023-08-15,6.349999904632568,6.739999771118164,6.199999809265137,6.639999866485596,10959000,65.23517041417742,9869210.0,-0.03201220121626913,0.45305343853846836,0.4379247560417875,7.061171138428797,3.9858289359578,0.6392474717420613
2023-08-16,5.940000057220459,6.329999923706055,5.710000038146973,6.059999942779541,18760700,63.80000114440918,10348860.0,-0.06456690607396687,0.4239862134005472,0.4351370475135395,7.08207764734228,4.089922427044317,0.5148070756689144
2023-08-17,5.989999771118164,6.289999961853027,5.61299991607666,5.96999979019165,11414000,62.525876810340115,10679945.0,0.008417460171052937,0.40036957585811184,0.428183553182454,7.1011324287131234,4.193867599897105,0.3834294237727496
2023-08-18,6.159999847412109,6.820000171661377,5.880000114440918,5.929999828338623,18340300,40.65573401426728,11451595.0,0.028380648211979942,0.3908651556547733,0.4207198736769179,7.0978562214549425,4.361143793803847,0.3341546434764793
2023-08-21,7.0,7.46999979019165,6.210000038146973,6.329999923706055,27065500,56.06468739404512,12642225.0,0.1363636645122297,0.44597292800213406,0.42577048454196115,7.218856207515785,4.4821438153724,0.40338195908129065
2023-08-22,7.050000190734863,7.320000171661377,6.550000190734863,7.25,14904800,58.83978402700848,13201835.0,0.007142884390694659,0.4880548397516842,0.4382273555839058,7.335060267598657,4.592939753382178,0.47651725237300774
2023-08-23,7.21999979019165,7.489999771118164,7.019999980926514,7.079999923706055,11575400,67.25146149908974,13627155.0,0.02411341771028619,0.529024341623221,0.4563867527917689,7.459206883352735,4.704793103295824,0.5619280779052341
2023-08-24,6.559999942779541,7.449999809265137,6.489999771118164,7.289999961853027,12244400,63.186815921962186,14078570.0,-0.09141272390460697,0.5024446262974109,0.4655983274928973,7.371543840709296,4.992456145939264,0.5435096283590318
2023-08-25,5.78000020980835,6.670000076293945,5.619999885559082,6.639999866485596,19989500,51.70842975529775,14844330.0,-0.11890239935592095,0.41367199740003,0.4552130614743239,7.244274099744596,5.219725886903964,0.5316509307013759
2023-08-28,6.389999866485596,6.445000171661377,5.860000133514404,6.010000228881836,12466400,56.91056926328155,13383375.0,0.10553626895066714,0.3880675229002666,0.44178395375951246,7.203193397948066,5.226806573441705,0.5077833436666918
2023-08-29,6.900000095367432,7.0,6.159999847412109,6.320000171661377,13095800,60.59479688992194,13332710.0,0.07981224405914245,0.40426839420982574,0.43428084184957516,7.257387606223239,5.207612355629789,0.503944879573219
2023-08-30,6.929999828338623,7.050000190734863,6.679999828338623,6.900000095367432,8405900,60.29962704003084,13418235.0,0.004347787327036778,0.41474747841633075,0.4303741691629263,7.327769715706388,5.18923024423929,0.49511236295254646
2023-08-31,6.96999979019165,7.320000171661377,6.900000095367432,7.019999980926514,12602800,61.27819636481493,13833540.0,0.00577200041036896,0.42142200028245025,0.42858373538683114,7.414395172657191,5.195604770122351,0.46743863898974086
2023-09-01,6.460000038146973,7.119999885559082,6.420000076293945,7.03000020980835,9781800,49.00793716495439,14084740.0,-0.0731706983352226,0.3811650557092374,0.41909999945131243,7.4079025604719995,5.288097395658982,0.4681551127696452
2023-09-05,6.329999923706055,6.539999961853027,6.070000171661377,6.53000020980835,9045700,49.79838723245078,14340860.0,-0.020123856605766877,0.33491057370121347,0.40226211430129266,7.387874326850058,5.378125610207437,0.4688423670719852
2023-09-06,6.309999942779541,6.5,6.199999809265137,6.300000190734863,6149900,54.04813990677362,14458155.0,-0.003159554686819721,0.29325922238225743,0.38046153591748566,7.367856730560393,5.458143196960358,0.44153141327436646
2023-09-07,6.369999885559082,6.454999923706055,5.980000019073486,6.119999885559082,7250300,54.14847379800049,14657620.0,0.009508707341304934,0.26207073205628895,0.35678337514524633,7.348184216981547,5.53881567620693,0.4135991541822638
2023-09-08,6.809999942779541,6.820000171661377,6.199999809265137,6.389999866485596,10076100,56.70103336041966,14630295.0,0.06907379358325394,0.2697484637779599,0.33937639287178906,7.362778149335963,5.622221745759862,0.39626826493724926
2023-09-11,6.96999979019165,7.079999923706055,6.710000038146973,6.940000057220459,9361300,49.64028513727827,13237235.0,0.023494838290234243,0.2854532446779219,0.32859176323301564,7.377322040203088,5.72767783581925,0.3942979011636137
2023-09-12,6.519999980926514,7.099999904632568,6.480000019073486,6.820000171661377,10414700,44.201308412443645,12695215.0,-0.0645623849083019,0.25860711108633794,0.3145948328036801,7.375439443097162,5.725560436739875,0.3776618991014643
2023-09-13,6.46999979019165,6.710000038146973,6.429999828338623,6.449999809265137,5490600,41.57303154069661,12421795.0,-0.0076687409326891,0.230638106748426,0.2978034875926293,7.377033090122563,5.735966778270381,0.3350487234769729
2023-09-14,6.610000133514404,6.789999961853027,6.460000038146973,6.460000038146973,7124300,50.636134847143936,11839975.0,0.021638384522823406,0.2172648332245437,0.2816957567190122,7.357552412168724,5.8224474638536154,0.33537245216924927
2023-09-15,6.449999809265137,6.690000057220459,6.130000114440918,6.639999866485596,19077000,60.120840045908906,12223125.0,-0.02420579743077833,0.19154768612783357,0.2636661426007765,7.330806487204739,5.895193392632298,0.2535473469769939
2023-09-18,6.269999980926514,6.480000019073486,6.260000228881836,6.449999809265137,4769100,47.91666873627231,11544565.0,-0.027906950955263854,0.1548570838782961,0.24190433085628044,7.323258886104334,5.913741007084143,0.26326873744591295
2023-09-19,6.210000038146973,6.28000020980835,6.039999961853027,6.230000019073486,5033900,35.802466955476945,10442985.0,-0.00956936889347082,0.119559812220281,0.21743542712908054,7.282282389459484,5.8757175075436905,0.2669155847039644
2023-09-20,5.980000019073486,6.480000019073486,5.980000019073486,6.28000020980835,6324000,31.939167910129797,10013945.0,-0.03703703988093965,0.0721951698017822,0.1883873756636209,7.240614075786552,5.810385804050484,0.28277369215148046
2023-09-21,5.510000228881836,5.849999904632568,5.494999885559082,5.800000190734863,7703800,26.143797571714515,9820365.0,-0.07859528239006097,-0.0032294782599286975,0.15006400487891097,7.212119229414588,5.667880694291467,0.3497384431036449
2023-09-22,5.190000057220459,5.610000133514404,5.139999866485596,5.579999923706055,7735000,27.874567586009704,9594895.0,-0.05807625378743686,-0.08781313954325931,0.10248857599447693,7.3214089446772315,5.421590990472915,0.4703142911113867
2023-09-25,5.03000020980835,5.349999904632568,4.909999847412109,5.110000133514404,13873400,27.58621256643451,9289090.0,-0.03082848663739679,-0.1658451908887919,0.04882182261782316,7.430182644855078,5.237817290295068,0.5771071239757554
2023-09-26,4.800000190734863,5.119999885559082,4.789999961853027,4.980000019073486,7687100,25.723477697437787,9050125.0,-0.04572564800792511,-0.24343901963672376,-0.009630345833086223,7.546686427282687,4.962313540292387,0.6846193778689159
2023-09-27,4.909999847412109,5.070000171661377,4.770999908447266,4.78000020980835,5413700,26.898732458125863,8666020.0,0.02291659423046921,-0.29268277017852196,-0.06624083070217338,7.5409670664572,4.769032876322341,0.7462878021932187
2023-09-28,4.949999809265137,5.090000152587891,4.75,4.880000114440918,5626700,16.304342380167455,8527060.0,0.008146631995133324,-0.3247377598833534,-0.11794021653840939,7.490879635632261,4.621120305239931,0.7528323239073085
2023-09-29,5.059999942779541,5.21999979019165,5.010000228881836,5.019999980926514,5240800,14.760150912800043,8158960.0,0.022222250051103565,-0.3373764134186583,-0.16182745591445918,7.393486830636162,4.527513125494819,0.7054060962792532
2023-10-02,4.840000152587891,5.195000171661377,4.800000190734863,5.079999923706055,4443500,16.129035979478317,7892045.0,-0.043478219897133186,-0.36098358776025563,-0.2016586822836185,7.37536750787587,4.383632459699204,0.7001522199297282
2023-10-03,4.789999961853027,4.849999904632568,4.675000190734863,4.75,3655100,16.129035979478317,7622515.0,-0.010330617594738856,-0.37935408329722,-0.2371977624863388,7.358078973759159,4.24692099763061,0.6817156651421654
2023-10-04,4.960000038146973,5.0,4.730000019073486,4.809999942779541,3991800,17.13146895685307,7514610.0,0.03549062163837258,-0.37586253857712126,-0.26493071770449533,7.314826657275358,4.155173323651155,0.6084229898611809
2023-10-05,4.909999847412109,4.974999904632568,4.710000038146973,4.900000095367432,3716500,17.916662361886083,7337920.0,-0.010080683538370105,-0.37283228327296314,-0.2865110308181889,7.253167634971832,4.070832342139984,0.5289700860123913
2023-10-06,5.079999923706055,5.110000133514404,4.739999771118164,4.78000020980835,4196400,25.104599922628665,7043935.0,0.03462323453707361,-0.35264809102804673,-0.2997384428601605,7.090150821261114,4.060849153943353,0.43936769988740254
2023-10-09,5.170000076293945,5.239999771118164,4.900000095367432,5.0,4511200,28.5123981598027,6801430.0,0.01771656573613334,-0.3256359841792573,-0.3049179511239799,6.858556100173996,4.112443903640702,0.31948794121875335
2023-10-10,5.389999866485596,5.590000152587891,5.090000152587891,5.179999828338623,7117500,37.7593321588497,6636570.0,0.042553150279516894,-0.28321186040290325,-0.3005767329797646,6.712923222208812,4.1450767701617925,0.213620049799984
2023-10-11,5.369999885559082,5.610000133514404,5.269999980926514,5.510000228881836,4599700,46.42856273984787,6592025.0,-0.0037105716923800935,-0.2483415412742236,-0.29012969463865645,6.560723042420606,4.187276959486742,0.19224094272389491
2023-10-12,5.110000133514404,5.400000095367432,5.079999923706055,5.369999885559082,3729100,47.894738427159844,6422265.0,-0.048417087073663656,-0.23893210860119485,-0.2798901774311642,6.337113633692688,4.26088636821466,0.1883371070252757
2023-10-13,5.110000133514404,5.230000019073486,5.019999980926514,5.179999828338623,3388000,52.2988486847514,5637815.0,0.0,-0.22883717293313843,-0.26967957653155905,6.119352083814789,4.344647950517487,0.18966277060287917
2023-10-16,5.199999809265137,5.309999942779541,5.059999942779541,5.199999809265137,3221300,62.49999254941674,5560425.0,0.017612460547791642,-0.21114074295744611,-0.25797180981673645,5.919261366355654,4.437738650810484,0.18197480072029107
2023-10-17,5.21999979019165,5.309999942779541,5.03000020980835,5.130000114440918,3005800,60.26490045312169,5459020.0,0.003846150319251729,-0.1932744162307003,-0.24503233109952924,5.690047886980787,4.567952105389818,0.18108339291131972
2023-10-18,5.019999980926514,5.199999809265137,4.960000038146973,5.119999885559082,3960500,52.09581402546882,5340845.0,-0.03831414124593169,-0.193028425189806,-0.23463154991758461,5.474842056022832,4.6871579325330766,0.17807420530649698
2023-10-19,5.119999885559082,5.420000076293945,5.070000171661377,5.210000038146973,6268300,51.80722787740455,5269070.0,0.019920299803290353,-0.18265874266354576,-0.22423698846677687,5.400742083621259,4.722257870602374,0.17807420398233903
2023-10-20,4.869999885559082,5.114999771118164,4.869999885559082,5.070000171661377,4440300,50.88756628461374,5104335.0,-0.04882812609139364,-0.1923957863519341,-0.21786874804380835,5.389377162465369,4.701622774592126,0.1749599430226197
2023-10-23,4.820000171661377,5.0289998054504395,4.630000114440918,4.78000020980835,3614600,50.88758064265832,4591395.0,-0.010266881945103945,-0.2018205608762491,-0.21465911061029652,5.393388070420366,4.676611862822432,0.17108729623059932
2023-10-24,4.960000038146973,5.039999961853027,4.820000171661377,4.820000171661377,2964400,50.0,4355260.0,0.02904561441900122,-0.19573661355170557,-0.21087461119857837,5.386118705824579,4.699881212159429,0.17108729623059932
2023-10-25,4.550000190734863,5.130000114440918,4.539999961853027,5.110000133514404,5315100,41.089111014379725,4350330.0,-0.08266125892315168,-0.2214459120106298,-0.21298887136098865,5.429734979186762,4.6202649731295224,0.22102773400124254
2023-10-26,4.679999828338623,4.889999866485596,4.510000228881836,4.510000228881836,3887600,39.898977857636034,4263375.0,0.028571347726199514,-0.22869458316520763,-0.21613001372183246,5.443838680881085,4.579161273342547,0.244357138338815
2023-10-27,4.449999809265137,4.800000190734863,4.425000190734863,4.71999979019165,3661000,33.01884543218807,4184385.0,-0.04914530502346948,-0.2501151152703516,-0.2229270340315363,5.4798786644496,4.4821212764225935,0.28736102087763254
2023-10-30,4.690000057220459,4.71999979019165,4.389999866485596,4.539999961853027,3973500,33.64485231629389,4160885.0,0.053932642301608436,-0.24490194981475089,-0.22732201718817924,5.485637851766814,4.4613620795686355,0.2730867239414989
2023-10-31,4.75,4.789999961853027,4.559999942779541,4.659999847412109,2337000,35.779808687541944,4094980.0,0.012793164615673813,-0.2332403352923107,-0.22850568080900555,5.486956791373511,4.456043143776635,0.24715633617581526
2023-11-01,4.710000038146973,4.840000152587891,4.579999923706055,4.710000038146973,2691600,39.79590868561934,4029970.0,-0.008421044600637306,-0.22463661334656937,-0.22773186731651832,5.487588896789015,4.430411038361131,0.24366362395681457
2023-11-02,5.130000114440918,5.195000171661377,4.877999782562256,4.929999828338623,6424600,50.42016789886398,4165375.0,0.08917198999836606,-0.18183156455826222,-0.21855180676486713,5.50342974722902,4.436570214624008,0.2452459739588226
2023-11-03,5.46999979019165,5.5,5.199999809265137,5.199999809265137,4629600,55.13308205392542,4187035.0,0.06627673843391069,-0.11910020958379519,-0.19866148732865277,5.566587867958516,4.412412080543071,0.2812295944543814
2023-11-06,5.349999904632568,5.610000133514404,5.230000019073486,5.519999980926514,4554500,52.380955707918396,4189200.0,-0.021937822698687492,-0.07816708519445292,-0.17456260690181283,5.592798223608909,4.404201707726539,0.2948318223098278
2023-11-07,5.360000133514404,5.489999771118164,5.210000038146973,5.320000171661377,3422200,56.692919002981924,4004435.0,0.0018692016934760414,-0.044408441443630764,-0.14853177381017643,5.587275506463856,4.406724451574474,0.3187035734251176
2023-11-08,5.210000038146973,5.510000228881836,5.199999809265137,5.360000133514404,4770500,51.737455220558424,4012975.0,-0.02798509172220498,-0.02941910205057585,-0.12470923945825632,5.562076593868256,4.415923379428864,0.3238674184831929
2023-11-09,5.260000228881836,5.400000095367432,5.119999885559082,5.269999980926514,6423200,58.159005082008036,4147680.0,0.00959696552183642,-0.013351437999668647,-0.1024376791665388,5.580074256495598,4.412925726338264,0.33502255733430747
2023-11-10,4.96999979019165,5.284999847412109,4.78000020980835,5.110000133514404,6776600,52.85170365025175,4317110.0,-0.055133160850039276,-0.02374459730829237,-0.08669906279488952,5.570695630625571,4.4083043178760155,0.3327144546896528
2023-11-13,5.199999809265137,5.199999809265137,4.880000114440918,4.989999771118164,6193600,54.411760065382786,4465725.0,0.04627767178730946,-0.013269212369776184,-0.07201309270986686,5.570695630625571,4.4083043178760155,0.3384515500381658
2023-11-14,5.980000019073486,5.989999771118164,5.480000019073486,5.480000019073486,9265800,73.13915108497406,4778725.0,0.15000004584972837,0.05731145310659169,-0.046148183546575156,5.753494767965143,4.301505203424628,0.4062891862378021
2023-11-15,6.449999809265137,6.579999923706055,6.03000020980835,6.099999904632568,9700000,75.80174311050399,5065700.0,0.07859528239006086,0.14944943407223477,-0.0070286600228131706,6.064159307943095,4.133840646280538,0.5274237443143054
2023-11-16,6.260000228881836,6.409999847412109,6.099999904632568,6.389999866485596,7904000,76.69616867711882,5147485.0,-0.02945730015532322,0.20477752176035668,0.0353325763338208,6.252144441664452,4.0598555468914554,0.5475003109985472
2023-11-17,6.320000171661377,6.440000057220459,6.171000003814697,6.369999885559082,5135000,75.38940958053482,5182220.0,0.009584655045652868,0.2505784118601264,0.07838174343908193,6.431588612274138,4.025411404892,0.5709621962386863
2023-11-20,6.239999771118164,6.650000095367432,6.130000114440918,6.440000057220459,6741600,73.0650083955805,5338570.0,-0.01265829088137238,0.2772249073438475,0.11815037622003505,6.56696285871025,4.032037118401567,0.5675825951508717
2023-11-21,5.900000095367432,6.21999979019165,5.829999923706055,6.150000095367432,6232100,66.85552388798678,5501955.0,-0.054487129522731825,0.26782005181002333,0.1480843113380327,6.630560595075144,4.062439387758719,0.5164970902797292
2023-11-22,6.019999980926514,6.085000038146973,5.860000133514404,5.960000038146973,3016200,63.77708763514015,5387010.0,0.020338963325323256,0.2669721353331358,0.17186187613705334,6.680158750797522,4.159841211055506,0.5021432325582645
2023-11-24,6.119999885559082,6.3379998207092285,5.849999904632568,5.860000133514404,2910100,60.86956591077086,5338135.0,0.016611279891927566,0.2712425961799605,0.1917380201456348,6.738613943153519,4.245386024421554,0.5079067242234673
2023-11-27,5.929999828338623,6.150000095367432,5.815000057220459,6.119999885559082,4570200,59.47712163677917,5383595.0,-0.031045761564275187,0.25634061539928865,0.20465853919636556,6.724790617918142,4.40720935156428,0.4953919532930679
2023-11-28,5.949999809265137,5.980000019073486,5.739999771118164,5.920000076293945,4422300,59.60911470293901,5406035.0,0.0033726781628116154,0.24333945383136957,0.21239472212336638,6.722423350475652,4.535576594211238,0.47980136452894145
2023-11-29,6.139999866485596,6.28000020980835,5.929999828338623,6.110000133514404,5826800,64.95176508702738,5580525.0,0.03193278374977382,0.2455369591181764,0.21902316952232842,6.731722284156497,4.665277647178952,0.4487075608062403
2023-11-30,5.980000019073486,6.199999809265137,5.949999809265137,6.179999828338623,5737800,61.18012169418179,5732835.0,-0.026058607637020947,0.23169698871891864,0.22155793336164648,6.690192309009585,4.833807620418516,0.40788120438501985
2023-12-01,6.300000190734863,6.309999942779541,5.849999904632568,5.920000076293945,6524600,70.46154762584212,5737835.0,0.05351173422085642,0.2437403647640659,0.22599441964213038,6.728232285502005,4.91276765155549,0.299759109768448
2023-12-04,6.510000228881836,6.539999961853027,6.199999809265137,6.28000020980835,6175800,70.27864714045292,5815145.0,0.03333333837922914,0.2671505300674122,0.23422564172718677,6.814209018600553,4.93079096232596,0.19957652874989001
2023-12-05,6.199999809265137,6.50600004196167,6.190000057220459,6.429999828338623,3760600,53.985503803554124,5775450.0,-0.04761911040208133,0.25771799898160896,0.23892411317807122,6.833866598165299,4.996133373224472,0.19373716035029512
2023-12-06,6.210000038146973,6.550000190734863,6.199999809265137,6.28000020980835,4657500,44.78261410401269,5837215.0,0.0016129401918516528,0.24818862110174944,0.24077701476280688,6.846423102085056,5.068576859767972,0.17649837993277503
2023-12-07,6.25,6.304999828338623,6.050000190734863,6.190000057220459,4333200,49.76743659952653,5815350.0,0.00644121765013117,0.24108510409467332,0.24083863262918018,6.83362255529919,5.185377402739141,0.1760323505705118
2023-12-08,6.730000019073486,6.739999771118164,6.15500020980835,6.21999979019165,7278200,57.97664871508189,5858100.0,0.07680000305175771,0.27106286176057814,0.24688347845545977,6.887647136919007,5.278352800138489,0.23206200095501575
2023-12-11,6.639999866485596,6.775000095367432,6.559999942779541,6.71999979019165,4079700,57.75193862921906,5723255.0,-0.013372979544252761,0.2842811741213209,0.254363017588632,6.816593979828376,5.516405964858514,0.26296286787845274
2023-12-12,6.349999904632568,6.817999839782715,6.309999942779541,6.659999847412109,4514900,58.89327444930035,5639320.0,-0.04367469392834755,0.26826383016358424,0.25714318010362247,6.6921160641873,5.7558838900363325,0.24989783019474082
2023-12-13,6.550000190734863,6.605000019073486,6.03000020980835,6.349999904632568,6820500,60.15325649498527,5517055.0,0.03149610852062956,0.26861193016880414,0.2594369301166588,6.727423877021188,5.777576094368582,0.2544592020469171
2023-12-14,6.900000095367432,7.014999866485596,6.619999885559082,6.659999847412109,10687800,63.63636212067077,5566445.0,0.05343509838788285,0.2937437737883837,0.26629829885100376,6.825884558728392,5.724115441271609,0.29920047065488564
2023-12-15,6.699999809265137,6.96999979019165,6.650000095367432,6.949999809265137,9973100,63.41462766262341,5669900.0,-0.028985548309857667,0.2941320184874323,0.2718650427782895,6.8795931654520235,5.714406792586306,0.2903739922248323
2023-12-18,6.429999828338623,6.789999961853027,6.369999885559082,6.789999961853027,5903900,57.69230475322389,5708345.0,-0.040298505763111,0.269545806955656,0.2714011956137628,6.888076664367094,5.716923259338961,0.2618121722461135
2023-12-19,6.670000076293945,6.690000057220459,6.440000057220459,6.46999979019165,4555200,58.359620786780944,5599025.0,0.03732507843897315,0.26635667745049396,0.27039229198110903,6.931094940836439,5.716905013387193,0.2563608491503523
2023-12-20,6.239999771118164,6.699999809265137,6.230000019073486,6.559999942779541,5168500,53.77906400523301,5545845.0,-0.06446781113302513,0.22652064933469962,0.26161796345182714,6.916313248013196,5.76568667378551,0.2267302557093925
2023-12-21,6.429999828338623,6.480000019073486,6.230000019073486,6.349999904632568,3675400,51.96373965166705,5578805.0,0.03044872823551592,0.20788535381615514,0.25087144152469276,6.917549088278726,5.805450818261191,0.2215195291037232
2023-12-22,6.449999809265137,6.539999961853027,6.375,6.5,3214600,49.038455366386486,5594030.0,0.0031104170233984263,0.19251142727221726,0.23919943867419768,6.923357482958886,5.832642415951636,0.2216088035797256
2023-12-26,6.460000038146973,6.525000095367432,6.380000114440918,6.5,2620300,54.609930517087335,5496535.0,0.0015504231283032244,0.1790702047651509,0.22717359189238834,6.908107029377599,5.9008928905137585,0.20652678428869115
2023-12-27,6.360000133514404,6.690000057220459,6.300000190734863,6.5,3596800,52.57732009441698,5455260.0,-0.01547986130682022,0.15852144596681583,0.21344316270727387,6.8819233754974825,5.968076576818802,0.1937825176073991
2023-12-28,6.239999771118164,6.380000114440918,6.130000114440918,6.300000190734863,3935000,49.83277218615202,5360670.0,-0.018867981112750454,0.13104280038133354,0.1969630902420858,6.8758463528659775,5.984153589913564,0.19483586490425311
2023-12-29,6.139999866485596,6.34499979019165,6.070000171661377,6.25,3600400,38.697321857581066,5253800.0,-0.016025626330215204,0.1000433813863344,0.17757914847093553,6.8546331702620735,6.021366757258678,0.2071736102402529
2024-01-02,5.809999942779541,6.050000190734863,5.75,6.019999980926514,5174600,35.43860465131843,5186300.0,-0.05374591708174414,0.04829121154889826,0.1517215610865281,6.913574769650409,5.913425133074811,0.2650244112178967
2024-01-03,5.590000152587891,5.809999942779541,5.550000190734863,5.75,3673000,36.33094543218496,5061160.0,-0.037865712970455045,-0.010355528271205117,0.11930614321498145,6.985540147476714,5.749459747619111,0.34413213115483676
2024-01-04,5.650000095367432,5.809999942779541,5.5,5.590000152587891,3655800,32.95454894379699,5055920.0,0.010733442064713383,-0.05139949676014144,0.08516501521995688,7.033731258044411,5.646268665661643,0.38637293221753044
2024-01-05,5.53000020980835,5.699999809265137,5.53000020980835,5.590000152587891,2699100,21.576775307678574,4958000.0,-0.021238917439571847,-0.09254334332159697,0.049623343511646115,7.08764188718232,5.5243580536898715,0.3936109800321138
2024-01-08,5.550000190734863,5.630000114440918,5.46999979019165,5.53000020980835,3626100,24.215260923951973,4922645.0,0.0036166329417204324,-0.12212848567251466,0.015272977674813962,7.122744825895581,5.419255134050098,0.3995855440239303
2024-01-09,5.409999847412109,5.545000076293945,5.309999942779541,5.400000095367432,3258100,25.714296094410088,4721640.0,-0.02522528621827247,-0.15508406919630158,-0.018798431699409146,7.1098988330669,5.3001011097126405,0.42881186771390484
2024-01-10,5.380000114440918,5.5,5.309999942779541,5.409999847412109,2170600,15.873023081437225,4626185.0,-0.005545237304496742,-0.18152977208931986,-0.05134469977739129,7.093621220727984,5.19037874684709,0.42105562269576624
2024-01-11,5.21999979019165,5.389999866485596,5.090000152587891,5.340000152587891,3624400,18.518526149655614,4581660.0,-0.02973983658844115,-0.21294418316112118,-0.08366459645413726,7.11603326109692,5.054966695034061,0.45323496640639527
2024-01-12,5.170000076293945,5.400000095367432,5.15500020980835,5.239999771118164,2290900,7.432441357890454,4355180.0,-0.009578489637423804,-0.23911848031564098,-0.11475537322643801,7.099541900102552,4.933458044584337,0.45915350566626406
2024-01-16,4.960000038146973,5.099999904632568,4.949999809265137,5.090000152587891,3831700,5.389230447678685,4012375.0,-0.04061896229168116,-0.2736525511542327,-0.14653480881199696,7.016778302408965,4.822221636555878,0.4652642926166988
2024-01-17,5.039999961853027,5.039999961853027,4.820000171661377,4.920000076293945,3508300,9.195394739005621,3689135.0,0.016129016752173708,-0.29120885147396613,-0.17546961734439082,6.936323317320465,4.736676636903168,0.43510828048340505
2024-01-18,5.019999980926514,5.25,4.860000133514404,5.21999979019165,3808100,9.638545910805021,3584345.0,-0.003968250213867153,-0.30324060830579835,-0.20102381553667234,6.886214179043343,4.64578579043908,0.39464613951928373
2024-01-19,5.059999942779541,5.114999771118164,4.869999885559082,5.019999980926514,3403500,12.658220207701888,3526760.0,0.007968119921316186,-0.30602058484040207,-0.2220231693974183,6.762757130332799,4.6082428257981825,0.3422043985603614
2024-01-22,5.309999942779541,5.849999904632568,5.150000095367432,5.449999809265137,10536200,26.011556551248162,3795145.0,0.04940711518322094,-0.2847681951186205,-0.23457217454165877,6.695566360830452,4.582433612466667,0.26679625687218383
2024-01-23,5.420000076293945,5.53000020980835,5.324999809265137,5.489999771118164,4447500,37.08609501566142,3833750.0,0.020715656252309644,-0.2560973014081709,-0.2388771999149612,6.580452313872364,4.596547684220287,0.2314895084037753
2024-01-24,5.010000228881836,5.590000152587891,5.010000228881836,5.550000190734863,4865000,32.941176800579385,3916270.0,-0.07564572723999974,-0.26342240326438926,-0.24378624058484683,6.452634822198147,4.580365217856175,0.22899809126470488
2024-01-25,4.980000019073486,5.119999885559082,4.949999809265137,5.050000190734863,3671100,29.940118392664814,3968810.0,-0.005988065556445155,-0.2685526576006749,-0.24873952398801247,6.294837327053319,4.5901627110936545,0.21205434563118342
2024-01-26,4.900000095367432,5.150000095367432,4.880000114440918,5.019999980926514,3547300,30.674844472112056,3966335.0,-0.016064241646516764,-0.2758934187854196,-0.2541703029474939,6.136818576261859,4.602181458070416,0.20768345505311503
2024-01-29,5.170000076293945,5.21999979019165,4.900000095367432,4.929999828338623,3954200,39.893614592839434,3967295.0,0.05510203585134166,-0.25696218284445305,-0.2547286789268857,5.968360902901377,4.663639161948476,0.17731356270514392
2024-01-30,4.989999771118164,5.159999847412109,4.920000076293945,5.099999904632568,3678000,39.06249844779577,3971175.0,-0.03481630609661657,-0.2535606726728812,-0.2544950776760848,5.798023264204993,4.718976791108117,0.16434519315216814
2024-01-31,4.829999923706055,5.21999979019165,4.820000171661377,4.96999979019165,4229400,36.585362449705315,3923915.0,-0.03206409914849684,-0.2607696121021279,-0.25574998456129344,5.715068068668459,4.703931984737303,0.16221678651575658
2024-02-01,4.949999809265137,5.065000057220459,4.874000072479248,4.920000076293945,2630400,43.28358173547396,3871785.0,0.02484469719556559,-0.253873267654777,-0.25537464117999015,5.66225180909897,4.692748209974516,0.1599605292652856
2024-02-02,4.940000057220459,4.960000038146973,4.78000020980835,4.889999866485596,3761800,44.162435442414164,3877085.0,-0.002020152006058873,-0.24637470715224286,-0.2535746543744407,5.5830801060078095,4.700919909250979,0.1593668972423223
2024-02-05,4.670000076293945,4.869999885559082,4.619999885559082,4.869999885559082,4600400,42.857142857142854,3972150.0,-0.05465586595123073,-0.25923053763411286,-0.2547058310263752,5.5484160242406695,4.64958397766668,0.18718417086767553
2024-02-06,5.059999942779541,5.074999809265137,4.670000076293945,4.699999809265137,4342400,50.42735007901438,4007965.0,0.08351174734778488,-0.23523747487166613,-0.25081215979543336,5.470664478753395,4.678335498358422,0.18741885094955807
2024-02-07,4.909999847412109,5.130000114440918,4.900000095367432,5.079999923706055,2508300,47.77327646036218,3970475.0,-0.02964428795725127,-0.2257245418549374,-0.2457946362073342,5.418708268610069,4.6802917085017475,0.18980615779662535
2024-02-08,5.179999828338623,5.230000019073486,4.909999847412109,4.909999847412109,3651800,52.22222025992926,4044535.0,0.05498981452490703,-0.19416056973823537,-0.23546782291351442,5.38079624962914,4.6982036988724465,0.1946764018531365
2024-02-09,5.400000095367432,5.449999809265137,5.25,5.25,4690100,51.685396067718735,4097820.0,0.04247109542846639,-0.1496684270378017,-0.2183079437383719,5.418152770918565,4.6788472081006,0.2060419987647163
2024-02-12,5.590000152587891,5.679999828338623,5.429999828338623,5.489999771118164,6242300,53.09091047807174,4295390.0,0.0351851951601736,-0.09794758785562596,-0.19423587256182273,5.50928349308345,4.629716493565111,0.23395786160596496
2024-02-13,5.159999847412109,5.269999980926514,5.079999923706055,5.210000038146973,5820100,52.70757389425441,4394810.0,-0.07692312941650148,-0.09061136967443328,-0.17351097198434487,5.517893039547414,4.64110692802766,0.23583500210288147
2024-02-14,5.460000038146973,5.5,5.269999980926514,5.309999942779541,4044600,57.89473601655629,4421625.0,0.0581395735671042,-0.05989937303881554,-0.15078865219523901,5.5700563908704,4.630943584334068,0.25835600141242937
2024-02-15,5.449999809265137,5.550000190734863,5.329999923706055,5.539999961853027,8003100,59.25925212365075,4631375.0,-0.001831543738455732,-0.03595239253095528,-0.12782140026238228,5.614837126657247,4.629162831381083,0.2694071964434844
2024-02-16,5.239999771118164,5.379000186920166,5.210000038146973,5.309999942779541,4220400,51.20274356622316,4672220.0,-0.03853211843970472,-0.033532939135883844,-0.10896370803708261,5.625640745240086,4.636359195632106,0.27093755151444815
2024-02-20,5.130000114440918,5.329999923706055,5.039999961853027,5.230000019073486,4569400,52.46479464438024,4373880.0,-0.02099230180954248,-0.04003011562242076,-0.09517698955415024,5.609425032728478,4.6345749253098525,0.26791114885118633
2024-02-21,5.050000190734863,5.1020002365112305,4.96999979019165,5.070000171661377,3784900,53.9855117533439,4340750.0,-0.0155945266903319,-0.051046072702414236,-0.08635080618380304,5.57098036089974,4.636019608582681,0.25439543573924706
2024-02-22,4.869999885559082,5.190000057220459,4.860000133514404,5.170000076293945,5223200,48.58156196260718,4358660.0,-0.03564362344104943,-0.07345408538363962,-0.08377146202377037,5.573961483711587,4.619038451438559,0.260220749761586
2024-02-23,4.809999942779541,4.954999923706055,4.739999771118164,4.869999885559082,5766000,47.735190306152624,4463405.0,-0.01232031708203063,-0.09495945730281274,-0.08600906107957884,5.58002481273043,4.595975114790322,0.27043718564256103
2024-02-26,4.920000076293945,4.96999979019165,4.800000190734863,4.920000076293945,7331500,54.612544437335885,4652615.0,0.0228690508987488,-0.10195129693289218,-0.0891975082502415,5.579494913417577,4.598505012195826,0.2438620371289094
2024-02-27,4.800000190734863,4.925000190734863,4.590000152587891,4.75,9817100,44.67213843593177,4945760.0,-0.024390220263873164,-0.11584003626678019,-0.09452601385354924,5.5758180055035,4.565181931553996,0.2612827608863025
2024-02-28,4.71999979019165,4.909999847412109,4.699999809265137,4.800000190734863,9204700,45.99156220015359,5222095.0,-0.016666749450892193,-0.1317832111584103,-0.10197745331452146,5.585278226819805,4.528721712145038,0.27855199912267076
2024-02-29,4.829999923706055,4.980000019073486,4.78000020980835,4.800000190734863,4213500,42.08145538371449,5221300.0,0.02330511406864666,-0.13399756019590736,-0.10838147469079865,5.585278226819805,4.528721712145038,0.28895512902957077
2024-03-01,4.550000190734863,4.828000068664551,4.539999961853027,4.809999942779541,6086200,31.27754284863242,5394090.0,-0.057970960122986526,-0.15654157235465682,-0.11801349422357028,5.610671426375151,4.463328550736665,0.3100832770633377
2024-03-04,4.480000019073486,4.670000076293945,4.420000076293945,4.579999923706055,6213000,24.186056001946383,5516650.0,-0.015384652467469784,-0.17800436967874855,-0.13001166931460595,5.638664922649017,4.389335050648102,0.30079834375867964
2024-03-05,4.210000038146973,4.449999809265137,4.099999904632568,4.420000076293945,9182900,26.130666752289656,5745775.0,-0.06026785262879364,-0.2143298718193547,-0.14687530981555572,5.697508049713539,4.284491919768882,0.35500189708803914
2024-03-06,4.25,4.550000190734863,4.184999942779541,4.269999980926514,8493200,15.028910656177345,5953315.0,0.009501178501326812,-0.23715663725953817,-0.1649315753043522,5.72949999512862,4.171499980075847,0.35397037188711217
2024-03-07,4.289999961853027,4.449999809265137,4.0,4.320000171661377,8847600,17.0454631659599,6270280.0,0.009411755730124094,-0.24914733530833466,-0.1817747273051487,5.752742844820282,4.086257141828278,0.32682033411059935
2024-03-08,4.579999923706055,4.800000190734863,4.340000152587891,4.340000152587891,8547100,32.06522302501321,6515045.0,0.06759905930809484,-0.23256857089323724,-0.1919334960227664,5.726448713669716,4.052551282515586,0.29263207350685455
2024-03-11,4.78000020980835,4.960000038146973,4.639999866485596,4.659999847412109,9295300,40.93264863168791,6745305.0,0.043668185465919995,-0.20097471759241348,-0.19374174033669583,5.661055768175432,4.055944239453963,0.26464575049614786
2024-03-12,5.099999904632568,5.130000114440918,4.769999980926514,4.869999885559082,9840000,51.15206684683928,6925190.0,0.06694553991181706,-0.1484043472699792,-0.18467426172335252,5.569660032769855,4.098339950064007,0.27068592777167616
2024-03-13,5.139999866485596,5.550000190734863,5.050000190734863,5.110000133514404,10897400,56.65024514829986,7179055.0,0.007843129921766057,-0.10233463741347215,-0.16820633686137645,5.5668463229900755,4.099153661751135,0.2955493810453988
2024-03-14,4.889999866485596,5.239999771118164,4.829999923706055,5.059999942779541,6438000,51.801799866743366,7298725.0,-0.04863813355912283,-0.08501694863799347,-0.15156845921669984,5.47757532860231,4.131424638972764,0.2990975151356302
2024-03-15,5.019999980926514,5.329999923706055,4.840000152587891,4.889999866485596,15719400,52.23214048132023,7684540.0,0.02658489120457741,-0.06010972524154212,-0.1332767124216683,5.393852670879137,4.172147313862074,0.3063395751415497
2024-03-18,4.869999885559082,5.139999866485596,4.71999979019165,5.050000190734863,7768400,51.54184318740579,7861940.0,-0.029880497198676692,-0.0518763273364069,-0.11699663540461602,5.338368663311221,4.190631332874081,0.30885907655649514
2024-03-19,4.789999961853027,4.900000095367432,4.71999979019165,4.840000152587891,4596900,51.54185401430721,7863315.0,-0.016427089442707543,-0.05121623654014584,-0.103840555631722,5.2953330079117595,4.199666973014754,0.30988472864679983
2024-03-20,5.059999942779541,5.159999847412109,4.744999885559082,4.800000190734863,6471200,54.73251101484102,7997630.0,0.056367428617277726,-0.028576950554175973,-0.08878783461621279,5.297012425544597,4.198987530586384,0.3231991103256002
2024-03-21,5.110000133514404,5.190000057220459,4.989999771118164,5.099999904632568,6631200,62.72726977167089,8068030.0,0.0098814607312816,-0.006525335770886542,-0.07233533484714753,5.330318424088193,4.1896815568383206,0.33562225065268975
2024-03-22,4.889999866485596,5.099999904632568,4.849999904632568,5.090000152587891,4215400,58.723399592720256,7990500.0,-0.04305288870462387,-0.0067239456521370755,-0.05921305700814545,5.33691125430258,4.191088718994539,0.32757180013026466
2024-03-25,4.949999809265137,5.110000133514404,4.900000095367432,4.949999809265137,4979800,67.28971150465273,7872915.0,0.012269927283794058,-0.0020166053014474272,-0.04777376666680585,5.3402850003369435,4.1907149462572955,0.28467060660703425
2024-03-26,4.789999961853027,5.047999858856201,4.769999980926514,4.980000019073486,4051100,61.946900600983554,7584615.0,-0.03232320274288303,-0.0110690574663872,-0.04043282482672213,5.33967601044602,4.190323913260034,0.2304081341754297
2024-03-27,4.739999771118164,4.849999904632568,4.630000114440918,4.840000152587891,5581800,59.91188807310773,7403470.0,-0.010438453263686531,-0.022023910617581244,-0.03675104198489395,5.340415848755244,4.191584073043462,0.1643251329766849
2024-03-28,4.619999885559082,4.761000156402588,4.59499979019165,4.699999809265137,5985900,50.952379871117756,7492090.0,-0.025316432775011277,-0.039928428480151545,-0.03738651928394547,5.332660829389424,4.178339088594584,0.15842807283928845
2024-04-01,4.5,4.710000038146973,4.489999771118164,4.639999866485596,4194200,43.06930167197522,7397490.0,-0.025974001846660322,-0.06307380025775977,-0.042523975478708335,5.334326881178585,4.171673017731937,0.19060489010938453
2024-04-02,4.329999923706055,4.449999809265137,4.309999942779541,4.400000095367432,4191700,29.411769205760294,7296425.0,-0.037777794731987835,-0.09405010844591288,-0.05282920207214925,5.34523581913276,4.145764070241019,0.2321377100125337
2024-04-03,4.409999847412109,4.53000020980835,4.309999942779541,4.309999942779541,3571800,30.890055100895978,7015870.0,0.01847573328305807,-0.11086573936952782,-0.06443650953162497,5.323468611991108,4.187531258309185,0.24037175928339338
2024-04-04,4.300000190734863,4.565000057220459,4.25,4.5,4080800,33.33334231331757,6795250.0,-0.024943233669678322,-0.13155185314012297,-0.07785957825332457,5.316968885857036,4.199031003516743,0.2701525705410571
2024-04-05,4.300000190734863,4.420000076293945,4.210000038146973,4.25,2699900,28.048785097325677,6487865.0,0.0,-0.14625975591605833,-0.09153961378587133,5.315721372412817,4.201278539849145,0.28134289190512723
2024-04-08,4.28000020980835,4.400000095367432,4.224999904632568,4.320000171661377,2704300,30.46358368761919,6195725.0,-0.004651158148691992,-0.15771170379543165,-0.10477403178778341,5.335988808681053,4.1510111321911385,0.2961074719722963
2024-04-09,4.28000020980835,4.340000152587891,4.21999979019165,4.28000020980835,2437400,32.167838696973945,5852830.0,0.0,-0.16488674325881103,-0.11679657408198896,5.3456831673764995,4.091316773495693,0.30839171158349893
2024-04-10,4.159999847412109,4.224999904632568,4.110000133514404,4.179999828338623,3807900,14.843752037267805,5551225.0,-0.028037466475174244,-0.17820184020037466,-0.1290776273056661,5.318867804806493,4.024132130343654,0.30141783881797146
2024-04-11,4.190000057220459,4.320000171661377,4.125,4.199999809265137,3817200,13.49206709627417,5197215.0,0.00721158916075737,-0.18420992687699833,-0.14010408721993256,5.266016427261802,3.981983526961831,0.2676637915921497
2024-04-12,4.010000228881836,4.190000057220459,3.950000047683716,4.150000095367432,5002900,13.934434879471581,5125460.0,-0.042959385651662796,-0.20117681953239686,-0.15231863368242543,5.2644743017457785,3.8955256887174783,0.2676637786715453
2024-04-15,3.890000104904175,4.070000171661377,3.8499999046325684,4.059999942779541,3887500,8.593760622898344,4533865.0,-0.029925216241477037,-0.2217500151833347,-0.16620490998260729,5.240812821331138,3.8061871815298836,0.2554159687030982
2024-04-16,3.859999895095825,3.940000057220459,3.799999952316284,3.8299999237060547,3074600,9.565226224958025,4299175.0,-0.0077121359895410135,-0.2377347291944707,-0.18051087382498,5.228780422530713,3.717219581283984,0.25107783343409346
2024-04-17,3.7799999713897705,3.940000057220459,3.7799999713897705,3.9100000858306885,3270600,9.32204468570069,4232860.0,-0.02072536939902392,-0.2539308981404931,-0.1951948786880826,5.222759733720634,3.622240271047737,0.24576968944327812
2024-04-18,3.7799999713897705,3.859999895095825,3.7149999141693115,3.799999952316284,4264000,10.377369312340207,4122500.0,0.0,-0.2637264048857757,-0.20890118392762125,5.148763703718205,3.5682363039111897,0.2398775039748404
2024-04-19,3.6500000953674316,3.7899999618530273,3.630000114440918,3.7300000190734863,3469300,10.280384660463028,3964405.0,-0.03439150185351525,-0.2787658785724858,-0.2228741228565942,5.052873384961005,3.5181266188536924,0.2511949618614479
2024-04-22,3.930000066757202,3.9600000381469727,3.609999895095825,3.700000047683716,4348200,33.050854477995685,3971045.0,0.07671231892435992,-0.26503594281932763,-0.23130648684914087,4.964711586822148,3.5102884370197103,0.24409512589000812
2024-04-23,4.010000228881836,4.150000095367432,3.9100000858306885,3.940000057220459,4081900,33.05086800504316,3926150.0,0.020356275003996283,-0.24487673870854287,-0.23402053722102129,4.841312389106278,3.5396876766972505,0.2222265519695214
2024-04-24,3.9700000286102295,4.110000133514404,3.859999895095825,4.050000190734863,4023100,35.13513919875524,3924750.0,-0.009975111717826612,-0.2294827715356229,-0.23311298408394163,4.741996010331978,3.5570040621472705,0.20845986507223377
2024-04-25,3.9800000190734863,4.01800012588501,3.869999885559082,4.010000228881836,3712200,35.71428875533674,3831270.0,0.002518889267302482,-0.214009062727456,-0.2292921998126445,4.6383886046201575,3.584611492654624,0.19057032403267787
2024-04-26,4.019999980926514,4.050000190734863,3.930000066757202,3.990000009536743,3109500,38.59648939351795,3687450.0,0.010050241623450695,-0.19625605673018987,-0.2226849711961536,4.551764267715207,3.6112358390963166,0.1711387428801814
2024-04-29,4.070000171661377,4.099999904632568,3.990000009536743,4.059999942779541,3324600,41.176476480928734,3643970.0,0.012437858450770278,-0.17612185098447686,-0.21337234715381825,4.4870339193541815,3.6329662046234796,0.14920301734077596
2024-04-30,3.880000114440918,4.050000190734863,3.869999885559082,4.010000228881836,3777300,38.88890570853231,3623250.0,-0.04668305877316481,-0.1734968014635756,-0.20539723801576973,4.451867099837068,3.6231330432140787,0.13716921342069377
2024-05-01,4.0,4.190000057220459,3.859999895095825,3.890000104904175,4841100,42.962962832143475,3686715.0,0.03092780464424627,-0.1598903267634153,-0.19629585576529884,4.392519464261315,3.6414806940486217,0.11744770786225829
2024-05-02,4.010000228881836,4.110000133514404,3.9619998931884766,4.070000171661377,2666700,50.0,3616010.0,0.0025000572204589844,-0.14661013229535502,-0.18635871107131008,4.353611182585665,3.6513889795389702,0.11744770786225829
2024-05-03,3.9600000381469727,4.159999847412109,3.884999990463257,4.099999904632568,3776500,53.153147734993006,3669840.0,-0.012468874783282846,-0.13852326999529296,-0.17679162285610667,4.307694918001464,3.663305228864381,0.11772573531802848
2024-05-06,3.9600000381469727,4.039999961853027,3.9200000762939453,4.010000228881836,3120100,54.629633513331896,3690630.0,0.0,-0.13060879645541235,-0.16755505757596784,4.260377186979446,3.678622942720261,0.11674149952938721
2024-05-07,3.859999895095825,3.9700000286102295,3.819999933242798,3.9700000286102295,3385700,53.636357331083815,3738045.0,-0.02525256113329255,-0.1308967981538256,-0.1602234056915394,4.2034118232373565,3.6935882749910984,0.11071200848305826
2024-05-08,3.7300000190734863,3.8399999141693115,3.700000047683716,3.819999933242798,3530000,47.96748282660369,3724150.0,-0.03367872527341398,-0.14000109958708418,-0.15617894447064834,4.179324062277687,3.6746760531169054,0.11671560592937637
2024-05-09,3.7699999809265137,3.799999952316284,3.6700000762939453,3.740000009536743,5543800,55.263149088886145,3810480.0,0.010723850307905236,-0.14234776501133783,-0.15341270857878625,4.134993359584825,3.677006748180373,0.0973071941578562
2024-05-10,3.6500000953674316,4.130000114440918,3.5739998817443848,3.880000114440918,5874400,35.714297878489816,3854055.0,-0.03183020853214724,-0.15213676423435452,-0.1531575197098999,4.138187397773328,3.6378126966404287,0.1243731822706336
2024-05-13,3.75,4.0,3.7300000190734863,3.740000009536743,5425400,36.99999475479377,3930950.0,0.0273972334300725,-0.150095255401534,-0.15254506684822675,4.1386739017763725,3.6233261821469673,0.12910726942236356
2024-05-14,4.0,4.079999923706055,3.8299999237060547,3.8299999237060547,5607000,51.23966795590007,4057570.0,0.06666666666666665,-0.12684227548520477,-0.14740450857562237,4.150826833483821,3.6251732609299365,0.13058618784165416
2024-05-15,3.890000104904175,4.090000152587891,3.799999952316284,4.059999942779541,3564400,46.56488924730537,4072260.0,-0.0274999737739563,-0.11595355321669132,-0.14111431750383618,4.151367870046656,3.6356322377185424,0.12869806619301727
2024-05-16,3.809999942779541,3.9149999618530273,3.799999952316284,3.880000114440918,2777400,42.222223007139135,3997930.0,-0.020565593821906702,-0.11248287430723769,-0.13538802886451648,4.150425435655529,3.6395746692486464,0.12538296186278175
2024-05-17,3.700000047683716,3.8499999046325684,3.5999999046325684,3.799999952316284,5976400,36.87942902642879,4123285.0,-0.02887136397581569,-0.1172567457185032,-0.13176177223531382,4.143638703100173,3.6513613970356307,0.12151291439219732
2024-05-20,3.6700000762939453,3.740000009536743,3.6500000953674316,3.7100000381469727,3799300,41.599998474121094,4095840.0,-0.008108100271120633,-0.12205385926305512,-0.1298201896408621,4.150105658714711,3.618894442374766,0.13079638574203048
2024-05-21,3.4800000190734863,3.680000066757202,3.4600000381469727,3.6500000953674316,6298100,30.303033587032346,4206650.0,-0.05177113168137193,-0.13957805410599633,-0.13177176253388895,4.172197457130249,3.543802622978393,0.15369444349216277
2024-05-22,3.4200000762939453,3.5,3.390000104904175,3.5,3987600,28.467145917055376,4204875.0,-0.01724136277318622,-0.1565035235168568,-0.13671811473048254,4.1955797175785765,3.4654203672984374,0.17229062728054656
2024-05-23,3.2799999713897705,3.440000057220459,3.234999895095825,3.4200000762939453,8695500,26.71232328649279,4454040.0,-0.04093570227515453,-0.17914880252322707,-0.14520425228903144,4.228189337983045,3.362810742125598,0.20460763175078028
2024-05-24,3.299999952316284,3.325000047683716,3.2200000286102295,3.2799999713897705,4054500,27.70269649841991,4501290.0,0.006097555213709249,-0.19325380836572492,-0.15481416350437016,4.231560526944978,3.287439550302642,0.21865849766461634
2024-05-28,3.200000047683716,3.3399999141693115,3.1600000858306885,3.309999942779541,4953200,27.70270096114936,4582720.0,-0.030303001841675226,-0.21007961663619712,-0.16586725413073555,4.226372475063099,3.205627589786755,0.2431580277761832
2024-05-29,3.009999990463257,3.1649999618530273,3.0,3.1600000858306885,7919200,26.623371496310625,4789815.0,-0.05937501699663672,-0.23602485996955336,-0.17989877529849913,4.265614050061477,3.079386002390611,0.2893655522966532
2024-05-30,3.200000047683716,3.240000009536743,3.0380001068115234,3.049999952316284,9241200,33.136094841510186,5009820.0,0.063122942798155,-0.23850588810237916,-0.19162019785927514,4.240339198084486,3.024660859135973,0.2984759916649652
2024-05-31,3.2699999809265137,3.369999885559082,3.200000047683716,3.240000009536743,7511200,38.41462971410993,5252045.0,0.02187497881241174,-0.23214765748505517,-0.19972568978443117,4.19663841533373,2.994361617091196,0.30353956785044
2024-06-03,3.299999952316284,3.4000000953674316,3.240000009536743,3.3499999046325684,4285500,35.66878768095705,5277495.0,0.009174303230812475,-0.22212742030950583,-0.2042060358894461,4.151732348703457,2.973267675138401,0.2986535853673111
2024-06-04,3.25,3.299999952316284,3.240000009536743,3.25,3919100,22.62773493977582,5317445.0,-0.015151500920837613,-0.2157340407093402,-0.20651163685342494,4.100744870009525,2.9532551500176365,0.2603970106291107
2024-06-05,3.450000047683716,3.549999952316284,3.2799999713897705,3.4000000953674316,10349400,34.93150528342089,5665630.0,0.061538476210374116,-0.1923120552733657,-0.20367172053741311,4.059054869934344,2.953945165351606,0.22211768678755636
2024-06-06,3.430000066757202,3.7200000286102295,3.4100000858306885,3.6600000858306885,9510700,36.42857446962503,5964665.0,-0.005797095840604838,-0.17336534658378122,-0.19761044574668674,4.034717549593278,2.948282490461043,0.18599895932425878
2024-06-07,3.359999895095825,3.369999885559082,3.25,3.3399999141693115,5954900,37.499995617305956,5985220.0,-0.020408212915155044,-0.16212944496141013,-0.19051424558963143,4.000742783928396,2.941257247542857,0.15738245479779417
2024-06-10,3.299999952316284,3.390000104904175,3.2699999809265137,3.309999942779541,3768400,36.690644026851764,5879920.0,-0.017857126384770328,-0.15626507935408718,-0.1836644123425226,3.981466343300089,2.925533673866049,0.12326377643989107
2024-06-11,3.299999952316284,3.319999933242798,3.240000009536743,3.2699999809265137,3539800,42.499997516473236,5785640.0,0.0,-0.14988969229018334,-0.17690946833205476,3.943903025767401,2.9180969866303657,0.11235003065081378
2024-06-12,3.359999895095825,3.619999885559082,3.359999895095825,3.430000066757202,8273500,47.499992549419694,5918965.0,0.018181801105005002,-0.1384002660521162,-0.16920762787606705,3.8367887451668956,2.9612112567404534,0.10810301962380078
2024-06-13,3.2699999809265137,3.4100000858306885,3.200000047683716,3.4100000858306885,5410000,49.56521775186179,6011245.0,-0.026785689577155436,-0.1350008481520133,-0.1623662719312563,3.7426493247070574,2.993350664802525,0.10818177208998224
2024-06-14,3.2200000286102295,3.25,3.119999885559082,3.2300000190734863,4323200,46.610172231182,6088535.0,-0.015290505384687236,-0.13478761553013197,-0.15685054065103143,3.6550122796923863,3.0219877184002653,0.1094742625774368
2024-06-17,3.1700000762939453,3.2179999351501465,3.1500000953674316,3.190000057220459,6049900,48.67256749198186,6092210.0,-0.015527935363983336,-0.13707311191679272,-0.1528950549041837,3.5871153077354387,3.0368846932182354,0.11143666318641658
2024-06-18,3.059999942779541,3.190000057220459,3.0399999618530273,3.1700000762939453,5733300,52.38095021842549,6188910.0,-0.03470035674037131,-0.1460765956691228,-0.15153136305717152,3.522661664849261,3.0403383227529734,0.1026463023914899
2024-06-20,3.119999885559082,3.200000047683716,3.0399999618530273,3.0999999046325684,6309600,45.65216433573592,6189485.0,0.01960782480441492,-0.1466795963853258,-0.15056100972280237,3.495858621065316,3.0311413531854776,0.10952445933068805
2024-06-21,3.6600000858306885,3.700000047683716,3.119999885559082,3.1500000953674316,31429700,64.0287796931879,7561590.0,0.17307699361496676,-0.10240353143891401,-0.14092951406602472,3.560675866952497,2.9903241082519703,0.15005679538934782
2024-06-24,3.740000009536743,4.03000020980835,3.6600000858306885,3.680000066757202,15921500,65.27777915751487,7922890.0,0.021857902139337693,-0.0601655546588904,-0.12477672218459787,3.6513694626321347,2.94563051638703,0.19001014846470882
2024-06-25,3.6600000858306885,3.880000114440918,3.630000114440918,3.759999990463257,6697200,63.94558087928446,8055025.0,-0.02139035387755628,-0.03276923565782841,-0.10637522487924397,3.7046549229291474,2.9283450694414577,0.20675943905030666
2024-06-26,3.6500000953674316,3.680000066757202,3.4700000286102295,3.630000114440918,5475000,57.812502037268175,8081115.0,-0.002732237767417156,-0.011729164618078602,-0.08744601282701091,3.7502062472411812,2.927793749897796,0.21964511102886305
2024-06-27,3.490000009536743,3.694999933242798,3.4700000286102295,3.6600000858306885,5778100,52.11267392802312,7974060.0,-0.0438356388082729,-0.007874652392596548,-0.07153174074012804,3.748587793351385,2.9774122056949404,0.22130486355978501
2024-06-28,3.5199999809265137,3.5299999713897705,3.3299999237060547,3.490000009536743,22851900,55.79710507988837,8654595.0,0.00859598031741915,-0.0023718356675499486,-0.05769975972561243,3.7626611018656786,2.9953388905049265,0.2241467732610949
2024-07-01,3.4200000762939453,3.5399999618530273,3.369999885559082,3.5299999713897705,4709200,54.225356960505295,8514495.0,-0.028409063970007975,-0.006010682925822852,-0.04736194436565452,3.7670412390173613,3.0059587628899873,0.22255266235901128
2024-07-02,3.7200000286102295,3.7899999618530273,3.4700000286102295,3.490000009536743,10171000,62.209306032739306,8808770.0,0.08771928234615034,0.015138486306468302,-0.034861858231229954,3.8134492543049587,3.0015507552317846,0.23554942895707248
2024-07-03,4.210000038146973,4.329999923706055,3.809999942779541,3.809999942779541,16275300,69.76744650247129,9426580.0,0.13172043165811598,0.07062414972721776,-0.013764656639540414,3.9897767565870805,2.92122325676436,0.3123510911906497
2024-07-05,4.400000095367432,4.789999961853027,4.21999979019165,4.760000228881836,18777000,75.11111365424262,9847960.0,0.04513065451279363,0.1284476894536284,0.014677812579093348,4.183993166080175,2.8220068520396375,0.38717350277830753
2024-07-08,4.480000019073486,4.619999885559082,4.409999847412109,4.610000133514404,10655900,77.63157908495994,9905220.0,0.018181800448205276,0.1786690015069552,0.04747605036466572,4.362951554847292,2.748048458504148,0.44116481778548783
2024-07-09,4.28000020980835,4.46999979019165,4.050000190734863,4.429999828338623,8898100,72.83951053349055,10052380.0,-0.04464281437804518,0.20002566859873117,0.0779859740114788,4.464939379294478,2.7380606655282147,0.4452244006257876
2024-07-10,4.389999866485596,4.420000076293945,4.230000019073486,4.260000228881836,7286200,77.36626087748265,10228270.0,0.02570085310397019,0.22325350666940436,0.10703948054306392,4.5751163506586625,2.7368836855809615,0.429773789032276
2024-07-11,4.570000171661377,4.570000171661377,4.300000190734863,4.46999979019165,10201500,78.4313813487836,10561355.0,0.041002348667468214,0.25326675449755065,0.13628493533396127,4.707927345742802,2.731072712431331,0.4178365376885794
2024-07-12,5.050000190734863,5.179999828338623,4.670000076293945,4.699999809265137,20940100,77.91165393105871,11194685.0,0.10503282298542826,0.31218577634600564,0.17146510353637015,4.940835998828457,2.66716408890958,0.5022542912531442
2024-07-15,5.050000190734863,5.320000171661377,4.945000171661377,5.320000171661377,11903600,77.17843140533134,11519365.0,0.0,0.35478973048543905,0.20813002892618393,5.128255937225882,2.6577441714929897,0.5604359988081058
2024-07-16,5.389999866485596,5.465000152587891,5.019999980926514,5.110000133514404,13513300,82.39700739070983,11978870.0,0.06732666592261194,0.4112481902786662,0.2487536611966804,5.362649378311276,2.640350714195132,0.6335960604395922
2024-07-17,5.070000171661377,5.389999866485596,5.019999980926514,5.210000038146973,9587800,73.82551210806733,12155765.0,-0.05936914707808072,0.42526839605343714,0.2840566081680318,5.478356616402129,2.714643485641023,0.64227961570933
2024-07-18,4.829999923706055,5.210000038146973,4.769999980926514,5.110000133514404,10183700,71.89542896149126,12378285.0,-0.04733732541012459,0.4122612053443184,0.3096975276032891,5.513021969419643,2.856978130716159,0.6011874790789709
2024-07-19,4.639999866485596,4.809999942779541,4.590000152587891,4.800000190734863,7029200,67.391306279384,12414265.0,-0.03933748658833769,0.3822155532971463,0.3242011327420606,5.50362714923289,3.018372948995565,0.5383266670306386
2024-07-22,4.599999904632568,4.710000038146973,4.510000228881836,4.679999828338623,4819900,68.67088707875163,11083775.0,-0.008620681681899223,0.3511288995705195,0.3295866861077524,5.525773676047179,3.0902264040614638,0.43209685656358854
2024-07-23,4.559999942779541,4.710000038146973,4.5,4.579999923706055,5930700,64.48276023660665,10584235.0,-0.008695644061371466,0.31958091009761613,0.3275855309057252,5.5412010006347145,3.1567990727982083,0.3475629459659598
2024-07-24,4.380000114440918,4.590000152587891,4.360000133514404,4.480000019073486,6372100,53.28185576978663,10567980.0,-0.039473647060816464,0.2768629159696383,0.3174410079185078,5.532234697544544,3.237765378749401,0.3325236471429605
2024-07-25,4.400000095367432,4.599999904632568,4.25,4.269999980926514,7546000,50.0,10671530.0,0.004566205571678639,0.2418347091800941,0.3023197481708251,5.516365714834373,3.328634361459572,0.3325236471429605
2024-07-26,4.690000057220459,4.769999980926514,4.5,4.5,7157900,53.9923974364646,10740520.0,0.06590908081078362,0.23476890641097636,0.28880957981885536,5.489169903797314,3.4758301772650038,0.32690691188560406
2024-07-29,4.460000038146973,4.815000057220459,4.380000114440918,4.769999980926514,5969500,53.3834562205125,9896400.0,-0.049040515195600376,0.20821001204855794,0.2726896662647959,5.429031488046509,3.629968598737853,0.3120157926595913
2024-07-30,4.230000019073486,4.420000076293945,4.090000152587891,4.420000076293945,12117900,47.12230462624711,10266835.0,-0.05156951056194292,0.16668141794053337,0.2514880165999434,5.319652589781712,3.820347491280604,0.32757517606941244
2024-07-31,4.170000076293945,4.4070000648498535,4.139999866485596,4.199999809265137,6342600,42.48119943575451,10075415.0,-0.014184383571866466,0.12745894657501644,0.22668220259495803,5.256899246916616,3.928100838914073,0.3567373533612556
2024-08-01,4.010000228881836,4.199999809265137,3.950000047683716,4.159999847412109,6030400,27.77777098522334,9563170.0,-0.03836926726253398,0.08251304589308894,0.1978483712545842,5.2765006165856665,3.8884994883185087,0.38120683802659855
2024-08-02,4.019999980926514,4.070000171661377,3.640000104904175,3.799999952316284,7738700,28.085092136140105,9011255.0,0.0024937036094550002,0.04715640254878384,0.16770997751342415,5.298154252693753,3.8288458407663297,0.3881945632084224
2024-08-05,3.9100000858306885,3.950000047683716,3.509999990463257,3.5799999237060547,7551900,15.094331134970716,8856055.0,-0.027363158113864694,0.010143013396184841,0.13619658468997628,5.325402979851225,3.7445971202845794,0.33440201384030904
2024-08-06,3.9200000762939453,4.0980000495910645,3.809999942779541,4.079999923706055,4827000,18.23203219099625,8652500.0,0.002557542261826473,-0.01817395052853943,0.10532247764627314,5.34724665274209,3.686753434042274,0.304017001915761
2024-08-07,3.8399999141693115,4.139999866485596,3.8299999237060547,4.0,6449900,19.999988440306964,8610685.0,-0.020408204226431526,-0.04653427479257033,0.07495112715850445,5.37223442631244,3.6067656652402946,0.2974146517079579
2024-08-08,3.990000009536743,4.090000152587891,3.890000104904175,3.940000057220459,9117400,29.813661744925497,8556480.0,0.03906252570838409,-0.056257777365646966,0.04870934625367417,5.369808038617712,3.5511920367225587,0.2863410559625235
2024-08-09,3.640000104904175,3.809999942779541,3.430000066757202,3.549999952316284,21316300,24.999996895590385,8575290.0,-0.08771927413433889,-0.09115501220281441,0.02073647456237646,5.325138597824708,3.454861468932494,0.3045515452794766
2024-08-12,3.549999952316284,3.75,3.5199999809265137,3.680000066757202,6659700,24.365476643022077,8313095.0,-0.024725315932445535,-0.12463684640187633,-0.008338189630474103,5.267702496978829,3.3622975459365163,0.3213100086066564
2024-08-13,3.5999999046325684,3.609999895095825,3.450000047683716,3.569999933242798,9489900,28.80433838962216,8111925.0,0.01408449379940424,-0.14546008957645817,-0.03576256961967092,5.084715704845315,3.3662843418847266,0.3338692853301953
2024-08-14,3.5399999618530273,3.630000114440918,3.4600000381469727,3.609999895095825,6846400,27.127651614588686,7974855.0,-0.016666651213610217,-0.16490325172042297,-0.061590706039821336,4.962877003637434,3.335123022111773,0.3397615808083176
2024-08-15,3.7300000190734863,3.740000009536743,3.569999933242798,3.5999999046325684,10071200,23.03370274824333,7969230.0,0.05367233312652431,-0.16310055935727696,-0.08189267670331246,4.861453766386293,3.3265462688996563,0.27353709813288873
2024-08-16,3.8399999141693115,3.865000009536743,3.694999933242798,3.7300000190734863,10761000,31.325293071798626,8155820.0,0.02949058834673912,-0.1510545773060592,-0.09572505682386181,4.784116116005123,3.3238839240491984,0.2212067661117485
2024-08-19,3.7799999713897705,3.880000114440918,3.6500000953674316,3.869999885559082,9796000,34.8993225229942,8404625.0,-0.015624985448084439,-0.14468174261807665,-0.10551639398270479,4.70512419046789,3.320875856262152,0.19373714655642393
2024-08-20,3.619999885559082,3.8299999237060547,3.619999885559082,3.7899999618530273,7468300,32.704392990672275,8481505.0,-0.04232806535494815,-0.15080352579070277,-0.1145738203443044,4.628766239327484,3.303233801680512,0.17288284228559095
2024-08-21,3.819999933242798,3.8550000190734863,3.619999885559082,3.6600000858306885,8851500,44.17176962912744,8605475.0,0.05524863370343103,-0.13792681620142977,-0.11924441951572948,4.5738948184378785,3.3021052044503048,0.16090406032396384
2024-08-22,3.680000066757202,3.880000114440918,3.619999885559082,3.8499999046325684,8268800,40.34091147694215,8641615.0,-0.03664918034874143,-0.1374344910155063,-0.12288243381568485,4.5086162275890125,3.2953837924381486,0.14541341315648068
2024-08-23,3.819999933242798,3.8299999237060547,3.700000047683716,3.7200000286102295,6400400,47.48602920374586,8603740.0,0.038043441289652646,-0.12431448061155326,-0.12316884317485854,4.338819041577494,3.3781809660519007,0.1395302255846756
2024-08-26,3.930000066757202,3.9600000381469727,3.815000057220459,3.8399999141693115,7842300,50.26454999757166,8697380.0,0.02879584697296722,-0.10384364151771663,-0.11930380284343017,4.222713324537242,3.441286685953175,0.14054056625813793
2024-08-27,3.7699999809265137,3.940000057220459,3.7300000190734863,3.940000057220459,7533000,48.22335197395453,8468135.0,-0.040712489341688696,-0.09938537110855217,-0.11532011649645459,4.152351980222833,3.465648026452887,0.1379859170095755
2024-08-28,3.559999942779541,3.7699999809265137,3.559999942779541,3.75,6803800,39.408865201539456,8491195.0,-0.05570292817226041,-0.1115119671802356,-0.11455848663321079,4.094079738686163,3.462920254638117,0.12438862626485801
2024-08-29,3.5399999618530273,3.700000047683716,3.5299999713897705,3.609999895095825,12301500,47.058819404522964,8804750.0,-0.005617972260667625,-0.12133750996352388,-0.11591429129927341,4.0679822834732935,3.442017683148105,0.13114040775826152
2024-08-30,3.4000000953674316,3.619999885559082,3.3499999046325684,3.5999999046325684,12155100,45.7142892175796,9025570.0,-0.03954798530910497,-0.13882090166479744,-0.12049561337237823,4.049052227691237,3.398947750374254,0.14910907002873725
2024-09-03,3.380000114440918,3.5,3.3499999046325684,3.430000066757202,14996500,43.60465648175639,9397800.0,-0.00588234716633218,-0.1525321511722999,-0.12690292093236255,4.044388393281634,3.3506115876448805,0.16930527728767147
2024-09-04,3.359999895095825,3.549999952316284,3.3299999237060547,3.359999895095825,10688100,44.64285536890945,9690855.0,-0.005917224457964498,-0.1631317840826605,-0.13414869356242215,4.030870164858143,3.308129797948558,0.18611261945231874
2024-09-05,3.25,3.4049999713897705,3.240000009536743,3.359999895095825,11111000,34.999998509883795,9923910.0,-0.032738065038745545,-0.17835220851770828,-0.1429893965534794,4.03730669671864,3.2426932746711308,0.21417999553990436
2024-09-06,3.0999999046325684,3.2699999809265137,3.009999990463257,3.2300000190734863,15583700,27.439025542623924,10247225.0,-0.04615387549767125,-0.2002103582494894,-0.15443358889268138,4.025749606643091,3.1652503542562616,0.24598870228582836
2024-09-09,3.2799999713897705,3.3550000190734863,3.109999895095825,3.109999895095825,10216200,35.79545639270569,9692220.0,0.05806453944989287,-0.20069511002738194,-0.1636858931196215,4.029483906609437,3.125516040938475,0.24975703064937554
2024-09-10,3.299999952316284,3.3399999141693115,3.1500000953674316,3.2799999713897705,10321600,40.123459606376834,9875315.0,0.006097555213709249,-0.19719233747145193,-0.1703871819899876,4.033704800549013,3.0962951469988993,0.25608314455938985
2024-09-11,3.299999952316284,3.3589999675750732,3.2100000381469727,3.2699999809265137,7260200,31.69014250042646,9763830.0,0.0,-0.19220079387382683,-0.17474990436675544,4.032973231861775,3.067026720454509,0.24572053376727604
2024-09-12,3.299999952316284,3.3399999141693115,3.2100000381469727,3.2699999809265137,8344700,35.15624796273221,9838745.0,0.0,-0.18609971790561497,-0.17701986707452735,4.0337758266886,3.0422241246740094,0.24247013337047787
2024-09-13,3.309999942779541,3.430000066757202,3.2899999618530273,3.319999933242798,8676200,27.82609380711031,9768995.0,0.0030303001841676114,-0.1784011580883731,-0.1772961252772965,4.014111638605114,3.0198883051281014,0.21973512999844794
2024-09-16,3.109999895095825,3.309999942779541,3.069999933242798,3.2899999618530273,15204000,16.93548356084999,9991145.0,-0.06042297617557291,-0.18629088103153313,-0.17909507642814382,3.9849006349859764,2.97609930683989,0.17627403089515006
2024-09-17,3.130000114440918,3.240000009536743,3.109999895095825,3.140000104904175,9603700,20.909107066377445,9981530.0,0.006430938913094986,-0.18875385579956738,-0.18102683230242855,3.954903903460038,2.941096052670943,0.13927599871490454
2024-09-18,3.059999942779541,3.2149999141693115,3.0299999713897705,3.109999895095825,13639900,23.95834730316446,10290110.0,-0.022364271278590753,-0.19411655507173187,-0.18364477685628924,3.948314104573928,2.891685857279099,0.1338442754072872
2024-09-19,3.049999952316284,3.180000066757202,3.0399999618530273,3.1600000858306885,12169200,24.21054005291886,10455995.0,-0.00326797080073582,-0.19690366564873907,-0.18629655461477923,3.8991983646440564,2.8638015991163197,0.12217131426363394
2024-09-20,3.059999942779541,3.119999885559082,3.049999952316284,3.049999952316284,11570700,29.268299774491084,10621090.0,0.00327868544904808,-0.19604566283708946,-0.1882463762592413,3.8671888549859257,2.833811096376684,0.12125036760985995
2024-09-23,3.0399999618530273,3.0999999046325684,3.009999990463257,3.0799999237060547,8324000,29.268299774491084,10717270.0,-0.00653594160147164,-0.1947347398780872,-0.18954404898301047,3.795704194827479,2.827295759396154,0.11938716752468062
2024-09-24,3.0399999618530273,3.0999999046325684,3.0199999809265137,3.049999952316284,8170300,30.000014901153193,10733670.0,0.0,-0.19148846417085696,-0.1899329320205798,3.6683713261567856,2.86562861757643,0.11473093552167235
2024-09-25,2.9100000858306885,3.0799999237060547,2.9000000953674316,3.0399999618530273,13058200,29.268308284372736,11009930.0,-0.04276311764921792,-0.19713324152827472,-0.1913729939221188,3.580202166221088,2.867797788002545,0.13057142382377662
2024-09-26,2.9200000762939453,3.0,2.821000099182129,2.9600000381469727,13513000,36.764724444344715,11345390.0,0.0034364227382495116,-0.19851153518697995,-0.19280070217509104,3.5358848999909576,2.848115067584116,0.14328367523965277
2024-09-27,3.069999933242798,3.180000066757202,2.9800000190734863,2.990000009536743,13719800,33.846153281849595,11416305.0,0.05136981268138596,-0.18536335461953923,-0.19131323266398068,3.4743912583007455,2.862608706413305,0.13715313092649695
2024-09-30,3.0299999713897705,3.134999990463257,2.9800000190734863,3.059999942779541,12772300,29.850749986477766,11447165.0,-0.01302930381851053,-0.17614055079435476,-0.1882786962900555,3.4413489047624575,2.8586510475538267,0.12768648818656317
2024-10-01,2.9700000286102295,3.069999933242798,2.9600000381469727,3.049999952316284,14104100,27.397266090150964,11402545.0,-0.01980196150035629,-0.17169372783915238,-0.1849617025998749,3.410211419679515,2.8487885240537003,0.11693895191670009
2024-10-02,3.200000047683716,3.2200000286102295,2.9800000190734863,3.075000047683716,19335700,44.79167184068076,11834925.0,0.07744108311713105,-0.14790554619215834,-0.17755047131833163,3.3830157650538615,2.8599841939381427,0.10427139174272149
2024-10-03,2.940000057220459,3.2049999237060547,2.930000066757202,3.200000047683716,13489400,34.71074901263185,11953845.0,-0.08124999580904846,-0.14832328862885147,-0.17170503478043558,3.37215382478895,2.8398461399251005,0.08163505576864045
2024-10-04,2.9800000190734863,3.0399999618530273,2.869999885559082,3.009999990463257,13736300,43.80952943209373,11861475.0,0.013605428936910968,-0.1437694056764025,-0.16611790895962897,3.3720680381710766,2.8279319379870653,0.08017835852285354
2024-10-07,3.180000066757202,3.190000057220459,2.9200000762939453,3.009999990463257,12152600,52.03251874929855,11958295.0,0.06711410953141472,-0.12260873111864434,-0.15741607339143207,3.3566143667421193,2.8333856189527657,0.08594975350430809
2024-10-08,3.0299999713897705,3.130000114440918,3.009999990463257,3.119999885559082,9004100,48.854962665644074,11892420.0,-0.047169840320284595,-0.11659842411702037,-0.14925254353654974,3.32587024907898,2.8371297385232537,0.0855749653402194
2024-10-09,2.9700000286102295,3.069999933242798,2.9600000381469727,3.009999990463257,7785900,47.05882559185674,11918705.0,-0.01980196150035629,-0.11534705738172857,-0.1424714463055855,3.2911345247827604,2.838865470448868,0.08679898456051496
2024-10-10,2.940000057220459,2.9600000381469727,2.8499999046325684,2.930000066757202,11858500,45.65217691768925,12094395.0,-0.010101000370632551,-0.11544530557882648,-0.1370662181602337,3.2505577929003273,2.843442212821719,0.08890047477101325
2024-10-11,3.0799999237060547,3.0999999046325684,2.930000066757202,2.940000057220459,10986300,51.333332485622556,12209900.0,0.04761900127918861,-0.103038584126661,-0.13026069135351917,3.198430372503244,2.8725696313114537,0.09037162146167613
2024-10-14,3.0799999237060547,3.0999999046325684,3.0199999809265137,3.0899999141693115,6647200,51.333332485622556,11782060.0,0.0,-0.09214398943762303,-0.12263735097033995,3.1945778814352765,2.8734221252404435,0.09172340558803281
2024-10-15,3.109999895095825,3.1500000953674316,3.0399999618530273,3.0799999237060547,8497500,57.142852277170526,11726750.0,0.00974025069249751,-0.08016510426340906,-0.11414290162895378,3.1912934724468016,2.8747065122944093,0.08855368204178905
2024-10-16,3.190000057220459,3.2200000286102295,3.122999906539917,3.140000104904175,10353700,59.18367413138586,11562440.0,0.025723525666604186,-0.06348459605984091,-0.1040112405151312,3.2124587362614916,2.866541259923811,0.09078715122030645
2024-10-17,3.190000057220459,3.200000047683716,3.109999895095825,3.1600000858306885,5879300,54.54545947145849,11247945.0,0.0,-0.04969235064610711,-0.09314746254132639,3.2321170179604506,2.86088298871527,0.09771285757942952
2024-10-18,3.190000057220459,3.2799999713897705,3.183000087738037,3.200000047683716,6503900,56.25000349245973,10994605.0,0.0,-0.038320165770433956,-0.0821820031871479,3.2493991607191908,2.8566008574006214,0.10271319763486995
2024-10-21,3.059999942779541,3.240000009536743,3.0299999713897705,3.1600000858306885,7877800,53.33332980120661,10972295.0,-0.040752386241080796,-0.039344016768877665,-0.07361440590349386,3.2503241091294104,2.8576759070830526,0.09836018876337352
2024-10-22,3.299999952316284,3.309999942779541,2.984999895095825,3.049999952316284,25027500,53.67646672115232,11815155.0,0.07843137713222958,-0.020552514462518268,-0.06300202761529874,3.2917899430457713,2.842210072213018,0.11051328331147707
2024-10-23,3.119999885559082,3.490000009536743,3.0899999141693115,3.390000104904175,17429700,57.03124214196706,12033730.0,-0.054545475563070656,-0.019954590465659727,-0.054392540185370944,3.290733234078087,2.8642667611535417,0.10204502370779707
2024-10-24,3.0899999141693115,3.2850000858306885,3.049999952316284,3.1500000953674316,14628500,54.330703783364285,12089505.0,-0.0096153757981291,-0.021651888864277602,-0.04784440992115228,3.285936815232846,2.8860631637863188,0.09603399581854744
2024-10-25,3.0999999046325684,3.140000104904175,3.049999952316284,3.059999942779541,10065000,46.29628934651023,11906765.0,0.00323624295826086,-0.02193721584772934,-0.04266297110646769,3.2873815233839094,2.887618452774233,0.09385808741068367
2024-10-28,3.4100000858306885,3.430000066757202,3.130000114440918,3.130000114440918,21890400,65.32258219575007,12362670.0,0.10000006152737706,0.002818593316057161,-0.03356665822196272,3.3506979465154623,2.8623020410867714,0.1217478230698069
2024-10-29,3.359999895095825,3.4200000762939453,3.25,3.4100000858306885,11536600,65.85364671730702,12234295.0,-0.014662812163150685,0.018193430370760932,-0.02321464050341799,3.3860728535092517,2.8659271207415418,0.12666475406192476
2024-10-30,3.2799999713897705,3.4800000190734863,3.259999990463257,3.4100000858306885,16623600,63.28124199644943,12098690.0,-0.023809501846360326,0.02365015004252946,-0.013841682394228498,3.397227460620491,2.8627725060009075,0.11343782054836303
2024-10-31,3.1500000953674316,3.2799999713897705,3.0799999237060547,3.2699999809265137,13328900,52.75591127678172,12090665.0,-0.039634108889109676,0.017285479902759526,-0.0076162499348308935,3.3923541718362644,2.888645798599832,0.11004746890533991
2024-11-01,3.2799999713897705,3.3350000381469727,3.1700000762939453,3.2300000190734863,9928800,57.14285714285714,11900290.0,0.04126980066239483,0.022472289932895517,-0.001598541961285612,3.4027990909669943,2.90820087470073,0.10793009761442245
2024-11-04,3.240000009536743,3.3299999237060547,3.2200000286102295,3.2699999809265137,8620100,54.60993207608425,11723665.0,-0.012195110427418387,0.02308905536500694,0.0033389775039728985,3.4084915726484044,2.908508387297274,0.10494374940836962
2024-11-05,3.25,3.25,3.1500000953674316,3.2200000286102295,8216500,52.238803580121434,11684285.0,0.0030864168005624304,0.02410687304404302,0.007492556611986923,3.4150048463009774,2.923995116505724,0.10522609732210332
2024-11-06,3.2100000381469727,3.380000114440918,3.140000104904175,3.3299999237060547,16040400,50.72463692999823,12097010.0,-0.012307680570162294,0.021438706199809587,0.010281786529551456,3.4087281570108754,2.9542718067495004,0.10498562930566062
2024-11-07,3.5,3.6500000953674316,3.3499999046325684,3.4000000953674316,29726500,59.28143498853878,12990410.0,0.09034266617032038,0.04223784644175099,0.016672998511991364,3.449102767909365,2.969897190128965,0.1288090212543396
2024-11-08,3.890000104904175,4.099999904632568,3.490000009536743,3.5899999141693115,41549000,71.50259412993714,14518545.0,0.1114286014011927,0.08916324563857048,0.031171047937307187,3.6300831508447127,2.869916825313429,0.207136454323248
2024-11-11,4.510000228881836,4.59499979019165,4.059999942779541,4.28000020980835,49078700,76.19048012234278,16640120.0,0.15938306099169997,0.1743707535244554,0.059810989054736835,3.993128940950107,2.649871065725613,0.38438269664132063
2024-11-12,4.659999847412109,4.860000133514404,4.34499979019165,4.409999847412109,37569300,83.7719329433028,18093710.0,0.03325933723233154,0.2511074229642509,0.09807027583663966,4.289816342817179,2.50818365909017,0.504346514181005
2024-11-13,4.28000020980835,4.78000020980835,4.150000095367432,4.769999980926514,33046800,72.62358493328404,19228365.0,-0.0815449892803729,0.27805376071690446,0.13406697281269264,4.420585234328537,2.486414782837601,0.5304425207049592
2024-11-14,4.289999961853027,4.539999961853027,4.28000020980835,4.320000171661377,16100000,72.62358245151671,19739400.0,0.002336390550113032,0.2967945609914433,0.16661249044844278,4.5357349914090115,2.4812650162203824,0.5428096609293811
2024-11-15,4.110000133514404,4.289999961853027,4.050000190734863,4.28000020980835,16516000,64.00000762939817,20240005.0,-0.04195800231682845,0.29373628930497864,0.19203725021975,4.603840236613822,2.5051597786449675,0.5497097401810506
2024-11-18,4.409999847412109,4.480000019073486,4.050000190734863,4.130000114440918,19487800,69.09091980989965,20820505.0,0.0729926287474787,0.3119243865076511,0.21601467747733022,4.710361448859018,2.533638556863028,0.568844985666117
2024-11-19,5.130000114440918,5.150000095367432,4.328999996185303,4.349999904632568,34883300,77.28614847294247,21313295.0,0.16326537232225102,0.3800555450874543,0.24882285099935506,4.98085995242001,2.4461400695144992,0.6503038268276637
2024-11-20,5.059999942779541,5.159999847412109,4.875,5.139999866485596,28598800,78.6786852578802,21871750.0,-0.013645257329395921,0.42351948133411366,0.2837621770663068,5.179486996743291,2.441513030913263,0.6757088296958839
2024-11-21,5.78000020980835,5.909999847412109,4.940000057220459,5.099999904632568,42379800,81.88776334081412,23259315.0,0.1422925445001686,0.5101819087395318,0.3290461234009518,5.527809057616049,2.36219099960441,0.7768915489492715
2024-11-22,6.039999961853027,6.21999979019165,5.739999771118164,6.079999923706055,46572300,83.81643147782404,25084680.0,0.04498265443026672,0.5930065040636983,0.3818381995335011,5.877492474225434,2.306507588717072,0.8567508329066155
2024-11-25,7.480000019073486,7.900000095367432,6.414999961853027,6.644999980926514,79913300,87.97128018809816,27985825.0,0.23841060700581163,0.7660114593345364,0.4586728514937082,6.604662351400725,1.986337704866059,1.1133419113456278
2024-11-26,7.21999979019165,7.61899995803833,6.820000171661377,7.25,39613100,84.6286710596632,29389650.0,-0.03475938879931195,0.8720864178913761,0.5413555647732418,7.094592234248896,1.8824078115274712,1.2019388699713862
2024-11-27,8.079999923706055,8.539999961853027,7.449999809265137,7.510000228881836,62743000,86.00629065205686,31695620.0,0.11911359536086308,1.013859271651972,0.6358563061489879,7.721370605324124,1.7356294356838724,1.3667221824099554
2024-11-29,9.569999694824219,9.84000015258789,8.3100004196167,8.8100004196167,60496800,88.06970580071497,34054015.0,0.18440591400831918,1.232241298115973,0.7551333045423849,8.645834111849954,1.4531658891037211,1.7011979342785049
2024-12-02,7.300000190734863,9.720000267028809,6.820000171661377,9.6899995803833,115890600,65.31284500036953,39352105.0,-0.23719953777188185,1.2082131099981224,0.8457492656335325,8.879630430942417,1.6213695919457671,1.707090030900657
2024-12-03,6.75,7.159999847412109,6.260000228881836,6.409999847412109,51919400,60.98843486790005,41517070.0,-0.0753424899129348,1.1317441370266756,0.9029482399121611,8.984553119348762,1.8674469025857472,1.6759631550184155
2024-12-04,6.960000038146973,7.300000190734863,6.650000095367432,6.739999771118164,40378400,64.34689465405795,43125165.0,0.031111116762514435,1.0756873192285576,0.9374960557754405,9.078051494832941,2.144948530916264,1.6026653058266493
2024-12-05,7.659999847412109,8.369999885559082,7.039999961853027,7.150000095367432,57415800,66.79960107317363,45193935.0,0.10057468468800534,1.0753500556616835,0.9650668557526891,9.221894105312723,2.4461059013629973,1.529174993007112
2024-12-06,8.279999732971191,8.630000114440918,7.71999979019165,8.020000457763672,43482000,69.91403860085683,45881710.0,0.08093993445294201,1.112289796664868,0.994511443935125,9.441979670256842,2.704020309715996,1.4219564814105958
2024-12-09,7.820000171661377,8.260000228881836,7.429999828338623,8.25,31789600,66.03951289041605,45393740.0,-0.055555504365306096,1.091860400290341,1.0139812352061681,9.559897202400986,2.9791027842475732,1.2566711206584547
2024-12-10,7.71999979019165,8.25,7.570000171661377,7.639999866485596,18811700,62.937061637897095,43880390.0,-0.012787772285749344,1.0554343709874665,1.0222718623624278,9.671825185015829,3.1881747577637136,1.1318514581716104
2024-12-11,7.389999866485596,7.599999904632568,7.039999961853027,7.599999904632568,26294600,61.343719747884535,43316655.0,-0.042746105268723356,0.9885429367823111,1.0155260772464045,9.723308829204028,3.4096911154828624,0.9371246214322279
2024-12-12,7.170000076293945,7.449999809265137,6.849999904632568,7.0,56677500,57.11361312630822,44498190.0,-0.029769931551605566,0.9073198305745818,0.99388482791204,9.686492017114523,3.735507914220926,0.8141900068728581
2024-12-13,8.390000343322754,8.529999732971191,7.329999923706055,7.5,84219600,60.95060802295218,47904170.0,0.17015345244729851,0.9306656252964691,0.9812409873889258,9.750809088027374,4.081190881455047,0.7198339473045929
2024-12-16,8.869999885559082,9.289999961853027,8.130000114440918,8.59000015258789,70257000,57.11361312630822,50591220.0,0.05721090853331612,0.9766411758091484,0.9803210250729705,9.789118192509392,4.5188817521774975,0.780560463957156
2024-12-17,9.09000015258789,9.520000457763672,8.569999694824219,8.836000442504883,42851200,59.60945807819317,51759390.0,0.024802736174436957,1.0190819711497658,0.9880732142883295,9.820530315520541,4.955469659683926,0.8322275394334114
2024-12-18,8.949999809265137,10.579999923706055,8.760000228881836,9.279999732971191,81992300,54.82796867671804,54114840.0,-0.015401577664759025,1.0295517182182365,0.996368915074311,9.860199018293516,5.297800926393373,0.8754753272895883
2024-12-19,8.420000076293945,9.680000305175781,8.1899995803833,9.140000343322754,52338900,42.85714454955529,55301845.0,-0.05921784852135192,0.9837425474141437,0.9938436415422776,9.721352272301441,5.772647685736889,0.7629817778706408
2024-12-20,9.489999771118164,10.0,8.180000305175781,8.25,70232700,65.98539973227506,56694490.0,0.12707834740248347,1.0219975311585774,0.9994744194655376,9.824119897290931,6.040880016878381,0.8476288591157237
2024-12-23,9.380000114440918,10.140000343322754,9.149999618530273,9.699999809265137,36494600,70.51482502602519,56190605.0,-0.011591112679688265,1.0315477876204637,1.0058890930965227,9.87373034873464,6.325269580693462,0.8240295597042504
2024-12-24,10.800000190734863,11.0600004196167,9.100000381469727,9.5,48487000,75.1968549268424,54619290.0,0.15138593379202558,1.140551011303561,1.0328214767379305,10.383607129530423,6.147392817063816,0.9830523067078861
2024-12-26,11.329999923706055,11.359999656677246,10.600000381469727,11.119999885559082,54655400,74.63087677885889,55371405.0,0.049074048482505406,1.2552338460352734,1.0773039505973991,10.931799139998548,6.010200819947132,1.198681522619191
2024-12-27,11.180000305175781,11.6899995803833,10.8100004196167,11.15999984741211,36379300,70.77364726804362,54053220.0,-0.013239154416623156,1.3188146290786698,1.1256060862936532,11.358613207684522,5.893386790408128,1.3448935152574815
2024-12-30,10.0600004196167,10.890000343322754,9.819999694824219,10.619999885559082,43126000,64.65968957272452,53184680.0,-0.10017887790580637,1.264254686129851,1.153335806260893,11.42718104337214,5.873819027199758,1.3268355193042487
2024-12-31,9.75,10.418000221252441,9.569999694824219,10.079999923706055,31132900,62.929939369995374,48946795.0,-0.030815149769994776,1.1823714530679954,1.1591429356223135,11.514771375468403,6.031228676030012,1.2669330491525128
2025-01-02,9.569999694824219,10.09000015258789,9.329999923706055,9.920000076293945,36285000,64.15584426843853,48165075.0,-0.018461569761618613,1.0903846056343642,1.1453912696247237,11.503545087040544,6.32445493394029,1.14119011798048
2025-01-03,11.510000228881836,11.510000228881836,9.520000457763672,9.649999618530273,55752700,73.03609404160085,48933790.0,0.20271688567626978,1.1606469802407098,1.1484424117479208,11.80660626839758,6.476393771656742,1.0574604640686878
2025-01-06,11.449999809265137,11.800000190734863,11.270000457763672,11.600000381469727,44928800,68.52299867524712,48309440.0,-0.005212894737060103,1.1976827447606944,1.1582904783504755,12.08988546343056,6.572114572809065,1.0663270666745766
2025-01-07,11.140000343322754,12.475000381469727,10.930000305175781,11.470000267028809,37191700,64.0296688192121,47994925.0,-0.027074189616277278,1.1883212610500564,1.1642966348903916,12.299198045584891,6.648802051689888,1.0555703235627325
2025-01-08,10.479999542236328,11.170000076293945,10.0600004196167,10.680000305175781,35098100,58.147709717213786,48160350.0,-0.05924603058760458,1.1147950060784169,1.1543963091279967,12.353704156380934,6.8602958779513425,1.012547989747826
2025-01-10,8.970000267028809,10.050000190734863,8.9399995803833,9.770000457763672,37740100,50.101012416840085,49106770.0,-0.14408390659960857,0.9240289666273487,1.1083228406278671,12.289371311460325,7.0496287705556675,1.0105838481968803
2025-01-13,8.229999542236328,8.680000305175781,8.0600004196167,8.529999732971191,25967500,49.06033371618654,49090415.0,-0.0824972912779629,0.705006752924378,1.0276596230871693,12.20120331161191,7.2217967379791554,1.0379852575798691
2025-01-14,8.220000267028809,8.89900016784668,8.0,8.680000305175781,27182500,42.98342830208144,47615665.0,-0.001214978829124247,0.5245762244747336,0.9270429433646822,12.06519794603793,7.46280212262662,1.1570997270051173
2025-01-15,8.789999961853027,9.069999694824219,8.574999809265137,8.680000305175781,26587900,46.89800137545706,44734080.0,0.06934302631479716,0.42270525932808667,0.8261754065573631,12.041454669115268,7.526545361402309,1.1972643362477287
2025-01-16,9.09000015258789,9.609999656677246,8.630000114440918,8.800000190734863,26089100,39.80929697155562,42525685.0,0.034129714679955514,0.36200631029086594,0.7333415873040637,12.035784748252146,7.5542153089683115,1.2081620717020676
2025-01-17,8.819999694824219,9.449999809265137,8.779999732971191,9.180000305175781,27474000,34.56334625387862,41756825.0,-0.029703020157464288,0.28878622754505123,0.6444305153522613,12.043323097705475,7.519676913738618,1.1788698993844455
2025-01-21,9.699999809265137,9.930000305175781,8.819999694824219,9.039999961853027,32859300,41.64785420625733,39300175.0,0.09977325905774381,0.298328494038115,0.575210111089432,12.047399586143392,7.5906004253007,1.1103836076868105
2025-01-22,9.770000457763672,10.180000305175781,9.399999618530273,9.710000038146973,29045900,48.14340668726977,38135525.0,0.0072165618427819656,0.30798897115321466,0.5217658831021885,12.016064219365152,7.756935830225912,1.1058180706245857
2025-01-23,9.890000343322754,9.9399995803833,9.350000381469727,9.510000228881836,22698300,50.91863720723176,35758805.0,0.01228248515216035,0.3216205156480676,0.48173680961136434,12.027882778122027,7.785117328689495,1.1071528632049066
2025-01-24,9.970000267028809,10.600000381469727,9.880000114440918,9.979999542236328,34108400,52.65957777345751,35639495.0,0.008088970771377824,0.33501706988528035,0.45239286166614756,12.042915103902553,7.829085018167758,1.109037100244092
2025-01-27,9.15999984741211,9.720000267028809,8.899999618530273,9.399999618530273,24766400,31.611894331116247,34453465.0,-0.08124377110554382,0.27707966927680516,0.4173302231882791,11.946939668363783,7.761060419374252,0.9879182548540484
2025-01-28,9.15999984741211,9.3100004196167,8.789999961853027,9.3100004196167,15443000,31.911535193967225,32492845.0,0.0,0.22852951587384673,0.3795700817253927,11.738883722550725,7.752116357557917,0.8250292183741824
2025-01-29,9.039999961853027,9.4350004196167,8.850000381469727,9.180000305175781,14701400,32.899023307236206,31408950.0,-0.013100424405900424,0.1783146809879117,0.3393190015778965,11.535059632621518,7.74194041315485,0.6547313339213066
2025-01-30,9.270000457763672,9.420000076293945,8.9399995803833,9.079999923706055,16243200,39.40456327235498,30064810.0,0.025442532840840748,0.15528811565433642,0.3025128243931845,11.491499431795905,7.706500617795162,0.5490812821394482
2025-01-31,9.449999809265137,10.180000305175781,9.229999542236328,9.329999923706055,30880400,55.479445492953694,30052185.0,0.019417404812608563,0.14983661683009153,0.2719775828805659,11.476215736359258,7.69178429415832,0.5520512479324329
2025-02-03,9.180000305175781,9.295000076293945,8.649999618530273,8.8100004196167,23339400,62.14834782625663,29404905.0,-0.028571376670784465,0.1223195377460744,0.2420459738536676,11.465341763635642,7.66365832791709,0.47954254264834956
