Price,Close,High,Low,Open,Volume,RSI,Volume_MA20,Price_Change,MACD,Signal,Bollinger_Upper,Bollinger_Lower,ATR
Ticker,BBAI,BBAI,BBAI,BBAI,BBAI,,,,,,,,
Date,,,,,,,,,,,,,
2022-03-04,7.75,8.194000244140625,7.170000076293945,7.309999942779541,573800,87.55981712719681,229765.0,0.038873989325751035,0.46663307240389607,0.18869995504364456,7.250308245261023,3.820691758553675,0.915789732215687
2022-03-07,9.609999656677246,9.710000038146973,7.78000020980835,7.949999809265137,1107300,91.04992018515402,282170.0,0.23999995570028987,0.704217027464856,0.2918033695278869,8.246794591273723,3.256205382023395,1.3329228400363526
2022-03-08,7.929999828338623,9.5,7.0,9.460000038146973,1051700,69.14446369553146,332920.0,-0.1748178864055756,0.7483159572039533,0.38310588706310017,8.549416948458038,3.226583026746428,1.387023152703219
2022-03-09,8.539999961853027,9.130000114440918,7.550000190734863,7.920000076293945,526400,71.39142099730788,356150.0,0.07692309542485853,0.8229995628673121,0.47108462222394254,8.942029625804405,3.1799703532147587,1.4694813800347915
2022-03-10,8.609999656677246,9.430000305175781,8.270000457763672,8.270000457763672,468600,72.20779428274604,375305.0,0.008196685613219845,0.8777174681693998,0.5524111914130341,9.287426086470944,3.2025738753820834,1.5102207318261427
2022-03-11,9.460000038146973,10.5,8.489999771118164,8.800000190734863,1085600,75.76832654309969,426120.0,0.09872246403756035,0.9783914418632707,0.6376072415030815,9.75467804033163,3.2083219234287457,1.5824149264517382
2022-03-14,8.479999542236328,10.369999885559082,8.4399995803833,10.369999885559082,408800,68.55614719632484,442875.0,-0.10359413234237236,0.9679406245210016,0.7036739181066655,9.93989112968202,3.410108774950549,1.498945485266575
2022-03-15,8.15999984741211,8.699999809265137,7.550000190734863,8.699999809265137,335200,65.5755017062413,456375.0,-0.03773581510593205,0.923194958645543,0.747578126214441,10.050183270619007,3.631816603495983,1.3772762254588122
2022-03-16,8.449999809265137,8.760000228881836,7.909999847412109,8.34000015258789,218600,65.5755017062413,463270.0,0.035539211675965854,0.9007509728379963,0.7782126955391521,10.191881743894124,3.815118130220867,1.2581436872052318
2022-03-17,8.289999961853027,9.0600004196167,8.289999961853027,8.4399995803833,708900,62.29327569649118,496610.0,-0.018934893612266745,0.8601381645304009,0.7945977893374019,10.28113884719853,4.029861023101763,1.1622116825663
2022-03-18,6.440000057220459,6.960000038146973,6.210000038146973,6.960000038146973,973000,53.10150322026437,541590.0,-0.22316042378111733,0.6709385284266327,0.7698659371552481,10.225930284833797,4.210069585466496,1.0786091051111173
2022-03-21,6.170000076293945,6.599999904632568,6.150000095367432,6.550000190734863,501400,51.52073705580418,564925.0,-0.0419254625042732,0.4935207121639973,0.714596892156998,10.156358719885386,4.386641167581046,1.0308261646923764
2022-03-22,6.199999809265137,6.420000076293945,5.920000076293945,6.25,349000,47.609561535387236,581165.0,0.004862193290151584,0.3512871229967969,0.6419349383249577,10.064587304696984,4.5974125408077775,1.084755686049511
2022-03-23,6.289999961853027,6.480000019073486,6.010000228881836,6.199999809265137,322700,43.74331471713355,595580.0,0.014516154089778688,0.24302677758224878,0.5621533061764159,9.981398043315217,4.788601794560149,1.1687120027343663
2022-03-24,7.329999923706055,7.466000080108643,6.300000190734863,6.429999828338623,274100,47.92079158371982,586835.0,0.1653418073386832,0.23840084263226302,0.49740281346758536,9.917528629041525,5.035471201204446,1.1777795491055003
2022-03-25,7.559999942779541,7.65500020980835,6.900000095367432,7.150000095367432,170500,37.8984665603438,555340.0,0.031377901973728584,0.2504072957726695,0.44800370992860217,9.899688497987388,5.203311332258584,1.0647149959762627
2022-03-28,7.46999979019165,8.119999885559082,7.409999847412109,7.849999904632568,253200,46.65697652256251,545520.0,-0.011904782178450812,0.24978091730560337,0.4083591514040024,9.83250797617883,5.439491812105471,1.064430098502997
2022-03-29,7.0,8.039999961853027,6.889999866485596,7.369999885559082,188600,38.575667550819944,550730.0,-0.06291831370715373,0.20895079800921756,0.3684774807250455,9.747427195852985,5.640572577172527,1.0476034322902001
2022-03-30,8.270000457763672,8.270000457763672,7.309999942779541,7.320000171661377,680200,47.85894725412681,537265.0,0.18142863682338173,0.2758907604560541,0.34996013667124726,9.784305102876807,5.7626947330912115,1.025216395530968
2022-03-31,8.239999771118164,8.479999542236328,7.989999771118164,8.329999923706055,302200,41.4325834043008,524990.0,-0.003627652356094413,0.32279932856141613,0.34452797504928107,9.827954563758052,5.7970452455070856,0.892831299066659
2022-04-01,8.359999656677246,8.979999542236328,8.039999961853027,8.819999694824219,224600,49.0415344954347,507530.0,0.014563093312173425,0.36544507132603954,0.34871139430463277,9.872882840045252,5.81311693488761,0.8827382809471915
2022-04-04,8.739999771118164,8.899999618530273,8.369999885559082,8.720000267028809,186000,54.58860652050603,461465.0,0.04545456101034717,0.4250057612955924,0.3639702677028247,9.703318406343138,5.895681380033815,0.9311581077913703
2022-04-05,10.34000015258789,11.270000457763672,8.789999961853027,8.789999961853027,2104700,62.385321616931456,514115.0,0.18306640999660218,0.5944621071007123,0.41006863558240225,10.137784469161554,5.702215349640326,1.1842222991947589
2022-04-06,10.369999885559082,16.1200008392334,10.279999732971191,14.6899995803833,18016500,63.866664394802804,1388620.0,0.0029013280975322964,0.722845694540025,0.4726240473739268,10.474440147239267,5.548559663933218,1.3875712071874833
2022-04-07,11.539999961853027,12.729999542236328,10.5,10.970000267028809,5024900,87.39002245678908,1616435.0,0.11282546665436799,0.9085269079413969,0.5598046194874209,11.07714615929371,5.238853682396355,1.6551956298127763
2022-04-08,11.579999923706055,14.039999961853027,11.399999618530273,11.779999732971191,4901500,91.04703292288683,1807230.0,0.0034662012118935603,1.0468409392391056,0.6572118834377578,11.517075540152678,5.010924290093292,1.7875572930862336
2022-04-11,12.319999694824219,12.699999809265137,10.619999885559082,11.170000076293945,1508600,91.91780086395042,1862220.0,0.06390326217561282,1.202308142775351,0.7662311353052765,12.181702348101561,4.730297497403198,1.9198003623975943
2022-04-12,11.739999771118164,12.289999961853027,10.819999694824219,11.789999961853027,590300,84.98073920891316,1874975.0,-0.04707791705138753,1.2641436143924345,0.8658136311227081,12.6347445728264,4.6352552650489685,1.8895356397743046
2022-04-13,12.6899995803833,13.109999656677246,11.760000228881836,11.989999771118164,853400,84.80518912722212,1906715.0,0.08091991718792468,1.373967474496574,0.9674443997974814,13.235986470010227,4.458013344976957,1.9897467285717656
2022-04-14,12.630000114440918,13.59000015258789,12.380000114440918,12.529999732971191,823600,83.66533884725095,1912450.0,-0.004728090459130696,1.4395677781554461,1.0618690754690743,13.755745769692126,4.372254060553847,2.0254768434511954
2022-04-18,11.630000114440918,12.930000305175781,11.569999694824219,12.760000228881836,578500,74.64455151685911,1892725.0,-0.07917656301971188,1.394786616883561,1.1284525837519717,13.978128689824077,4.668871146143941,1.9132431354257153
2022-04-19,11.130000114440918,12.180000305175781,10.970000267028809,11.699999809265137,466500,74.380165196203,1890980.0,-0.042992260969899054,1.303920617404069,1.1635461904823912,14.04364186417465,5.099357975608064,1.6508632151209783
2022-04-20,11.670000076293945,11.949999809265137,10.970000267028809,10.970000267028809,294400,71.96382247462967,1888250.0,0.048517516289365625,1.2609467330889927,1.1830262990037115,14.113387998790916,5.576611867694681,1.5126819666499962
2022-04-21,11.800000190734863,12.100000381469727,11.270000457763672,11.710000038146973,289500,72.70408662866971,1886590.0,0.011139684112341675,1.223278351565753,1.1910767095161199,14.125940857538424,6.1150590318353535,1.3121495236254153
2022-04-22,8.550000190734863,12.388999938964844,8.109999656677246,11.5,1007400,50.86600066522483,1923255.0,-0.2754237243616181,0.9205663335453735,1.1369746343219707,14.042562107584619,6.320437808492041,1.2813439003723104
2022-04-25,10.100000381469727,10.34000015258789,8.399999618530273,9.550000190734863,594400,55.60132075258262,1944450.0,0.1812865679716018,0.7965547524934937,1.0688906579562754,13.968349103184055,6.648650856761625,1.1226285161547256
2022-04-26,9.960000038146973,10.25,9.649999618530273,9.899999618530273,148700,48.220973138975445,1939225.0,-0.013861419607429926,0.679149016276174,0.9909423296202551,13.84746513327076,7.018534851470452,1.1516391891363604
2022-04-27,10.600000381469727,10.850000381469727,9.550000190734863,9.760000228881836,212000,51.01860273112389,1940395.0,0.06425706233650019,0.6304790336213877,0.9188496704204817,13.620801026262217,7.6051989966259645,1.1394657109712716
2022-04-28,10.430000305175781,10.770000457763672,10.093000411987305,10.40999984741211,98800,44.60641564240902,1911325.0,-0.01603774246943701,0.5716010749297009,0.8493999513223256,13.522622841965404,7.919377165663993,1.1585478745504227
2022-04-29,10.010000228881836,10.380000114440918,9.569999694824219,10.029999732971191,113200,42.64292556889309,1901875.0,-0.04026846251246263,0.48545336816000706,0.7766106346898619,13.383732398691258,8.235267654714505,1.1945837824244763
2022-05-02,10.670000076293945,11.020000457763672,9.779000282287598,9.8100004196167,151600,42.20963364137884,1898225.0,0.06593404918291745,0.4650760544655146,0.7143037186449925,13.229654218575543,8.620345876791887,1.1442307507197436
2022-05-03,11.100000381469727,11.609999656677246,10.520000457763672,10.630000114440918,352500,46.934868980319415,1906550.0,0.04029993459242176,0.4781129292833892,0.6670655607726719,13.105559310620745,8.980440845781843,1.12379571452271
2022-05-04,10.569999694824219,11.38599967956543,10.0600004196167,10.930000305175781,246900,39.421159745850595,1813660.0,-0.04774780796677158,0.44059916755036355,0.6217722821282102,13.10307289703153,9.005927213594688,1.0043654508786637
2022-05-05,10.34000015258789,10.920000076293945,10.1850004196167,10.489999771118164,126200,38.76349544889649,919145.0,-0.02175965457680673,0.3878394287201612,0.5749857114466005,13.103726019540279,9.002274117788822,0.8542820241599798
2022-05-06,10.069999694824219,10.289999961853027,9.84000015258789,10.180000305175781,76700,41.75475634886368,671735.0,-0.02611222957246251,0.32054513039945043,0.5240975952371705,13.061861629474242,8.897138481151979,0.8118923854542476
2022-05-09,8.239999771118164,9.979999542236328,8.0600004196167,9.850000381469727,257300,36.607971071943005,439525.0,-0.18172790259831273,0.1181858414434327,0.44291524447842295,13.204749500462784,8.42025059490465,0.9877450292654861
2022-05-10,8.010000228881836,8.760000228881836,7.639999866485596,8.489999771118164,129200,32.538171082232736,370555.0,-0.027912566580704845,-0.06005215004174147,0.3423217655743901,13.185892060056505,8.008108088716687,1.0758408906095613
2022-05-11,7.5,8.130000114440918,7.349999904632568,7.989999771118164,87000,30.202580241890757,345390.0,-0.06367043874017841,-0.23969672402164832,0.2259180676551824,13.258556451621159,7.5114437200402175,1.1439591047509714
2022-05-12,7.400000095367432,7.599999904632568,7.135000228881836,7.349999904632568,90200,42.542153850150086,307230.0,-0.013333320617675781,-0.3856895111387413,0.10359655189639767,13.073475308354386,7.167524914805404,1.2692483416913471
2022-05-13,7.639999866485596,7.71999979019165,7.420000076293945,7.559999942779541,56200,30.781249126885243,268860.0,0.03243240108448231,-0.47653072145594066,-0.012428902774069994,12.774014250151469,6.967985948212791,1.3675662857036246
2022-05-16,7.329999923706055,7.860000133514404,7.25,7.539999961853027,81700,29.98478040453496,244020.0,-0.04057590944987033,-0.5670014005135844,-0.12334340232197288,12.646113052465989,6.6658871268247815,1.471354578079161
2022-05-17,7.599999904632568,7.6479997634887695,7.150000095367432,7.269999980926514,95400,25.806448883866537,225465.0,0.03683492274717537,-0.6098829722311212,-0.22065131630380255,12.519586621660842,6.439413536649096,1.4826263708532412
2022-05-18,9.210000038146973,9.720000267028809,7.439000129699707,7.699999809265137,961500,42.01570541750649,258820.0,0.21184212548911097,-0.5080963528436442,-0.2781403236117709,12.217190439579156,6.495809714916085,1.4311866331107623
2022-05-19,9.699999809265137,10.258000373840332,8.880000114440918,9.210000038146973,786500,47.98962115380738,283670.0,0.053203015101914275,-0.383470428814471,-0.29920634465231094,11.879233065102301,6.6237670512459665,1.4163100405682842
2022-05-20,10.0,10.300000190734863,9.09000015258789,10.149999618530273,575100,45.44217658829584,262055.0,0.030927855323080733,-0.25752736282057676,-0.2908705482859641,11.950251478302128,6.697748618972653,1.3642928925542808
2022-05-23,10.119999885559082,10.520000457763672,9.267000198364258,9.979999542236328,511300,43.039769167465344,257900.0,0.011999988555908114,-0.14634659531271943,-0.2619657576913152,11.952510470150568,6.6974895775331476,1.2646688279183722
2022-05-24,6.110000133514404,7.989999771118164,6.019999980926514,7.909999847412109,878500,28.802281493771403,294390.0,-0.3962450392679173,-0.3774574090202414,-0.2850640879571005,12.105535948314499,6.15946410890596,1.3534028717302633
2022-05-25,6.519999980926514,7.199999809265137,6.210000038146973,6.360000133514404,555700,32.149530794435265,311575.0,0.06710308321651093,-0.5215190853904623,-0.33235508744377285,12.034496121515842,5.822503895650295,1.3431283534361724
2022-05-26,5.78000020980835,6.454999923706055,5.704999923706055,6.25,450600,30.796777058537643,329165.0,-0.11349689774278304,-0.6874760034860685,-0.403379270652232,12.01743530238351,5.374564705245886,1.383840742711084
2022-05-27,5.380000114440918,5.889999866485596,5.079999923706055,5.889999866485596,381400,35.31827513389874,342575.0,-0.06920416623664705,-0.8415735850605301,-0.4910181335338917,12.036292787630199,4.892707208555104,1.538594266052779
2022-05-31,5.329999923706055,5.739999771118164,5.230000019073486,5.369999885559082,297400,35.98326121919088,349865.0,-0.009293715552282866,-0.9567033455542937,-0.5841551759379722,11.871997385783306,4.523002595143207,1.663493550416542
2022-06-01,5.170000076293945,5.690000057220459,5.119999885559082,5.28000020980835,227000,37.35070491139216,343590.0,-0.030018733527646724,-1.0487656432212642,-0.6770772693946306,11.546247054940778,4.2557528954681585,1.7806920172044767
2022-06-02,5.440000057220459,5.440000057220459,4.96999979019165,5.0,241600,39.55223766786144,343325.0,0.05222436691336774,-1.0874040187756506,-0.7591426192708347,11.22027495010881,4.06872503653975,1.8543427725292456
2022-06-03,5.369999885559082,5.5,5.199999809265137,5.340000152587891,118800,37.67643817018987,342955.0,-0.012867678478875488,-1.110868241023149,-0.8294877436212976,10.87244327952834,3.919556680417339,1.914735173365768
2022-06-06,4.989999771118164,5.619999885559082,4.909999847412109,5.460000038146973,232700,37.39224019439336,350755.0,-0.07076352375030925,-1.146905823240571,-0.8929713595451524,10.537201493662021,3.746798473913053,1.9914271976972913
2022-06-07,5.03000020980835,5.340000152587891,4.744999885559082,4.989999771118164,338500,35.801106957680986,354815.0,0.008016120345677225,-1.1588793261850254,-0.9461529528731271,10.460606146014133,3.5023938654299593,2.0406323989336843
2022-06-08,5.110000133514404,5.25,4.840000152587891,4.929999828338623,282500,22.739362267076615,362480.0,0.01590455673342861,-1.1486719134819348,-0.9866567449948886,10.37632015184784,3.2966798500595083,1.9487004119841165
2022-06-09,5.159999847412109,5.360000133514404,5.010000228881836,5.010000228881836,193200,17.93785303124308,367790.0,0.00978467956777096,-1.1235957934351735,-1.0140445546829457,10.321128055263337,3.1178719313852223,1.7283570372540729
2022-06-10,4.940000057220459,5.392000198364258,4.920000076293945,5.150000095367432,177000,13.857140803823526,372130.0,-0.0426356195149864,-1.108694590981517,-1.03297456194266,10.267629229215034,2.925370753618829,1.3364741332320862
2022-06-13,4.519999980926514,4.860000133514404,4.385000228881836,4.860000133514404,439600,11.643834766381474,391300.0,-0.08502025737430108,-1.1178894431112854,-1.049957538176385,10.18926519097436,2.6917348033035924,0.5080976410835937
2022-06-14,4.369999885559082,4.465000152587891,4.216000080108643,4.429999828338623,120800,24.709299142261457,393255.0,-0.03318586194699158,-1.1243197258278936,-1.0648299757066868,10.126161783414616,2.4588382070486396,0.5196327183594052
2022-06-15,4.059999942779541,4.510000228881836,4.050000190734863,4.510000228881836,227300,13.173653805959844,399850.0,-0.07093820386676752,-1.1412742763737134,-1.0801188358400922,10.02119067233392,2.209809321944034,0.4594413025346161
2022-06-16,3.990000009536743,4.170000076293945,3.859999895095825,4.0,220500,16.479400949727363,362800.0,-0.01724136311067892,-1.147135821745234,-1.0935222330211205,9.583134372994085,2.1258656184228464,0.48778712896390247
2022-06-17,4.050000190734863,4.426000118255615,4.0,4.059999942779541,314800,21.45923401137655,339215.0,0.0150376393620828,-1.1338690884593072,-1.101591604108758,8.909509926870598,2.234490102693305,0.519490966753088
2022-06-21,3.9200000762939453,4.058000087738037,3.9100000858306885,4.0,182300,20.746895068337096,319575.0,-0.032098792177422064,-1.1209237186498449,-1.1054580270169754,7.950642821473866,2.5853572157194327,0.54956524698952
2022-06-22,3.9700000286102295,4.0,3.6700000762939453,3.7200000286102295,254400,23.913047309182502,306730.0,0.012755089628354144,-1.0940186752394245,-1.1031701566614653,6.442709989579189,3.4782900619192247,0.5677408259499296
2022-06-23,3.869999885559082,4.005000114440918,3.8299999237060547,3.930000066757202,148000,13.145546107118193,270205.0,-0.02518895272808208,-1.068448995372214,-1.0962259244036152,6.303253043042348,3.3937469836605327,0.5517907727003397
2022-06-24,3.7699999809265137,3.8889999389648438,3.690000057220459,3.819999933242798,247300,12.962970730370927,254785.0,-0.025839769403022017,-1.044216913847257,-1.0858241222923437,6.012301424365794,3.4096986023370865,0.5285169976331479
2022-06-27,3.75,4.0,3.700000047683716,3.7899999618530273,133700,15.555565563247939,238940.0,-0.005305034755357818,-1.0149271970130407,-1.071644737236483,5.875932624877288,3.3430673808447575,0.5278720693717492
2022-06-28,3.7300000190734863,3.799999952316284,3.6679999828338623,3.690000057220459,98800,13.483135231574124,224810.0,-0.005333328247070335,-0.9820087313391976,-1.053717536057026,5.797061730351963,3.2569382658333392,0.5077319713438274
2022-06-29,3.75,3.7799999713897705,3.5999999046325684,3.7799999713897705,275100,10.465107575307712,223695.0,0.005361925153952507,-0.9434314878873273,-1.0316603264230864,5.704236649607265,3.191763354207432,0.45346829376562303
2022-06-30,3.680000066757202,3.7699999809265137,3.569999933242798,3.7200000286102295,76900,7.471270903931156,216190.0,-0.018666648864746116,-0.9080398361209028,-1.0069362283626497,5.626173331210168,3.120826671650855,0.357848421785494
2022-07-01,3.6700000762939453,3.809999942779541,3.609999895095825,3.6700000762939453,128000,8.496738340787672,210510.0,-0.0027173886635466493,-0.8707610217411892,-0.9797011870383577,5.4686161845688055,3.1013838201995654,0.2544893384883574
2022-07-05,3.6700000762939453,3.7100000381469727,3.5,3.680000066757202,108100,11.711720612980528,209975.0,0.0,-0.8316307709110302,-0.9500871038128923,5.296501598258184,3.1034984255836746,0.19991341545145472
2022-07-06,3.640000104904175,3.744999885559082,3.569999933242798,3.6600000858306885,48700,13.131324564506798,200775.0,-0.008174378955344674,-0.7938890533525571,-0.9188474937208253,5.189743219613057,3.0752568376074016,0.14979105545405308
2022-07-07,3.640000104904175,3.759999990463257,3.5799999237060547,3.6600000858306885,82600,19.117662011544354,187980.0,0.0,-0.7552721629195362,-0.8861324275605675,5.052398524145526,3.0736015225845152,0.14040756877190674
2022-07-08,3.690000057220459,3.8399999141693115,3.634999990463257,3.690000057220459,115500,27.272733840731348,179630.0,0.01373625024046543,-0.7124210740716306,-0.8513901568627802,4.861593917710072,3.1224061213905747,0.1305525055454002
2022-07-11,3.609999895095825,3.759999990463257,3.569999933242798,3.6700000762939453,96000,17.647040261531117,174770.0,-0.02168026040218951,-0.6771113042996335,-0.8165343863501509,4.603281532818345,3.2257185110506734,0.10961469566134013
2022-07-12,3.509999990463257,3.6500000953674316,3.4600000381469727,3.6500000953674316,84400,18.461524918231575,170140.0,-0.027700805412326446,-0.6497077869925514,-0.783169066478631,4.3586947058692695,3.3273053313240286,0.11255522076721007
2022-07-13,3.609999895095825,3.680000066757202,3.440000057220459,3.509999990463257,91300,24.285697742379796,152725.0,0.028490001397228015,-0.6128565170861986,-0.7491065566001447,4.212425473820536,3.3825745547896933,0.08697920502325288
2022-07-14,3.640000104904175,3.7799999713897705,3.4600000381469727,3.5899999141693115,323900,31.74604556217787,162880.0,0.008310307667627637,-0.5746071405413966,-0.714206673388395,4.081585028506862,3.440415022037876,0.06926617616015052
2022-07-15,3.609999895095825,3.8299999237060547,3.5199999809265137,3.609999895095825,249000,35.714282673233384,163965.0,-0.00824181564388704,-0.5404846298936699,-0.67946226468945,4.032816401858289,3.4441836439180773,0.06426253214491123
2022-07-18,3.630000114440918,3.7709999084472656,3.5799999237060547,3.6700000762939453,168200,39.28573253202045,161350.0,0.005540227126394903,-0.5059956410350881,-0.6447689399585776,3.9933003648144805,3.4476996914523044,0.05868525199967753
2022-07-19,3.609999895095825,3.690000057220459,3.5799999237060547,3.690000057220459,76800,39.28571580623915,149450.0,-0.005509702125222393,-0.4748034804693111,-0.6107758480607244,3.926745044095549,3.470254982607332,0.05449068063264687
2022-07-20,3.5,3.640000104904175,3.4600000381469727,3.5999999046325684,91600,30.76924769834575,144915.0,-0.030470885953559068,-0.4537292325639468,-0.5793665249613689,3.897056977803916,3.45794304126957,0.056592857492097824
2022-07-21,3.430000066757202,3.569999933242798,3.4140000343322754,3.5199999809265137,79300,30.76924769834575,136160.0,-0.019999980926513672,-0.4376314064288107,-0.5510195012548572,3.8505499833971637,3.4504500394910202,0.07376829061556515
2022-07-22,2.7200000286102295,3.4800000190734863,2.680000066757202,3.4800000190734863,518700,14.814829204955643,154695.0,-0.2069970916409405,-0.47667007667165295,-0.5361496163382163,4.038236797315976,3.1477632398773223,0.24556393981219068
2022-07-25,2.740000009536743,2.869999885559082,2.700000047683716,2.869999885559082,113100,16.058406609308165,147985.0,0.007352934086817919,-0.5002283517262192,-0.5289653634158169,4.119127660071289,2.9638723799830324,0.320888189053809
2022-07-26,2.859999895095825,2.950000047683716,2.440000057220459,2.690000057220459,298200,23.287673469867656,156210.0,0.04379557851876448,-0.5034124412915939,-0.5238547789909723,4.140382556202936,2.853617473360968,0.3550019428451957
2022-07-27,2.7699999809265137,2.890000104904175,2.640000104904175,2.819999933242798,155200,21.935487641999373,159030.0,-0.031468502612059024,-0.5073496847732244,-0.5205537601474227,4.158985964246235,2.7390140615029717,0.3871429616223894
2022-07-28,2.680000066757202,2.75,2.549999952316284,2.75,76500,18.23900182112763,149100.0,-0.03249094396715779,-0.511832137237886,-0.5188094355655154,4.168449960116539,2.6225500723083885,0.41260894873171533
2022-07-29,2.5399999618530273,2.7290000915527344,2.509999990463257,2.6700000762939453,99000,17.575766157948962,150205.0,-0.05223884381225963,-0.5206792848622372,-0.5191834054248597,4.18750626935981,2.489493752574699,0.4446365342911234
2022-08-01,2.450000047683716,2.640000104904175,2.359999895095825,2.5899999141693115,115400,17.682935339150347,149575.0,-0.03543303760668293,-0.5288566240473895,-0.5211180491493658,4.198480621390962,2.356519397682525,0.47748021570449173
2022-08-02,2.4600000381469727,2.4809999465942383,2.3299999237060547,2.450000047683716,188700,12.903240692102798,153605.0,0.004081628681073202,-0.5284387951207683,-0.5225821983436463,4.18708085194421,2.246919163314579,0.4869799271929628
2022-08-03,2.4000000953674316,2.5290000438690186,2.369999885559082,2.430000066757202,290700,10.759497395579075,165705.0,-0.024390220263873164,-0.5268756619655641,-0.5234408910680298,4.168768358618888,2.1412316556862265,0.48332864034776074
2022-08-04,2.4100000858306885,2.450000047683716,2.3299999237060547,2.4100000858306885,402700,11.538466240997792,181710.0,0.004166662527455456,-0.5188489839071178,-0.5225225096358475,4.132310517278956,2.05468949511881,0.46468941454967705
2022-08-05,2.700000047683716,4.340000152587891,2.380000114440918,2.4100000858306885,10936600,24.5901577406253,722765.0,0.12033193009330079,-0.48351356700231474,-0.5147207211091409,4.0571638336661495,2.0308361777779425,0.4113158702475016
2022-08-08,2.740000009536743,3.309999942779541,2.6110000610351562,3.009999990463257,1947400,26.48648230675846,815335.0,0.01481480042466754,-0.4471281172908763,-0.501202200345488,3.985663060580635,2.0153369623075483,0.33985128081756855
2022-08-09,2.740000009536743,2.9100000858306885,2.4700000286102295,2.7100000381469727,1226600,28.160913949093782,872445.0,0.0,-0.41352552145096455,-0.4836668645665833,3.923218497054327,2.0007815277412053,0.261205984361252
2022-08-10,2.0,2.2799999713897705,1.8899999856948853,2.25,1568700,20.331944009019935,946315.0,-0.27007299524128703,-0.4415174995855775,-0.4752369915703822,3.8830414428242426,1.8799585924617075,0.22622679548947586
2022-08-11,1.9299999475479126,2.069999933242798,1.8799999952316284,2.0199999809265137,714300,27.683608779813184,965835.0,-0.0350000262260437,-0.46400104789707264,-0.4729898028357203,3.8166788137596095,1.7753212057907142,0.2819983597440388
2022-08-12,1.9199999570846558,2.0,1.8600000143051147,1.8700000047683716,458600,26.704539104617496,976315.0,-0.00518134234975598,-0.4771263223330955,-0.47381710673519534,3.728249745448964,1.6947502803002426,0.31789832280613556
2022-08-15,1.9600000381469727,1.9800000190734863,1.871000051498413,1.9500000476837158,298000,23.214287234812517,982805.0,0.0208333760189523,-0.4787814303411557,-0.4748099714563875,3.6004759431661246,1.655524074953687,0.3242133476543202
2022-08-16,1.7899999618530273,1.9700000286102295,1.7640000581741333,1.9700000286102295,800500,22.159090216371638,1018990.0,-0.08673473111493768,-0.488183228395521,-0.47748462284421417,3.462022932918215,1.6119770918773177,0.3449733468716842
2022-08-17,1.7400000095367432,1.7999999523162842,1.7000000476837158,1.7899999618530273,334400,22.674417395795487,1031130.0,-0.02793293485019055,-0.493974568042884,-0.48078261188394816,3.3216704693575085,1.5763295563916984,0.36405834141465304
2022-08-18,1.690000057220459,1.75,1.6399999856948853,1.7100000381469727,354800,23.926381310322284,1044905.0,-0.028735604621977107,-0.4968712027884945,-0.48400033006485743,3.1672093702004536,1.5567906545950785,0.38579518637785265
2022-08-19,1.5700000524520874,1.7000000476837158,1.5700000524520874,1.7000000476837158,290500,23.493975514267802,1033495.0,-0.07100591757714814,-0.5030509460289596,-0.4878104532576779,3.1644504343981232,1.444549592781595,0.41420187907618156
2022-08-22,1.5099999904632568,1.7000000476837158,1.4800000190734863,1.5800000429153442,395200,22.22222144763296,1047600.0,-0.038216598716108385,-0.5069461806235447,-0.49163759873085133,3.146632446947471,1.3393675783248988,0.4361167433683597
2022-08-23,1.399999976158142,1.5299999713897705,1.3799999952316284,1.5,360200,21.590907474564233,1050700.0,-0.07284769205287711,-0.5129957680638868,-0.49590923259745845,3.099289525257822,1.2407105081207792,0.46062548254438623
2022-08-24,1.3899999856948853,1.440000057220459,1.3700000047683716,1.399999976158142,219100,21.02272623364844,1053895.0,-0.007142850452539706,-0.5126870877414071,-0.4992648036262482,3.047481623268126,1.1545184105873125,0.4725172324747148
2022-08-25,1.5099999904632568,1.5399999618530273,1.3799999952316284,1.399999976158142,335200,12.578618144041997,1066830.0,0.08633093957075211,-0.49703000633638705,-0.498817844168276,2.9829114866119997,1.1020885396140438,0.4292294426284645
2022-08-26,1.5299999713897705,1.5399999618530273,1.4500000476837158,1.4900000095367432,291600,11.464971151355073,1076460.0,0.013245020564786714,-0.477503462525366,-0.49455496783969405,2.928389536373902,1.0556104908058164,0.3507229606668126
2022-08-29,1.5700000524520874,1.5700000524520874,1.4700000286102295,1.5299999713897705,265200,13.66460330967881,1083950.0,0.026143844320456466,-0.45357236375648546,-0.4863584470230523,2.8764418657266897,1.0195581619298655,0.21189490123457377
2022-08-30,1.5800000429153442,1.6299999952316284,1.559999942779541,1.5700000524520874,176900,26.136372410805393,1083360.0,0.0063694204644377805,-0.4288562915358609,-0.47485801592561405,2.8134915143079686,0.9945085138254239,0.19177166564606918
2022-08-31,1.5399999618530273,1.5800000429153442,1.4900000095367432,1.5800000429153442,104500,27.058831449196035,1074050.0,-0.025316506313829312,-0.4077954859601616,-0.4614455099325236,2.752902786336588,0.9690972284453641,0.17549302956831497
2022-09-01,1.5099999904632568,1.5700000524520874,1.4900000095367432,1.5199999809265137,129700,26.436790114017484,1060400.0,-0.01948050138499524,-0.38904077291673045,-0.446964562529365,2.681706907059992,0.9502930981852168,0.1548288789316451
2022-09-02,1.4600000381469727,1.5700000524520874,1.4299999475479126,1.5399999618530273,156000,21.590912785411376,521370.0,-0.033112551411966895,-0.37390199652426714,-0.4323520493283454,2.5256394058913836,0.9823605984001509,0.1163289251333655
2022-09-06,1.25,1.5,1.25,1.5,380300,20.652178420010586,443015.0,-0.14383563880827288,-0.3745322802111357,-0.4207880955049035,2.3282388577140845,1.0307611456237757,0.12229716564594277
2022-09-07,1.2599999904632568,1.2799999713897705,1.2400000095367432,1.2599999904632568,166700,22.727275190274256,390020.0,0.007999992370605558,-0.36996019804610203,-0.4106225160131432,2.0505653373189454,1.1604346641115664,0.12251263019936655
2022-09-08,1.309999942779541,1.340000033378601,1.2309999465942383,1.2799999713897705,135000,28.409087214588624,318335.0,0.03968250213867153,-0.3581734115719577,-0.4001326951249061,1.993718022976461,1.1482819727320046,0.11513252388243093
2022-09-09,1.4199999570846558,1.4800000190734863,1.312000036239624,1.350000023841858,280700,41.37930609241596,296655.0,0.08396948023655493,-0.3360820716083657,-0.38732257042159807,1.937443888124145,1.153556108537995,0.11064249154401379
2022-09-12,1.4700000286102295,1.4800000190734863,1.3899999856948853,1.4800000190734863,127200,47.67442118354291,280085.0,0.035211319039915256,-0.31095543690996874,-0.3720491437192722,1.8739446189457698,1.1720553848689275,0.10936380764916494
2022-09-13,1.4900000095367432,1.5199999809265137,1.4199999570846558,1.5199999809265137,123900,55.844157251585294,271380.0,0.013605428936910968,-0.2861302353269448,-0.35486536204080676,1.7838626512786855,1.2151373496749887,0.10929596153739948
2022-09-14,1.4500000476837158,1.4800000190734863,1.3899999856948853,1.3899999856948853,60800,53.75000353902547,234395.0,-0.02684561181007228,-0.26661042779203115,-0.33721437519105163,1.7322894222879688,1.2327105872487745,0.10796062790350865
2022-09-15,1.5099999904632568,1.5399999618530273,1.406000018119812,1.4299999475479126,72300,50.0,221290.0,0.04137926952167148,-0.24349251559517526,-0.31847000327187636,1.6901755275953663,1.2518244800340284,0.10796062790350865
2022-09-16,1.4800000190734863,1.559999942779541,1.4320000410079956,1.4600000381469727,162900,46.666669845581055,211695.0,-0.01986753084718018,-0.2249985078527179,-0.29977570418804467,1.6541328882227002,1.266867115591997,0.1060478994192549
2022-09-19,1.4500000476837158,1.559999942779541,1.4299999475479126,1.4900000095367432,57900,41.89189036803297,200065.0,-0.020270250677801416,-0.2103379751983787,-0.2818881583901115,1.6411576040832485,1.2678423992546115,0.10029627562431404
2022-09-20,1.399999976158142,1.4500000476837158,1.3899999856948853,1.4500000476837158,31500,38.46153375900221,181880.0,-0.0344828068146934,-0.20044339862282112,-0.26559920643665347,1.6352539540322848,1.2627460478750638,0.09239191099924185
2022-09-21,1.409999966621399,1.5,1.399999976158142,1.399999976158142,59600,41.33333227369503,166850.0,0.007142850452539706,-0.18960926219620888,-0.25040121758856454,1.6352531143192288,1.2637468866344457,0.08668816183765034
2022-09-22,1.350000023841858,1.4600000381469727,1.3300000429153442,1.4500000476837158,101400,39.74358993952879,160965.0,-0.04255315191482678,-0.18374650958003813,-0.23707027598685926,1.6367784302311752,1.2582215745371963,0.08432343532152448
2022-09-23,1.3300000429153442,1.3700000047683716,1.2100000381469727,1.340000033378601,152200,41.33333227369503,151815.0,-0.014814800424667651,-0.17865464763751726,-0.22538715031699086,1.6323284849838409,1.2446715250297395,0.08529200841791403
2022-09-26,1.309999942779541,1.3300000429153442,1.2699999809265137,1.2999999523162842,40900,55.357138295562436,139280.0,-0.015037668789816938,-0.17422479629580567,-0.21515467951275385,1.6244103758423971,1.23058963131016,0.07848848179711079
2022-09-27,1.2300000190734863,1.3300000429153442,1.2000000476837158,1.2799999713897705,81600,47.61904942115364,130100.0,-0.06106864671788603,-0.1751504075767616,-0.2071538251255554,1.614200002510679,1.206800001304018,0.08297028044022761
2022-09-28,1.190000057220459,1.2999999523162842,1.190000057220459,1.25,167500,40.32258808799031,129630.0,-0.03252029368516418,-0.17707046570736185,-0.20113715324191672,1.6009523736277014,1.1810476316175074,0.0979150736908336
2022-09-29,1.5499999523162842,1.7999999523162842,1.4700000286102295,1.6100000143051147,54641200,57.47126610028081,2856465.0,0.3025209057020506,-0.14783894736093028,-0.19047751206571945,1.6029884550305553,1.1800115492609793,0.1065441045715156
2022-09-30,1.5700000524520874,1.6399999856948853,1.4700000286102295,1.5299999713897705,1808200,55.952383824487555,2940390.0,0.012903290807148471,-0.12165653670989096,-0.17671331699455375,1.6145932904668148,1.1744067200236028,0.11454640057291911
2022-10-03,1.6100000143051147,1.6299999952316284,1.4299999475479126,1.590000033378601,1543600,56.97674628139692,3009770.0,0.025477681857751344,-0.09656597258521793,-0.1606838481126866,1.640909811919732,1.1630901961864994,0.12511093532819229
2022-10-04,1.75,1.850000023841858,1.5399999618530273,1.5399999618530273,2299900,65.62500077610231,3105750.0,0.08695651208134314,-0.06463956624879952,-0.14147499173990918,1.7010034628662773,1.1529965452399544,0.15361575601764813
2022-10-05,1.7999999523162842,2.0799999237060547,1.7300000190734863,1.7300000190734863,3614400,65.26315895143989,3278135.0,0.028571401323590928,-0.034900766612429024,-0.12016014671441316,1.762913194610043,1.1450868096814917,0.18108493526923336
2022-10-06,1.4900000095367432,1.7000000476837158,1.4700000286102295,1.7000000476837158,777000,50.40650374985971,3310235.0,-0.17222219499540847,-0.035932747898399064,-0.10331466695121036,1.7646515801977873,1.1613484307694675,0.18119261780896467
2022-10-07,1.4800000190734863,1.6200000047683716,1.3700000047683716,1.4299999475479126,407600,51.23966844442886,3316580.0,-0.006711402952518042,-0.03712951027737166,-0.09007763561644262,1.7670437859324026,1.1649562312337352,0.18124264602794937
2022-10-10,1.399999976158142,1.4550000429153442,1.2280000448226929,1.4199999570846558,683900,50.0,3344415.0,-0.05405408235428677,-0.04402578610283503,-0.0808672657137211,1.7649722558181284,1.1600277561028005,0.18124264602794937
2022-10-11,1.2799999713897705,1.3459999561309814,1.25,1.3300000429153442,180600,45.18518459649724,3347250.0,-0.08571429057997104,-0.0584997828011411,-0.0763937691312051,1.7648544197691394,1.1391455883370922,0.18734699709589422
2022-10-12,1.350000023841858,1.3899999856948853,1.2400000095367432,1.2699999809265137,202700,50.0,3354345.0,0.05468754220055505,-0.06358909474464891,-0.07383283425389386,1.7631678302818468,1.1308321754401993,0.18734699709589422
2022-10-13,1.350000023841858,1.3799999952316284,1.2599999904632568,1.340000033378601,134200,50.74626799281969,3357440.0,0.0,-0.06685178535856928,-0.07243662447482896,1.7565498181877266,1.1214501908721792,0.1864120360977901
2022-10-14,1.2999999523162842,1.3680000305175781,1.2899999618530273,1.3300000429153442,82500,49.63503681392003,3353420.0,-0.037037089364844955,-0.07263479043010745,-0.07247625766588466,1.7528165408626406,1.107183461521545,0.18702558099235891
2022-10-17,1.2699999809265137,1.350000023841858,1.25,1.2899999618530273,94000,51.515150146817085,3355225.0,-0.02307690191550993,-0.07873104807075149,-0.07372721574685803,1.7514159925214987,1.0905840031869667,0.18362197767422017
2022-10-18,1.2999999523162842,1.3200000524520874,1.25,1.2999999523162842,134900,54.198469461854664,3360395.0,0.023622025071121877,-0.08021693827012633,-0.0750251602515117,1.7507520573522588,1.081247935972021,0.17341432705387563
2022-10-19,1.1799999475479126,1.2999999523162842,1.1699999570846558,1.2799999713897705,205500,32.7102809985638,3367690.0,-0.09230769936149663,-0.09003959406859319,-0.07802804701492799,1.7555270594514416,1.0534729319654896,0.18700797254600815
2022-10-20,1.1699999570846558,1.2000000476837158,1.149999976158142,1.159999966621399,91500,31.132069954713955,3367195.0,-0.008474568565903118,-0.09750703481296719,-0.08192384457453583,1.761328545113568,1.029671439627643,0.19562383502649405
2022-10-21,1.2300000190734863,1.2599999904632568,1.1100000143051147,1.149999976158142,74200,32.40740832723213,3363295.0,0.05128210614497419,-0.09746007278950208,-0.0850310902175291,1.7627746535205262,1.0182253288364989,0.19196068021039023
2022-10-24,1.1299999952316284,1.2300000190734863,1.1200000047683716,1.2000000476837158,82700,20.19230978640563,3365385.0,-0.0813008311310306,-0.10428983296033167,-0.08888283876608961,1.7703051827674827,0.9926948048347513,0.17093312202904967
2022-10-25,1.149999976158142,1.1890000104904175,1.1200000047683716,1.1200000047683716,138500,17.82178685263314,3368230.0,0.017699098239742916,-0.1068568564623098,-0.09247764230533365,1.7744289980550665,0.9805709852556327,0.11481472293981879
2022-10-26,1.159999966621399,1.2100000381469727,1.1399999856948853,1.2100000381469727,123300,26.760565508596244,3366020.0,0.008695644061371466,-0.1068525952207815,-0.09535263288842322,1.776126297914443,0.9758736763363505,0.1043056703634601
2022-10-27,1.399999976158142,1.5390000343322754,1.1699999570846558,1.2000000476837158,896800,45.74467936701908,678800.0,0.20689656589884575,-0.086486263342342,-0.09357935897920698,1.7604331374847044,0.9765668391502746,0.09341212641618098
2022-10-28,1.3200000524520874,1.3899999856948853,1.309999942779541,1.350000023841858,209900,45.744685168285464,598885.0,-0.057142803620318094,-0.07592589737034583,-0.09004866665743476,1.7366587073156632,0.975341269319316,0.08652320910782119
2022-10-31,1.350000023841858,1.3600000143051147,1.2799999713897705,1.2999999523162842,98400,54.117650028743455,526625.0,0.022727250149756628,-0.06439369386409566,-0.08491767209876694,1.70440660431624,0.9815933732724134,0.08994505229586926
2022-11-01,1.2599999904632568,1.3899999856948853,1.2599999904632568,1.3899999856948853,120700,44.827584316935564,417665.0,-0.06666669021418026,-0.06180415025989516,-0.0802949677309926,1.626175488398683,1.0108244882362964,0.08626882245631583
2022-11-02,1.1699999570846558,1.2400000095367432,1.1399999856948853,1.2300000190734863,122500,40.62499689559154,243070.0,-0.07142859846015659,-0.06625047459723432,-0.07748606910424095,1.5022208335937084,1.071779143518108,0.084414607292609
2022-11-03,1.190000057220459,1.2450000047683716,1.1699999570846558,1.1699999570846558,83700,44.08602756990214,208405.0,0.01709410330718164,-0.06738362129403441,-0.07546557954219965,1.4686669748979357,1.0753330069822524,0.08373165796915623
2022-11-04,1.1100000143051147,1.2400000095367432,1.100000023841858,1.1699999570846558,153100,41.836737548743514,195680.0,-0.0672269235870494,-0.07388527957914404,-0.07514951954958854,1.436949405958257,1.070050575445094,0.08922130197308535
2022-11-07,1.100000023841858,1.1699999570846558,1.090000033378601,1.1699999570846558,84200,39.58333876604746,165695.0,-0.009009000301245074,-0.07893489394683573,-0.07590659442903798,1.420567079228446,1.0564329069432763,0.09189100734157116
2022-11-08,1.0800000429153442,1.149999976158142,1.0499999523162842,1.149999976158142,117400,44.186052958857275,162535.0,-0.018181800448205276,-0.08358704164276243,-0.07744268387178288,1.4225455695803466,1.0344544237439333,0.09796837429650862
2022-11-09,1.0099999904632568,1.090000033378601,1.0099999904632568,1.090000033378601,113400,41.30435148799725,158070.0,-0.06481486080605126,-0.09186337759281149,-0.0803268226159886,1.4197786523240756,1.0032213376623442,0.1104536119317474
2022-11-10,1.0299999713897705,1.0700000524520874,0.9100000262260437,0.949999988079071,261000,38.63636240486287,164410.0,0.019801961500356402,-0.09570537021375136,-0.08340253213554115,1.4081004303665692,0.9828995543746419,0.11758560577663689
2022-11-11,1.090000033378601,1.090000033378601,1.0099999904632568,1.0199999809265137,34000,47.61905032220562,161985.0,0.05825248898587154,-0.09283848917163229,-0.08528972354275939,1.3966103613287233,0.9733896315187193,0.11925593755157739
2022-11-14,1.090000033378601,1.1200000047683716,1.0499999523162842,1.100000023841858,64700,46.34146766957518,160520.0,0.0,-0.08953436882043775,-0.08613865259829506,1.3876998822472333,0.9643001158454182,0.12120276435850816
2022-11-15,1.0499999523162842,1.100000023841858,1.0299999713897705,1.090000033378601,86100,43.52941291967442,158080.0,-0.03669732095175382,-0.08911622550956788,-0.08673416718054963,1.3738906211930417,0.9531093768996097,0.1252974529565665
2022-11-16,0.9900000095367432,1.0800000429153442,0.9829999804496765,1.0299999713897705,247400,19.402996493646583,160175.0,-0.057142805242211714,-0.09255937105173206,-0.08789920795478613,1.3779736919547776,0.9300263123367569,0.11230845603002096
2022-11-17,0.996999979019165,1.0199999809265137,0.949999988079071,0.9800000190734863,66800,22.948078484808605,158940.0,0.007070676176758273,-0.09364378243173332,-0.08904812285017558,1.3798378322543614,0.9108621742306238,0.10341523324467215
2022-11-18,0.9789999723434448,1.0399999618530273,0.9700000286102295,1.0399999618530273,29900,18.290608880007866,156725.0,-0.018054169563201383,-0.09486212484396561,-0.0902109232489336,1.374954032230476,0.8906459695815051,0.08206082789387284
2022-11-21,1.0,1.0,0.9800000190734863,1.0,57500,24.806215698469032,155465.0,0.02145048850847986,-0.09306040088272471,-0.09078081877569183,1.3756428135565866,0.8769571887322316,0.06660958628546669
2022-11-22,0.9800000190734863,1.0049999952316284,0.9599999785423279,1.0,129900,28.69956894904233,155035.0,-0.019999980926513672,-0.09218371647551771,-0.09106139831565702,1.3752012782432737,0.8603987283370793,0.062418494227345564
2022-11-23,0.9829999804496765,1.0,0.9700000286102295,1.0,30600,25.87412140477423,150400.0,0.0030611850181661016,-0.09020701563102373,-0.09089052177873037,1.3723436406181222,0.8455563673450583,0.04989138057695432
2022-11-25,0.9810000061988831,1.0099999904632568,0.9599999785423279,1.0099999904632568,21300,31.623931043371627,106625.0,-0.002034561841881777,-0.0877898603155316,-0.09027038948609062,1.3185234620068709,0.8574765489603839,0.04677513651257821
2022-11-28,0.9990000128746033,1.0099999904632568,0.9800000190734863,0.9829999804496765,39300,35.93314716983389,98095.0,0.01834863054228264,-0.08345972544390023,-0.08890825667765255,1.2778447030382072,0.866055303971299,0.04197940229374959
2022-11-29,1.0,1.0299999713897705,0.9700000286102295,0.9800000190734863,92400,38.23528896153643,97795.0,0.0010009881006101118,-0.07903629059778794,-0.08693386346167964,1.2154370681653115,0.8934629364600088,0.038242509806777694
2022-11-30,0.9700000286102295,0.9900000095367432,0.9599999785423279,0.9900000095367432,61500,43.33333863152482,94835.0,-0.029999971389770508,-0.07706309815859047,-0.08495971040106182,1.1727585086656447,0.9071414997743732,0.03992390179716475
2022-12-01,0.8799999952316284,0.968999981880188,0.8500000238418579,0.949999988079071,143600,29.7297332128353,95890.0,-0.09278353682891005,-0.08181842756368196,-0.08433145383358585,1.1617522907695288,0.8891477214851861,0.052324699705476055
2022-12-02,0.9539999961853027,0.9700000286102295,0.8700000047683716,0.8700000047683716,46800,32.29165922902001,94045.0,0.08409091063028518,-0.07870857528289132,-0.08320687812344696,1.1292633049502963,0.8980367012009032,0.046470421895415816
2022-12-05,0.9800000190734863,0.9800000190734863,0.9200000166893005,0.9399999976158142,62100,36.58536301703036,89495.0,0.027253692863886902,-0.07330104160990536,-0.08122571082073865,1.1142599475972144,0.9000400590308218,0.03637328711476268
2022-12-06,0.953000009059906,0.9800000190734863,0.9200000166893005,0.9800000190734863,26400,37.78337924793932,86605.0,-0.0275510300898838,-0.07038287737591531,-0.07905714413177399,1.1000367865879608,0.8995632185618805,0.031224814395397562
2022-12-07,0.8999999761581421,0.9750000238418579,0.8999999761581421,0.925000011920929,21800,38.46153375900221,81825.0,-0.055613884992557594,-0.07152240514628128,-0.07755019633467546,1.0930208218450628,0.8885791766290583,0.03663212192754107
2022-12-08,0.9300000071525574,0.9399999976158142,0.8700000047683716,0.8799999952316284,57600,41.88862418785073,79035.0,0.033333368654605344,-0.06920696254919256,-0.07588154957757888,1.092072786816022,0.8815272133270291,0.036967245760739134
2022-12-09,0.9599999785423279,1.0,0.9340000152587891,1.0,41200,47.76470667433159,68045.0,0.032258033504347416,-0.06421102590158656,-0.07354744484238042,1.0871705797393896,0.8794294211189173,0.03670225285443409
2022-12-12,0.8999999761581421,1.0199999809265137,0.8999999761581421,0.9300000071525574,148500,39.22413505179695,73770.0,-0.0625000038805108,-0.06435140591600019,-0.07170823705710437,1.0711298305503079,0.8764701645859532,0.038456777421379935
2022-12-13,0.9200000166893005,0.9700000286102295,0.8899999856948853,0.9300000071525574,74400,43.53448314621031,74255.0,0.022222267845531718,-0.06213259607391275,-0.06979310886046605,1.0485803693263627,0.8820196241409685,0.038798159677465534
2022-12-14,0.9300000071525574,0.9800000190734863,0.9010000228881836,0.9800000190734863,56200,44.37367677077019,72760.0,0.010869554654186597,-0.05888842848462239,-0.06761217278529733,1.033704589922237,0.8848954090287213,0.037982724961516695
2022-12-15,0.859000027179718,0.9589999914169312,0.8199999928474426,0.9589999914169312,90200,38.70370734212111,64900.0,-0.07634406389976778,-0.061339424604981985,-0.06635762314923427,1.038042992213568,0.8674570085016877,0.043201104315846214
2022-12-16,0.8199999928474426,0.8500000238418579,0.800000011920929,0.8500000238418579,61700,34.04634711783443,64645.0,-0.045401668333260536,-0.06567180977872178,-0.06622046047513178,1.0451072431561694,0.842692758941914,0.04980997174342636
2022-12-19,0.7940000295639038,0.8399999737739563,0.75,0.7799999713897705,123100,32.42321325948869,69305.0,-0.03170727257356942,-0.07039180309952697,-0.06705472900001082,1.054457346920132,0.8148426608999975,0.056114481375458165
2022-12-20,0.7480000257492065,0.800000011920929,0.7200000286102295,0.7799999713897705,61400,31.56146514921059,69500.0,-0.05793451146338402,-0.07695713374805935,-0.06903520994962052,1.0638971730213194,0.7802028373737306,0.06814898973856534
2022-12-21,0.7599999904632568,0.7799999713897705,0.699999988079071,0.7699999809265137,119600,38.549618928431435,68985.0,0.016042733022677336,-0.08026664480606727,-0.07128149692090988,1.0673593750596204,0.7547406324744066,0.07711771651666725
2022-12-22,0.7400000095367432,0.7599999904632568,0.7099999785423279,0.7599999904632568,34600,27.234045359385547,69185.0,-0.026315764707210976,-0.08354028705014205,-0.07373325494675631,1.0688435221348174,0.7289564883079166,0.08359977511489712
2022-12-23,0.7329999804496765,0.7590000033378601,0.7099999785423279,0.75,81200,22.61640581376524,72180.0,-0.009459498644397102,-0.0857114872876289,-0.07612890141493082,1.0670786075446286,0.7059214003231846,0.0848805530215664
2022-12-27,0.7110000252723694,0.7570000290870667,0.699999988079071,0.75,48500,22.869955756245318,72640.0,-0.030013582215664858,-0.08819078318826423,-0.0785412777695975,1.0606612012346157,0.683538807872974,0.0876245989454901
2022-12-28,0.6460000276565552,0.7099999785423279,0.6299999952316284,0.6899999976158142,178700,22.27074463128666,76955.0,-0.09142052785569743,-0.09431341331123977,-0.08169570487792596,1.0582496847853295,0.6505503270879155,0.09893545307826965
2022-12-29,0.6330000162124634,0.6700000166893005,0.6000000238418579,0.6299999952316284,163700,16.32652592309161,82065.0,-0.02012385586305765,-0.09907258696083487,-0.08517108129450776,1.0563317637845782,0.6187682468488905,0.10472852662134423
2022-12-30,0.6740000247955322,0.6779999732971191,0.5799999833106995,0.6000000238418579,199100,18.362834338238713,84840.0,0.06477094396994043,-0.09840159597926623,-0.08781718423145947,1.0567509389455725,0.5977490746442867,0.09811251107664766
2023-01-03,0.7300000190734863,0.7749999761581421,0.6959999799728394,0.7160000205039978,68500,31.026788565273478,85925.0,0.08308604186615942,-0.09228726907433404,-0.0887112012000344,1.0413306145471972,0.5907694013314801,0.0919496972604522
2023-01-04,0.7639999985694885,0.7799999713897705,0.6740000247955322,0.75,58500,33.11687725259165,85745.0,0.04657531316116237,-0.08373288616538321,-0.08771553819310415,1.0177864273330255,0.5927135864952522,0.08032721214532046
2023-01-05,0.7599999904632568,0.8360000252723694,0.7409999966621399,0.8360000252723694,27400,31.359643647810202,85795.0,-0.005235612714294846,-0.07639560235441878,-0.08545155102536708,0.9971313894706224,0.5940686224979903,0.062349948243020044
2023-01-06,0.7599999904632568,0.7900000214576721,0.7300000190734863,0.7400000095367432,37300,37.14285006549546,86570.0,0.0,-0.0697764130170031,-0.08231652342369429,0.9845101770651169,0.5926898363340073,0.05280322424564923
2023-01-09,0.7599999904632568,0.7799999713897705,0.7009999752044678,0.7699999809265137,65000,41.329476831271435,86940.0,0.0,-0.06379526566698224,-0.07861227187235188,0.9645980595230835,0.5956019522071107,0.04742888683859633
2023-01-10,0.7799999713897705,0.7799999713897705,0.75,0.7799999713897705,68300,47.94116739583034,88295.0,0.026315764707210976,-0.0567867299123781,-0.07424716348035713,0.9350664884598423,0.607133522555096,0.04609312013194206
2023-01-11,0.8460000157356262,0.8500000238418579,0.7599999904632568,0.7799999713897705,78200,63.61111143304982,84780.0,0.08461544457272185,-0.045383608847279544,-0.06847445255374161,0.9250442877676722,0.6117557272050146,0.05571872105736951
2023-01-12,3.049999952316284,3.8499999046325684,2.6500000953674316,3.630000114440918,112679500,94.86677170350687,5715035.0,2.6052008222059,0.13988531124545456,-0.026802499793902382,1.9082821422019176,-0.1584821336665324,0.6215421695357989
2023-01-13,2.390000104904175,2.809999942779541,2.2300000190734863,2.5899999141693115,10814400,75.8458678311732,6252945.0,-0.21639339597722973,0.2307953284904145,0.024717065862960998,2.1840515792022988,-0.2882515608917522,0.7351185661085833
2023-01-17,1.8600000143051147,2.0899999141693115,1.75,2.049999952316284,4249800,65.16823792699049,6460925.0,-0.22175735034970223,0.2571117697771059,0.07119600664578998,2.2983352962348262,-0.3024352792117396,0.7628197423580576
2023-01-18,1.9299999475479126,2.069999933242798,1.8899999856948853,1.909999966621399,2143900,66.19718278626019,6565035.0,0.03763437242173873,0.2803840558327473,0.11303361648318144,2.415159836555903,-0.308259824062769,0.7845787435991469
2023-01-19,1.8700000047683716,1.9800000190734863,1.7899999618530273,1.909999966621399,795900,66.28525877442121,6598675.0,-0.031088054098535878,0.2906357482662034,0.14855404283978585,2.510198457124195,-0.29569844711061455,0.7881450921442285
2023-01-20,1.9500000476837158,2.0299999713897705,1.7999999523162842,1.7999999523162842,1439400,67.21568754436456,6667575.0,0.04278077150339543,0.30173738253334137,0.17919071077849696,2.6079772518667017,-0.27327723965967077,0.7846069111197176
2023-01-23,1.9299999475479126,1.9900000095367432,1.8600000143051147,1.899999976158142,848500,66.50893737513422,6704020.0,-0.010256461357301072,0.3054011919052133,0.20443280700384026,2.691630808553854,-0.23993080063835714,0.7710858925441659
2023-01-24,2.049999952316284,2.25,1.88100004196167,1.9199999570846558,2900600,67.0630812242745,6847320.0,0.0621761699635448,0.31436399231307166,0.22641904406568653,2.782573901234694,-0.19987389904124342,0.7560785482800948
2023-01-25,2.359999895095825,2.4240000247955322,1.8799999952316284,2.0,5310500,69.2567560910404,7108785.0,0.15121948780012096,0.34253297391061,0.24964183003467122,2.9123997512858013,-0.1669997576277351,0.7487359549425069
2023-01-26,2.2699999809265137,2.4800000190734863,2.1700000762939453,2.319999933242798,3399800,67.84870057640373,7276350.0,-0.03813555854656392,0.3535196988306666,0.2704174037938703,3.0070618060292285,-0.10576181680574837,0.7165637878439742
2023-01-27,2.4200000762939453,2.890000104904175,2.1500000953674316,2.2799999713897705,7409900,68.94977320568104,7637910.0,0.06607933772149566,0.37006463680212254,0.2903468503955208,3.104853676195259,-0.026153682108040144,0.6722198257628942
2023-01-30,3.9800000190734863,4.139999866485596,2.549999952316284,3.0199999809265137,60434100,77.1043781720158,10651430.0,0.6446280552059187,0.5032543741034587,0.3329283551371084,3.554400713220491,-0.14100071884716914,0.7952877328521472
2023-01-31,3.2699999809265137,4.449999809265137,3.1700000762939453,3.309999942779541,25729700,68.77828096605197,11927960.0,-0.17839196852874772,0.5452320356229414,0.375389091234275,3.7425550013085793,-0.06955501132215969,0.7495729473346139
2023-02-01,3.430000066757202,3.6500000953674316,3.0299999713897705,3.359999895095825,6833400,69.21475373827457,12266205.0,0.04892969014188009,0.5846705859893948,0.41724539018529894,3.9293380791105337,0.013661915644257672,0.6793031441431163
2023-02-02,3.5999999046325684,3.9700000286102295,3.319999933242798,3.5799999237060547,5391400,55.863539163811616,12532850.0,0.0495626339844617,0.6224680631042876,0.4582899247690967,4.1132567401234255,0.1133432452376737,0.728731022809259
2023-02-03,5.190000057220459,5.900000095367432,3.430000066757202,3.5299999713897705,55029800,74.91103105469801,15282970.0,0.44166672075236435,0.7718254369693569,0.5209970272091488,4.658707575114944,0.01089241692187537,1.0169197881482988
2023-02-06,6.110000133514404,6.769999980926514,5.329999923706055,5.7779998779296875,34829400,85.35773745136296,17022575.0,0.17726398191730608,0.9534379104771835,0.6074852038627557,5.355044528988483,-0.15044452264654806,1.3268744125069043
2023-02-07,4.920000076293945,6.130000114440918,4.860000133514404,6.014999866485596,12409800,70.967742151218,17639815.0,-0.19476268923352447,0.9899327166611451,0.6839747064224336,5.605257714417268,0.015342300507734663,1.3766429149411272
2023-02-08,5.440000057220459,5.789999961853027,5.019999980926514,5.284999847412109,16041900,73.5177860646293,18438495.0,0.10569105139490365,1.0487257089685165,0.7569249069316503,5.901839198771206,0.18476082473686484,1.4329835595050389
2023-02-09,4.829999923706055,5.690000057220459,4.53000020980835,5.539999961853027,8624600,67.7339885929047,18865815.0,-0.11213237630480488,1.0341763252370346,0.8123751905927271,6.010131576303609,0.4748684380015056,1.4005933226381857
2023-02-10,4.820000171661377,5.170000076293945,4.599999904632568,4.71999979019165,6423300,67.81751059812474,13553005.0,-0.002070342070938369,1.010194049213227,0.8519389623168272,6.184576973682278,0.47742306255734546,1.3308910556407347
2023-02-13,3.9200000762939453,5.03000020980835,3.809999942779541,4.96999979019165,8214500,60.51743589376379,13423010.0,-0.18672200483702805,0.908097454416394,0.8631706607367405,6.236789571646094,0.5782104617325068,1.2194135195045959
2023-02-14,4.139999866485596,4.400000095367432,3.690000057220459,3.809999942779541,9340600,60.113636255880024,13677550.0,0.056122394364757966,0.8353083966915271,0.8575982079276979,6.27085617847748,0.7721438401191687,1.119474002372236
2023-02-15,4.239999771118164,4.420000076293945,3.819999933242798,4.099999904632568,7910400,61.1804756128643,13965875.0,0.024154567115350467,0.7767379490237416,0.8414261561469067,6.29749545851727,0.9765045424364045,0.9774706916369256
2023-02-16,3.9800000190734863,4.489999771118164,3.859999895095825,4.159999847412109,6994900,58.74439469074944,14275825.0,-0.06132069954713959,0.7012569861690783,0.813392322151341,6.272088127250756,1.2129118751334302,0.8223088405358522
2023-02-17,3.9100000858306885,4.090000152587891,3.75,3.950000047683716,3960600,49.528937166175865,14401885.0,-0.01758792284103894,0.6285439067944139,0.7764226390799557,6.225421787237191,1.4555782189616924,0.8253923873921801
2023-02-21,3.4800000190734863,4.0,3.450000047683716,3.8299999237060547,2743900,51.46853181364323,14496655.0,-0.10997443921176986,0.5301100768103346,0.7271601266260315,6.136445235981671,1.6995547773697695,0.8046448631341777
2023-02-22,3.430000066757202,3.6500000953674316,3.3399999141693115,3.390000104904175,2237200,50.0,14463485.0,-0.014367802310988553,0.4429598140817901,0.6703200641171833,6.0405269445843786,1.933473080211154,0.8046448631341777
2023-02-23,3.4200000762939453,3.8380000591278076,3.4000000953674316,3.6600000858306885,3740500,48.69186164375064,14384985.0,-0.002915449057909525,0.3688339985842166,0.61002285101059,5.967572840337965,2.112427202577379,0.8202026904527282
2023-02-24,3.1500000953674316,3.4100000858306885,3.1500000953674316,3.380000114440918,1728200,31.654674839907912,14301405.0,-0.07894736108283862,0.2850165207434423,0.5450215849571605,5.876926498933507,2.2910735554259283,0.8527644241783303
2023-02-27,3.140000104904175,3.240000009536743,2.859999895095825,3.200000047683716,2996300,18.06451156409736,14080725.0,-0.003174600050953491,0.21530178506777808,0.47907762497928397,5.797441711458629,2.4425583457618307,0.7189292860229255
2023-02-28,2.940000057220459,3.200000047683716,2.930000066757202,2.9700000286102295,1687800,22.950814759806264,11143410.0,-0.06369428057385984,0.1422739765600216,0.41171689529543154,5.826247979065635,2.3097520819695214,0.7310837726794573
2023-03-01,2.609999895095825,2.9600000381469727,2.5299999713897705,2.930000066757202,2110200,9.22189441381073,9962435.0,-0.11224495091902253,0.057112301957847667,0.3407959766279148,5.878994579865767,2.191005472586321,0.6659723806353341
2023-03-02,2.8399999141693115,3.059999942779541,2.450000047683716,2.5,4567400,17.799346732974314,9849135.0,0.08812261621376116,0.008086919651945745,0.27425416523272095,5.90819040736377,2.1028096298295287,0.6205014008525568
2023-03-03,3.180000066757202,3.4800000190734863,2.9700000286102295,3.0999999046325684,15851200,26.023389142570764,10372125.0,0.11971836720542273,-0.0032929194941218043,0.2187447482873524,5.915101009409314,2.053899043996448,0.5123207032727257
2023-03-06,3.180000066757202,3.7899999618530273,3.130000114440918,3.2200000286102295,12319900,35.3174586279861,8236630.0,0.0,-0.012171221736834603,0.17256155428251502,5.758835071006805,2.0091649833526306,0.49872802049897186
2023-03-07,3.0199999809265137,3.4000000953674316,2.940000057220459,3.190000057220459,6706600,27.23577503676104,6830490.0,-0.05031449134334398,-0.03175199277118823,0.13169884487177438,5.319620515268801,2.1393795238318454,0.45968932202078727
2023-03-08,2.549999952316284,2.9800000190734863,2.5,2.930000066757202,6609300,20.141347668102156,6540465.0,-0.15562914952934437,-0.08422408640209644,0.08851425861700021,5.180671796067394,2.0413282306354876,0.4205523964777838
2023-03-09,2.200000047683716,2.630000114440918,2.1600000858306885,2.619999885559082,5684800,19.520551720128623,6022610.0,-0.1372548671283884,-0.15229510273429936,0.0403523863467403,4.887140617263425,2.010859408485782,0.4360795980604097
2023-03-10,2.1700000762939453,2.299999952316284,2.0,2.1600000858306885,3617800,19.79167020224267,5772270.0,-0.013636350336153957,-0.2062846989717131,-0.008975030716950376,4.707635182546458,1.9243648584615376,0.4276674738083627
2023-03-13,2.2799999713897705,2.380000114440918,2.0,2.119999885559082,5763300,26.562500727595705,5739270.0,0.05069119411446721,-0.23745849699655297,-0.0546717239728709,4.461194931944198,1.916805089036637,0.4336384803037731
2023-03-14,1.8700000047683716,2.130000114440918,1.7999999523162842,2.069999933242798,5644600,23.287671959898972,5610775.0,-0.17982454902027212,-0.29188288313400035,-0.1021139558050968,4.438539753725405,1.7344602601028718,0.4756794107478225
2023-03-15,1.7799999713897705,1.8300000429153442,1.6100000143051147,1.7200000286102295,3264000,22.666667090521884,5306945.0,-0.04812835997278453,-0.3383762608828973,-0.1493664168206569,4.345120965150171,1.5918790591685235,0.5002400751008186
2023-03-16,1.6399999856948853,1.7999999523162842,1.6399999856948853,1.7599999904632568,2727700,23.693380109337753,5047810.0,-0.07865167862085831,-0.3821146467429313,-0.19591606280511178,4.200530679324,1.4764693664523665,0.5420311995493305
2023-03-17,1.7699999809265137,1.9299999475479126,1.7000000476837158,1.7799999713897705,5968700,27.09030082999959,4996500.0,0.07926829046681116,-0.40165766001373493,-0.23706438224683646,4.058320184901633,1.3976798570600373,0.5468013983670349
2023-03-20,1.5099999904632568,1.8200000524520874,1.5099999904632568,1.7999999523162842,2768000,26.557377420808294,4936870.0,-0.1468926515621536,-0.43313258235671803,-0.2762780222688128,3.922271529952484,1.2937285024724432,0.5770729530973429
2023-03-21,1.8700000047683716,2.180000066757202,1.5700000524520874,1.5800000429153442,16962900,37.98701493479503,5647820.0,0.23841060700581163,-0.4241384880956076,-0.3058501154341718,3.813814675027664,1.2411853559667518,0.5831705777841835
2023-03-22,1.840000033378601,2.130000114440918,1.7400000095367432,1.8600000143051147,10246900,32.63889092975009,6048305.0,-0.01604276540816718,-0.41465150611476975,-0.3276103935702914,3.695407476348306,1.2005925513082494,0.5698274423801315
2023-03-23,1.9299999475479126,2.059999942779541,1.7899999618530273,1.909999966621399,8430300,26.235736981131893,6282795.0,0.048912995943839244,-0.3953138318528602,-0.34115108122680515,3.5525857791396374,1.1944142356423142,0.49867132131114883
2023-03-24,1.8799999952316284,2.0899999141693115,1.8300000429153442,1.9600000381469727,6068400,25.74626468993327,6499805.0,-0.025906711748779898,-0.3796468316118897,-0.3488502313038221,3.449122502526728,1.1708775022416436,0.39545841858473674
2023-03-27,1.9600000381469727,2.0480000972747803,1.850000023841858,1.9299999475479126,4400100,29.615383098816537,6569995.0,0.042553214424603025,-0.35666388689865913,-0.3504129624227895,3.329749775503238,1.1722502225894134,0.2718768723569615
2023-03-28,1.8799999952316284,2.0199999809265137,1.850000023841858,2.0,2374500,34.8416277388945,6604330.0,-0.04081634763179798,-0.3409745303684497,-0.34852527601192157,3.237667963903199,1.1583320279905696,0.20920573251007854
2023-03-29,2.0199999809265137,2.059000015258789,1.8700000047683716,1.909999966621399,4941800,45.49999779462787,6745910.0,0.07446807768615793,-0.31362845980794196,-0.34154591277112567,3.192306637058599,1.1446933634182381,0.19425259037492104
2023-03-30,1.9800000190734863,2.1500000953674316,1.9199999570846558,2.0299999713897705,6436400,45.27362983435245,6839360.0,-0.01980196150035629,-0.29182024239629945,-0.33160077869616045,3.1016897258381473,1.1493102851291077,0.17889311601248076
2023-03-31,2.440000057220459,2.5299999713897705,1.9700000286102295,2.0,30196900,53.38983247760254,7556645.0,0.23232324935139315,-0.23471328562734728,-0.31222328008239786,2.945183347685309,1.2318166623282714,0.20945377917465852
2023-04-03,3.130000114440918,3.180000066757202,2.319999933242798,2.5,38496200,73.86363857007554,8865460.0,0.2827869020652716,-0.13225383304574034,-0.27622939067506636,2.929461578486643,1.2425384362953094,0.3932431013382911
2023-04-04,2.680000066757202,3.0899999141693115,2.4200000762939453,3.049999952316284,21414600,65.00000158945718,9600860.0,-0.14376997802892888,-0.08636960667257565,-0.23825743387456824,2.8441374021499235,1.2938626212150974,0.43092352701299247
2023-04-05,2.200000047683716,2.5799999237060547,2.0199999809265137,2.4700000286102295,12782700,58.383234377132005,9909530.0,-0.179104480267527,-0.08772675725590018,-0.20815129855083464,2.7961165474827916,1.3068834854189721,0.4169150533354133
2023-04-06,2.509999990463257,2.700000047683716,2.0999999046325684,2.1700000762939453,22597600,60.511363828785655,10755170.0,0.14090906184566965,-0.06306097658229204,-0.17913323415712612,2.8371019091753182,1.2968981180044001,0.42176307559864423
2023-04-10,2.809999942779541,2.8499999046325684,2.299999952316284,2.5199999809265137,13306900,68.25842659004769,11239625.0,0.11952189380722467,-0.019085671008425287,-0.14712372152738595,2.937291540919527,1.2607084729087505,0.41767871657703387
2023-04-11,2.799999952316284,3.3299999237060547,2.799999952316284,2.940000057220459,16998600,64.48598085721582,11801390.0,-0.0035587155398179027,0.014787696467004618,-0.11474143792850784,3.017436085727786,1.232563926193143,0.4308667587561344
2023-04-12,3.0799999237060547,3.0999999046325684,2.680000066757202,3.0199999809265137,16198900,67.91907397946079,12329105.0,0.09999999148505068,0.06349431888520662,-0.07909428656576495,3.1649622706338247,1.2060377331808727,0.45785213054760243
2023-04-13,2.7899999618530273,3.0199999809265137,2.75,2.7899999618530273,9293000,61.748634182352106,12630555.0,-0.09415583410277517,0.07779729597232876,-0.04771597005814621,3.23145070846222,1.240549294398803,0.4506747025079228
2023-04-14,3.2100000381469727,3.549999952316284,2.9000000953674316,3.0199999809265137,25903900,66.50124085627054,13789365.0,0.1505376638123661,0.12162103287061887,-0.013848569472393199,3.358489827319606,1.2705101807866255,0.46354403709081693
2023-04-17,3.569999933242798,3.7200000286102295,3.119999885559082,3.1700000762939453,19138200,68.67749323051648,14447840.0,0.11214949869709079,0.18328781514477965,0.02557870745104137,3.555691135210962,1.2533088681268982,0.5075430914930265
2023-04-18,3.4100000858306885,3.740000009536743,3.312000036239624,3.640000104904175,11857900,67.42597014439829,14902335.0,-0.04481788526723418,0.21674997508003901,0.0638129609768409,3.6534675335116615,1.3455324793629417,0.4935189826945786
2023-04-19,3.119999885559082,3.3499999046325684,2.994999885559082,3.25,8867800,62.11453649642319,14497580.0,-0.08504404485988781,0.21736276275602506,0.09452292133267774,3.707785859694056,1.4162141412596183,0.45263634282702797
2023-04-20,2.9100000858306885,3.4149999618530273,2.8499999046325684,3.0999999046325684,10011800,59.87261259343187,14485825.0,-0.06730763058690403,0.19861367776308203,0.1153410726187586,3.7184620407550044,1.5125379654438786,0.37936614560286647
2023-04-21,2.809999942779541,3.109999895095825,2.75,3.049999952316284,5466700,54.25287234104359,14337645.0,-0.03436430931327672,0.1736836005848943,0.12700957821198575,3.7165758970853497,1.6024241086366962,0.3567473580323889
2023-04-24,2.509999990463257,2.7899999618530273,2.359999895095825,2.75,7117600,42.171715210437824,14390105.0,-0.10676155104100682,0.12824056841624198,0.127255776252837,3.6859958884989306,1.6960041167462778,0.36839791690564044
2023-04-25,2.4200000762939453,2.6600000858306885,2.4000000953674316,2.549999952316284,4261900,46.38888868652742,14383195.0,-0.035856539645922725,0.08399614187269444,0.11860384937680848,3.657797470713453,1.7702025383464526,0.38574957641296753
2023-04-26,2.869999885559082,3.0399999618530273,2.5,2.559999942779541,10268000,59.38375265958637,14777870.0,0.18595032854473237,0.08427190481416913,0.11173746046428062,3.6232251484929634,1.9037748495996876,0.3347034048003585
2023-04-27,2.819999933242798,3.0799999237060547,2.799999952316284,3.0,6250600,54.68277934738701,14843310.0,-0.017421586867605088,0.07953899462839376,0.10529776729710326,3.58879307627834,2.01820691704594,0.3155015150075866
2023-04-28,2.9000000953674316,3.0199999809265137,2.700000047683716,2.809999942779541,5156100,51.456313301489665,14779295.0,0.028368852488815266,0.08130622613804617,0.10049945906529184,3.5328500838601307,2.1661499170935437,0.31360715275140955
2023-05-01,2.940000057220459,3.0799999237060547,2.740000009536743,2.880000114440918,5276000,52.243591678487626,13533250.0,0.01379308984055716,0.084955122697838,0.09739059179180108,3.5308206706451553,2.218179330308519,0.3108725671627259
2023-05-02,2.5899999141693115,2.990000009536743,2.549999952316284,2.950000047683716,5047200,42.319748630569194,11860800.0,-0.11904766538747802,0.058925555910713356,0.08969758461558355,3.5039938490126468,2.1910061319138667,0.3229780729508839
2023-05-03,2.5999999046325684,2.7200000286102295,2.5199999809265137,2.5799999237060547,3207300,46.73539403465213,10950435.0,0.003861000306814244,0.03865822440891575,0.07948971257425,3.505244877031978,2.181755087682072,0.3326748134171415
2023-05-04,2.5299999713897705,2.640000104904175,2.390000104904175,2.630000114440918,4201300,36.718747162376204,10521365.0,-0.026923052234761657,0.01675467115698348,0.0669427042907967,3.468501164841279,2.2514987922433765,0.3344669400166437
2023-05-05,2.740000009536743,2.8399999141693115,2.609999895095825,2.619999885559082,5055400,32.78008348014379,9644255.0,0.08300396858566605,0.01615497098378116,0.05678515762939359,3.4605322001626693,2.282467758829335,0.2646675440350779
2023-05-08,2.7899999618530273,2.890000104904175,2.630000114440918,2.7899999618530273,4050500,36.52173615583619,9181435.0,0.018248157716151958,0.01948961837207186,0.049326049777929246,3.4600395053189152,2.280960455580438,0.19778025874024482
2023-05-09,2.9700000286102295,3.25,2.75,2.819999933242798,11904500,46.575345448409315,8926730.0,0.06451615384168385,0.03623910961849175,0.04670866174604175,3.4691614337873653,2.2888385347413824,0.17963333993647637
2023-05-10,2.549999952316284,2.940000057220459,2.490000009536743,2.9200000762939453,9461600,42.499997516473236,8589865.0,-0.14141416574008536,0.015444669499007357,0.04045586329663487,3.4521797415071016,2.2528202298826687,0.1796333346858094
2023-05-11,2.509999990463257,2.6500000953674316,2.5,2.5899999141693115,3172600,43.589744373499634,8283845.0,-0.015686259843532002,-0.0042141585429842365,0.031521858928711045,3.457098588350144,2.2199013859006493,0.18550200117518595
2023-05-12,2.380000114440918,2.5299999713897705,2.309999942779541,2.5299999713897705,4887400,47.00461092776807,7233020.0,-0.051792779488555096,-0.029938710127033197,0.0192297451175622,3.4219917705073915,2.1720082113727965,0.19832401526423385
2023-05-15,2.5299999713897705,2.5899999141693115,2.359999895095825,2.5,11033500,52.4663656034872,6827785.0,0.06302514694798189,-0.03778629089779484,0.00782653791449079,3.2631139906894098,2.226885995005475,0.18891244957752734
2023-05-16,2.4100000858306885,2.5,2.3499999046325684,2.5,4744300,37.89474120100481,6472105.0,-0.04743078534232714,-0.053076707832332204,-0.0043541112348738096,3.1290991469688776,2.2609008387260077,0.19587504633326427
2023-05-17,2.4000000953674316,2.4800000190734863,2.3499999046325684,2.4200000762939453,8027500,38.70968114076887,6430090.0,-0.004149373488428698,-0.06524923648942549,-0.016533136285784147,3.063079178736627,2.254920827939093,0.20179414864430908
2023-05-18,2.4200000762939453,2.5,2.359999895095825,2.440000057220459,10260600,36.66666401757092,6442530.0,0.00833332505491069,-0.07244709679939865,-0.027715928388507047,3.033892918014507,2.235107087707539,0.19324867019827824
2023-05-19,2.2100000381469727,2.450000047683716,2.200000047683716,2.440000057220459,6237600,31.472078760920354,6481075.0,-0.08677687253157962,-0.09401297789957042,-0.040975338290719726,3.0371405719630933,2.171859443295696,0.19210370993284753
2023-05-22,2.4100000858306885,2.4100000858306885,2.2139999866485596,2.240000009536743,6769500,45.05494894173573,6463670.0,0.09049775757081457,-0.09388353076511091,-0.051556976785597966,3.038996085632637,2.1600039391628956,0.1948639695161389
2023-05-23,2.440000057220459,2.5799999237060547,2.359999895095825,2.4200000762939453,7589700,45.65217729326967,6630060.0,0.012448120465286205,-0.09031905417265973,-0.059309392263010324,3.038364398290683,2.1626356245975003,0.19526958116818302
2023-05-24,2.4000000953674316,2.4200000762939453,2.2899999618530273,2.4000000953674316,5927700,46.40884261723577,6413045.0,-0.01639342660450327,-0.08968797625889957,-0.06538510906218818,3.0042851714135534,2.149714872455465,0.1978677259549914
2023-05-25,2.4000000953674316,2.680000066757202,2.3499999046325684,2.680000066757202,10361700,39.37500046566138,6618600.0,0.0,-0.08817145679645044,-0.06994237860904064,2.974186558305081,2.1378135017764013,0.18828897027821806
2023-05-26,2.3499999046325684,2.4700000286102295,2.319999933242798,2.4000000953674316,7350100,36.249997392296635,6728300.0,-0.02083341197834765,-0.08996711679991742,-0.07394732624721599,2.9231097184765527,2.133890322531443,0.1696473268412364
2023-05-30,2.130000114440918,2.5,2.109999895095825,2.4100000858306885,14997400,24.390240711231854,7214370.0,-0.09361693579559882,-0.10789854745268102,-0.080737570488309,2.8708755053324335,2.1051245413976076,0.11277710447952202
2023-05-31,2.2100000381469727,2.25,2.109999895095825,2.190000057220459,6045800,36.92307494801097,7264300.0,0.03755864760929972,-0.11433601576017338,-0.08745725954268188,2.8679406750777434,2.070059384050064,0.1136023387702032
2023-06-01,2.0899999141693115,2.1689999103546143,2.0,2.1600000858306885,5015500,34.782601935199196,7354710.0,-0.05429869769517204,-0.12764930121001417,-0.09549566787614834,2.8713354396728805,2.015664620408601,0.1286532250231004
2023-06-02,2.0199999809265137,2.180000066757202,1.940000057220459,2.140000104904175,4728800,36.363628153628305,7381085.0,-0.03349279240072123,-0.14220928532586719,-0.10483839136609212,2.8832831828983214,1.9527168781368345,0.153858811518966
2023-06-05,2.0,2.109999895095825,1.9600000381469727,2.109999895095825,2602200,27.731090248257885,7258425.0,-0.009900980750178201,-0.15359150172614777,-0.11458901343810325,2.8560579200960596,1.905942139985422,0.16206263127304996
2023-06-06,2.1500000953674316,2.1600000858306885,1.940000057220459,1.9800000190734863,4997100,39.34426293581986,7305755.0,0.07500004768371582,-0.14879304256057635,-0.12142981926259788,2.793280656650978,1.9047194167819446,0.16064604466512433
2023-06-07,2.069999933242798,2.2200000286102295,2.0199999809265137,2.1700000762939453,3829900,37.20929802742848,6902025.0,-0.037209376081893564,-0.14971969811247243,-0.12708779503257278,2.6562200852215563,1.9517799786746233,0.16260925092661943
2023-06-08,2.109999895095825,2.1500000953674316,2.005000114440918,2.069999933242798,3132900,38.167933651940594,6585590.0,0.019323653692280285,-0.14554862276328917,-0.13077996057871608,2.624351088648252,1.939648969525881,0.15657919377341178
2023-06-09,2.0399999618530273,2.2699999809265137,1.9900000095367432,2.0899999141693115,7319300,42.73503994835487,6792925.0,-0.03317532546115076,-0.14620605273115173,-0.13386517900920322,2.599475478764486,1.9175245765486242,0.16332402637309643
2023-06-12,2.0399999618530273,2.069999933242798,2.0199999809265137,2.049999952316284,2703800,30.927829223480543,6683745.0,0.0,-0.14505496734721302,-0.13610313667680518,2.5907715112338447,1.8922285288204765,0.15678258810818535
2023-06-13,2.299999952316284,2.359999895095825,2.059999942779541,2.0899999141693115,11543900,44.16666252745539,6709265.0,0.12745097810055195,-0.1217593317832728,-0.1332343756980987,2.553468149419123,1.90653188872785,0.14238358152662237
2023-06-14,2.2899999618530273,2.380000114440918,2.200000047683716,2.2899999618530273,6067500,45.29913989993756,6775425.0,-0.004347822030685733,-0.10291791476263024,-0.12717108351100503,2.537714672539922,1.910285353209285,0.13099787217224715
2023-06-15,2.559999942779541,2.700000047683716,2.2100000381469727,2.2300000190734863,15028100,55.55555003660719,7125455.0,0.11790392376602243,-0.06544480705417,-0.11482582821963803,2.5716965084335843,1.8923035020568335,0.1580095864633023
2023-06-16,2.509999990463257,2.680000066757202,2.4600000381469727,2.6500000953674316,8786300,55.55555923485508,7051740.0,-0.01953123181010552,-0.03932832505078743,-0.09972632758586791,2.5888321136158847,1.8841678882914643,0.17680932532676388
2023-06-20,2.5899999141693115,2.6700000762939453,2.3499999046325684,2.5399999618530273,9216800,67.69230063850333,7200700.0,0.03187247968526474,-0.01203674751545103,-0.08218841157178455,2.64121738625104,1.8697826032585427,0.20697188088887325
2023-06-21,2.4000000953674316,2.5999999046325684,2.3299999237060547,2.5899999141693115,5876300,56.737591410707665,7156040.0,-0.07335900582947252,-0.005673967213950526,-0.06688552270021775,2.639899176817725,1.8701008136455317,0.2129141094961638
2023-06-22,2.390000104904175,2.5899999141693115,2.3399999141693115,2.369999885559082,6524100,61.53847141378947,7102760.0,-0.004166662527455345,-0.001421942374072227,-0.05379280663498865,2.632963720721121,1.8720362745105072,0.21322356268593906
2023-06-23,2.3399999141693115,2.372999906539917,2.130000114440918,2.369999885559082,10369600,62.499997671693514,7324855.0,-0.02092058097916616,-0.0020629986137117307,-0.04344684503073327,2.625992112557939,1.8730078645538777,0.2038651271512269
2023-06-26,2.2799999713897705,2.4200000762939453,2.2300000190734863,2.299999952316284,4982600,60.60606005872683,7055900.0,-0.025641002128344415,-0.007328060919333357,-0.03622308820845328,2.6136649477536826,1.8733350169603675,0.18841298390763378
2023-06-27,2.380000114440918,2.4000000953674316,2.2300000190734863,2.2799999713897705,3943900,59.05511899715511,6885590.0,0.04385971241490516,-0.0033923796798362993,-0.02965694650272989,2.6172195190805123,1.8727804666143726,0.18519964204631542
2023-06-28,2.299999952316284,2.4000000953674316,2.240000009536743,2.369999885559082,4308500,59.05511899715511,6351145.0,-0.03361351188145911,-0.006651988454505098,-0.025055954893084934,2.6224116303843146,1.8845883390981073,0.17229703521307685
2023-06-29,2.450000047683716,2.5899999141693115,2.2699999809265137,2.319999933242798,9942900,62.318845086677236,6546000.0,0.0652174341205396,0.0028358127166407954,-0.01947760137113979,2.6439441937284522,1.8870557767076444,0.16362145500249922
2023-06-30,2.3499999046325684,2.549999952316284,2.3299999237060547,2.509999990463257,4149200,60.992903244351936,6502685.0,-0.040816384124437,0.002259738829935465,-0.01513013333092474,2.6493468255138484,1.9076531439685736,0.13767297271288653
2023-07-03,2.390000104904175,2.430000066757202,2.2799999713897705,2.3949999809265137,3630100,62.06896608422947,6447750.0,0.017021362508463866,0.004973546047716937,-0.011109397455196405,2.6500379557882034,1.9439620260919845,0.09967253956081654
2023-07-05,2.2799999713897705,2.4000000953674316,2.259999990463257,2.359999895095825,2921900,49.23077035937731,6463735.0,-0.04602515844609745,-0.0017318697292183494,-0.009233891910000794,2.6355012517930194,1.9864987272261458,0.10126941330209575
2023-07-06,2.0799999237060547,2.240000009536743,2.0799999237060547,2.2200000286102295,5894300,42.953022282045524,6508595.0,-0.08771932026025686,-0.022920083959657944,-0.011971130319932225,2.640706141891117,1.9742938199619107,0.1294281688017839
2023-07-07,2.109999895095825,2.239000082015991,2.0899999141693115,2.109999895095825,4469000,32.00000839232918,6540550.0,0.014423063697193816,-0.03686617905543743,-0.016950140067033267,2.6371375045042984,1.9818624535340317,0.13658514741097194
2023-07-10,2.0899999141693115,2.140000104904175,2.0399999618530273,2.130000114440918,3864600,32.786892614383206,6577135.0,-0.009478664417471583,-0.04896791951429824,-0.023353695956486266,2.638812479067232,1.9781874808784468,0.14382723858094978
2023-07-11,2.069999933242798,2.130000114440918,2.0,2.0999999046325684,5100100,27.586223197454018,6466175.0,-0.009569369257348859,-0.05948674120681119,-0.03058030500655125,2.635414745836119,1.984585211248537,0.1345914234184368
2023-07-12,2.0999999046325684,2.1700000762939453,2.065000057220459,2.1700000762939453,4409600,35.000004768367035,6551465.0,0.014492740269210325,-0.0646569115820248,-0.03739562632164596,2.628901420520422,1.9970985308421885,0.13773886104678196
2023-07-13,2.109999895095825,2.180000066757202,2.0799999237060547,2.140000104904175,4565000,36.00000286102022,6202520.0,0.004761900436850874,-0.0671730639292738,-0.04335111384317153,2.6322152438111592,1.974784701829405,0.13740336495817135
2023-07-14,2.0299999713897705,2.109999895095825,1.9800000190734863,2.109999895095825,4313400,34.951469120416576,6114815.0,-0.03791465766988655,-0.0747606636544762,-0.04963302380543246,2.64128712282521,1.9397128237690278,0.14447332770787066
2023-07-17,2.0299999713897705,2.0799999237060547,2.009999990463257,2.0299999713897705,2828100,37.11341194422091,5504815.0,0.0,-0.07985339091890031,-0.055677097228126034,2.609094998791789,1.9189049506634723,0.15120945869470417
2023-07-18,2.0399999618530273,2.0799999237060547,2.0199999809265137,2.0399999618530273,3089000,30.68182249206852,5219950.0,0.004926103745908295,-0.08213568921254621,-0.060968815625010074,2.5790091602802674,1.9019907863139711,0.14694885513340267
2023-07-19,2.069999933242798,2.2300000190734863,2.049999952316284,2.049999952316284,6020700,36.1445838506248,5060145.0,0.014705868603311245,-0.08059463529513611,-0.06489397955903528,2.518056190122319,1.9109437583792679,0.14456455784140487
2023-07-20,1.8899999856948853,2.0899999141693115,1.8600000143051147,2.059999942779541,7472300,17.441866428802612,5139945.0,-0.08695649920429238,-0.09282776966229633,-0.0704807375796875,2.512005664974992,1.8659942725593401,0.1344177670661239
2023-07-21,1.9600000381469727,2.0,1.8899999856948853,1.940000057220459,3071900,26.506036728518566,4967335.0,0.037037065069791986,-0.09577021810577602,-0.07553863368490521,2.491415204372827,1.8435847264857852,0.1223151388244333
2023-07-24,1.909999966621399,1.9630000591278076,1.8600000143051147,1.9500000476837158,2993800,21.428564332780667,4598545.0,-0.02551024007777314,-0.10097276640278396,-0.08062546022848097,2.4786702359466304,1.8133297001571902,0.0959767410897364
2023-07-25,1.8700000047683716,1.9299999475479126,1.8600000143051147,1.8799999952316284,2421900,23.376620762825027,4470510.0,-0.02094238877070942,-0.10708903035705974,-0.08591817425419673,2.4735759260797114,1.7774240133619696,0.08382343163788476
2023-07-26,1.9299999475479126,1.9700000286102295,1.8600000143051147,1.8799999952316284,2658100,38.095235392078564,4406220.0,0.03208553081633436,-0.10587426701851443,-0.08990939280706027,2.439802282478273,1.7661976402741075,0.08591137054770366
2023-07-27,1.75,1.9500000476837158,1.7400000095367432,1.9500000476837158,3881200,26.923075747442496,4384855.0,-0.09326422406208079,-0.11807495518138467,-0.09554250528192515,2.4337104415957906,1.7172894859249614,0.10666005463404393
2023-07-28,1.8700000047683716,1.8799999952316284,1.75,1.7999999523162842,2724200,37.50000169331424,4023920.0,0.06857143129621224,-0.11671566541087008,-0.09977713730771415,2.369203985481892,1.7237959377473255,0.10688647707247272
2023-07-31,2.009999990463257,2.0199999809265137,1.8799999952316284,1.8799999952316284,3789700,47.00000214576772,4005945.0,0.0748663023197298,-0.10315251171288797,-0.10045221218874892,2.3189986246598884,1.7400013071523974,0.10388336057853152
2023-08-01,2.119999885559082,2.2100000381469727,1.9500000476837158,1.9700000286102295,6999900,50.92592531270924,4174435.0,0.05472631622772939,-0.0825756616374469,-0.09687690207848852,2.2555960528173595,1.776403857060418,0.10593640166453862
2023-08-02,1.9800000190734863,2.049999952316284,1.940000057220459,2.049999952316284,2594900,44.62810234899528,4158085.0,-0.06603767643538117,-0.0766812452394432,-0.09283777071067947,2.2060826703876018,1.7959172442585472,0.09820362308923133
2023-08-03,2.009999990463257,2.059999942779541,1.9600000381469727,1.9700000286102295,2031000,49.13793156603446,3964920.0,0.015151500555948827,-0.06879609227841077,-0.08802943502422575,2.19926839101476,1.7957315303071086,0.09727041775364821
2023-08-04,2.009999990463257,2.049999952316284,1.9700000286102295,2.0399999618530273,2222900,49.13793156603446,3852615.0,0.0,-0.061834264832833385,-0.08279040098594728,2.1873682821088685,1.7976316487497437,0.09630535372488393
2023-08-07,1.8300000429153442,2.049999952316284,1.809999942779541,2.049999952316284,4148400,42.10526362963723,3866805.0,-0.08955221313529804,-0.07003414780855,-0.08023915035046783,2.181539507953971,1.7774604357792447,0.09896439305200057
2023-08-08,1.7699999809265137,1.8200000524520874,1.7100000381469727,1.8200000524520874,3029400,38.97058720407163,3763270.0,-0.03278691835069325,-0.08044677733212557,-0.08028067574679938,2.1821887341094035,1.7468112143921832,0.1019183937781069
2023-08-09,1.590000033378601,1.7799999713897705,1.5099999904632568,1.7799999713897705,4074800,38.97058720407163,3746530.0,-0.10169488671615179,-0.1020470181896651,-0.08463394423537253,2.2041632324674905,1.6738367289086997,0.1352754404177261
2023-08-10,1.5700000524520874,1.7000000476837158,1.5499999523162842,1.6699999570846558,2094900,35.11449964887848,3623025.0,-0.012578604092237433,-0.11940279491048322,-0.09158771437039467,2.2115856138717764,1.6124143632400403,0.1600205744034834
2023-08-11,1.7000000476837158,1.7100000381469727,1.531000018119812,1.5399999618530273,3290300,42.44604341226506,3571870.0,0.0828025419671734,-0.12126954007315405,-0.09752407951094656,2.2039408352030834,1.5870591495381277,0.1660017564156335
2023-08-14,1.7599999904632568,1.7599999904632568,1.649999976158142,1.7000000476837158,1736100,46.09928886137586,3517270.0,0.03529408299799286,-0.11656378041963467,-0.1013320196926842,2.189286876573198,1.5747131100753613,0.1679743267517802
2023-08-15,1.6100000143051147,1.75600004196167,1.600000023841858,1.7400000095367432,1858100,39.33333216773102,3455725.0,-0.08522725964257538,-0.12351437958211764,-0.1057684916705709,2.1811226916391866,1.539877300254582,0.17773913157159285
2023-08-16,1.5299999713897705,1.6100000143051147,1.5199999809265137,1.6100000143051147,2384200,42.142853980160844,3273900.0,-0.049689467207783,-0.13393420423449398,-0.11140163418335551,2.1703756992110077,1.4966242964974579,0.1940601249675878
2023-08-17,1.4199999570846558,1.5499999523162842,1.4199999570846558,1.5399999618530273,3028600,33.8129435937511,3051715.0,-0.07189543553075795,-0.14934649871600025,-0.11899060708988446,2.192732530496031,1.4272674623514114,0.21924569582571543
2023-08-18,1.4199999570846558,1.4299999475479126,1.340000033378601,1.3899999856948853,2646500,26.399991912839482,3030445.0,0.0,-0.1597197038087359,-0.12713642643365475,2.1961572655520203,1.3698427191891906,0.228015799646524
2023-08-21,1.3799999952316284,1.4600000381469727,1.350000023841858,1.440000057220459,2799900,18.64406471449621,3020750.0,-0.028168988071767043,-0.16921757137896987,-0.13555265542271777,2.20207589189457,1.3109240957076638,0.21798780875909327
2023-08-22,1.340000033378601,1.440000057220459,1.3200000524520874,1.4199999570846558,1917500,20.37036566904294,2995530.0,-0.028985479703797723,-0.17792139539088803,-0.14402640341635184,2.208946185073061,1.251053805390196,0.2183101964521477
2023-08-23,1.3899999856948853,1.440000057220459,1.2999999523162842,1.3200000524520874,2157500,21.818176104016402,2970500.0,0.03731339632150399,-0.17872443629361712,-0.1509660099918049,2.1951745336273047,1.2108254606506494,0.19921825908515947
2023-08-24,1.2999999523162842,1.434999942779541,1.2799999713897705,1.4299999475479126,2306300,20.168061081647167,2891755.0,-0.0647482261185841,-0.1844963435234659,-0.1576720766981371,2.203788173779457,1.1572118157301257,0.17402950692823307
2023-08-25,1.309999942779541,1.3700000047683716,1.2699999809265137,1.309999942779541,1888400,24.50979555720943,2849965.0,0.0076923006385032355,-0.1861182505922503,-0.16336131147695973,2.19274847117393,1.1122515121367695,0.16335932466890773
2023-08-28,1.3700000047683716,1.3899999856948853,1.3200000524520874,1.3300000429153442,1273900,30.392155373201675,2724175.0,0.04580157603787627,-0.180481640067633,-0.1667853771950944,2.147236716293761,1.0937632684474496,0.147969796127217
2023-08-29,1.6100000143051147,1.6699999570846558,1.4299999475479126,1.4500000476837158,9258100,50.92592510830386,2837085.0,0.17518248810321757,-0.1548634214876643,-0.1644009860536084,2.066392136467435,1.1236078611483793,0.14922696362359605
2023-08-30,1.7400000095367432,1.7799999713897705,1.559999942779541,1.6699999570846558,7073100,57.14285571177316,3060995.0,0.08074533793574967,-0.12265697230838346,-0.15605218330456344,2.0243901676948712,1.1416098289672685,0.16341817445202295
2023-08-31,1.6399999856948853,1.7899999618530273,1.6100000143051147,1.7599999904632568,3502000,47.413790357098634,3134545.0,-0.057471277755039685,-0.10400340892956916,-0.1456424284295646,1.959067074040437,1.1699329221448656,0.15823200021942285
2023-09-01,1.7200000286102295,1.7699999809265137,1.6699999570846558,1.7000000476837158,3752400,48.305086458047725,3211020.0,0.04878051439826536,-0.08182179990813943,-0.13287830272527956,1.8936644967802945,1.2063355032197056,0.15320748052526761
2023-09-05,1.7100000381469727,1.809999942779541,1.6699999570846558,1.7899999618530273,4241100,54.807693079202075,3215655.0,-0.005813947847045586,-0.06430832427408073,-0.1191643070350398,1.870860697038819,1.2171393024843438,0.16161956849801645
2023-09-06,1.690000057220459,1.7400000095367432,1.6200000047683716,1.6799999475479126,1892900,58.163269526359606,3158830.0,-0.011695895017748925,-0.051449521907926954,-0.10562135000961724,1.857025695435195,1.2229743117173624,0.16999679080620184
2023-09-07,1.590000033378601,1.6399999856948853,1.559999942779541,1.6299999952316284,2196100,58.76289027215357,3064895.0,-0.05917160973729663,-0.04876585219068463,-0.09425025044583071,1.857025695435195,1.2229743117173624,0.1696943177034439
2023-09-08,1.690000057220459,1.7400000095367432,1.600000023841858,1.625,2676100,62.61682649066475,3093955.0,0.0628930954355813,-0.03813031586995419,-0.08302626353065541,1.869884368258147,1.2221156393712476,0.1733699829118742
2023-09-11,1.7300000190734863,1.7999999523162842,1.659999966621399,1.7400000095367432,2683300,66.3551404992819,3063605.0,0.02366861567970302,-0.026172217056377622,-0.07165545423579985,1.874648811100489,1.2203511936678826,0.17464094166240746
2023-09-12,1.7100000381469727,1.7999999523162842,1.6699999570846558,1.6799999475479126,2408900,67.61904664591063,3097245.0,-0.011560682489023755,-0.018100517409606276,-0.06094446687056113,1.8660181699828975,1.2239818395538458,0.16672016579552265
2023-09-13,1.600000023841858,1.7200000286102295,1.600000023841858,1.690000057220459,2586300,59.45946003997699,3133655.0,-0.06432749231065238,-0.020345192418274705,-0.052824611980103846,1.8651228028904763,1.2238772075999411,0.1569156968193902
2023-09-14,1.6100000143051147,1.6799999475479126,1.5800000429153442,1.6399999856948853,1668400,65.04854537481307,3097865.0,0.006249993946403354,-0.02107426684773217,-0.04647454295362951,1.8703548773061822,1.2266451374757699,0.13093914726159084
2023-09-15,1.659999966621399,1.659999966621399,1.590000033378601,1.6200000047683716,4762000,66.3551404992819,3184535.0,0.031055870727966672,-0.017416716237629526,-0.04066297761042951,1.8800704843611724,1.2409295313744537,0.09512571879277931
2023-09-18,1.6299999952316284,1.649999976158142,1.5700000524520874,1.6399999856948853,1610900,62.5,3132755.0,-0.01807227228493835,-0.016745792921916802,-0.035879540672726966,1.8848823571743207,1.2571176623760028,0.052566029936189126
2023-09-19,1.600000023841858,1.6200000047683716,1.5700000524520874,1.590000033378601,1163800,49.39759088057469,3050950.0,-0.018404890477013436,-0.018422465615377748,-0.03238812566125712,1.88284797164334,1.2811520507680063,0.05345225401889885
2023-09-20,1.590000033378601,1.649999976158142,1.5800000429153442,1.6399999856948853,1075500,39.436620191268815,3008850.0,-0.006249993946403354,-0.02032387547637904,-0.029975275624281508,1.8729525447243507,1.316047477686996,0.05244044835351636
2023-09-21,1.4800000190734863,1.5700000524520874,1.4800000190734863,1.5499999523162842,1891800,38.88888980871377,2995565.0,-0.06918239748170008,-0.03035690285647341,-0.03005160107071989,1.8662196549288343,1.3317803708203724,0.07034062046086471
2023-09-22,1.4199999570846558,1.5,1.399999976158142,1.4900000095367432,1701400,28.571421272899897,2965320.0,-0.04054058190241916,-0.042657918964129404,-0.032572864649401796,1.8482672843340366,1.3617327418920069,0.08859403952505066
2023-09-25,1.350000023841858,1.409999966621399,1.2899999618530273,1.409999966621399,2136600,26.31578452038879,2977730.0,-0.049295729125592325,-0.0573933773246631,-0.03753696718445406,1.840517755760717,1.3734822785715581,0.1106350403545894
2023-09-26,1.2799999713897705,1.350000023841858,1.2799999713897705,1.2999999523162842,1390200,24.69135093863342,2983545.0,-0.051851889789512606,-0.07386824629476707,-0.044803223006516665,1.8577089335862478,1.3472910974081673,0.13544393147413555
2023-09-27,1.4700000286102295,1.524999976158142,1.2999999523162842,1.309999942779541,5244600,43.333332891817435,2782870.0,0.14843754802132136,-0.07077740407091149,-0.04999805921939563,1.857434141372548,1.3335658910523787,0.13766499795217937
2023-09-28,1.4299999475479126,1.5399999618530273,1.409999966621399,1.5099999904632568,2605900,34.523803610650546,2559510.0,-0.027210938968575293,-0.07074011359199694,-0.0541464700939159,1.8426184398812933,1.3173815863447504,0.1360995234754396
2023-09-29,1.5099999904632568,1.5499999523162842,1.4500000476837158,1.4500000476837158,2216900,37.5,2495255.0,0.05594408800680317,-0.063522972458951,-0.05602177056692292,1.8363007533146627,1.3106992733882183,0.12469744778380114
2023-10-02,1.399999976158142,1.590000033378601,1.350000023841858,1.5499999523162842,2727500,34.02061779651861,2444010.0,-0.07284769205287711,-0.06591953855330934,-0.05800132416420021,1.8217069049978478,1.2932931164598245,0.11643279438988309
2023-10-03,1.3600000143051147,1.4199999570846558,1.350000023841858,1.3899999856948853,1263000,36.666667549698346,2295105.0,-0.028571401810159047,-0.0702368503869848,-0.06044842940875713,1.8080141818022122,1.2719858372712742,0.11856514554524078
2023-10-04,1.4299999475479126,1.4600000381469727,1.3200000524520874,1.4600000381469727,1798900,40.62499689559154,2290405.0,0.05147053860772499,-0.06723489945226802,-0.06180572341745931,1.7895462726663096,1.264453735439922,0.11362412134813477
2023-10-05,1.4299999475479126,1.440000057220459,1.3700000047683716,1.3899999856948853,1202000,37.36263750659254,2240700.0,0.0,-0.0641167339113673,-0.06226792551624091,1.7832088828014527,1.2547911167217103,0.10020858558455155
2023-10-06,1.4700000286102295,1.4800000190734863,1.3799999952316284,1.3799999952316284,1121600,41.30435148799725,2162975.0,0.02797208568497278,-0.0577521620334811,-0.061364772819688954,1.7602822391099897,1.25571775755215,0.08706447148382485
2023-10-09,1.5399999618530273,1.5399999618530273,1.409999966621399,1.4299999475479126,1541400,46.87499728364294,2105880.0,0.04761900127918861,-0.04652348953960361,-0.05839651616367189,1.7289480945144684,1.2680518964256258,0.08000000738155759
2023-10-10,1.4600000381469727,1.5440000295639038,1.4500000476837158,1.4600000381469727,1610300,43.68932117491277,2065950.0,-0.051948003693320643,-0.04357767463873419,-0.05543274785868435,1.6941902064938665,1.2778097844462273,0.0678759395818668
2023-10-11,1.399999976158142,1.4700000286102295,1.399999976158142,1.4299999475479126,1164100,45.91836573331888,1994840.0,-0.04109593179530491,-0.045559418055808765,-0.05345808189810924,1.6803114296302117,1.2716885565415106,0.06676595258833473
2023-10-12,1.3600000143051147,1.409999966621399,1.350000023841858,1.399999976158142,927400,46.875003104408464,1957790.0,-0.028571401810159047,-0.04978375053260953,-0.0527232156250093,1.663844440753661,1.2631555454180614,0.06899991930596718
2023-10-13,1.309999942779541,1.3899999856948853,1.2999999523162842,1.3799999952316284,1040000,47.87233651305031,1771690.0,-0.036764758087977634,-0.056514686235475065,-0.05348150974710246,1.634891516954476,1.2571084668330605,0.07287276962881106
2023-10-16,1.340000033378601,1.350000023841858,1.309999942779541,1.340000033378601,1051500,53.333335982428025,1743720.0,0.022900833518668895,-0.058750999729983544,-0.054535407743678675,1.6047992665678397,1.2582007210343944,0.06553666936913055
2023-10-17,1.440000057220459,1.4500000476837158,1.340000033378601,1.340000033378601,1627600,48.14815032847303,1766910.0,0.07462688160516184,-0.05185636025561857,-0.05399959824606666,1.577775908049436,1.2692240828906578,0.06433087541053756
2023-10-18,1.3600000143051147,1.409999966621399,1.350000023841858,1.409999966621399,805500,45.88235756105128,1753410.0,-0.055555583150297405,-0.05224539132444117,-0.05364875686174157,1.5471178816459157,1.2768821073868295,0.06618737891793416
2023-10-19,1.350000023841858,1.3799999952316284,1.3200000524520874,1.3600000143051147,1063300,39.743593074552415,1711985.0,-0.007352934086817808,-0.052752518707916085,-0.05346950923097647,1.5393459386738577,1.2716540508357248,0.06221638752917822
2023-10-20,1.2999999523162842,1.350000023841858,1.2999999523162842,1.3300000429153442,1081800,43.05555532559941,1681005.0,-0.037037089364844955,-0.05653728212199027,-0.05408306380917924,1.5411407627568103,1.257859226275935,0.06811835538757213
2023-10-23,1.3200000524520874,1.3899999856948853,1.2300000190734863,1.2999999523162842,1472500,47.14286103540378,1647800.0,0.01538469297646361,-0.057262803508257853,-0.05471901174899496,1.5424554183982038,1.2535445734955644,0.07055899190326151
2023-10-24,1.3300000429153442,1.3799999952316284,1.309999942779541,1.3200000524520874,1114200,42.187511641525944,1634000.0,0.00757575004991895,-0.05638094434648955,-0.05505139826849388,1.5379159953500743,1.2630840036962514,0.07164089237865968
2023-10-25,1.2799999713897705,1.340000033378601,1.2599999904632568,1.340000033378601,948400,39.13044304537742,1419190.0,-0.03759403752797941,-0.059036120858865226,-0.05584834278656815,1.5343288362459437,1.2476711570783359,0.0757236212373182
2023-10-26,1.2699999809265137,1.3300000429153442,1.2599999904632568,1.309999942779541,937000,34.848488679819184,1335745.0,-0.007812492724042275,-0.0612413310880362,-0.056926940446861765,1.5347754560177982,1.2312245406443416,0.07543282309960632
2023-10-27,1.25,1.2999999523162842,1.2300000190734863,1.2799999713897705,696100,26.229525817003292,1259705.0,-0.015748016714081325,-0.06386659306698861,-0.05831487097088713,1.520507912356467,1.219492085259347,0.061075543861630416
2023-10-30,1.2200000286102295,1.2799999713897705,1.2000000476837158,1.25,1016800,28.571443776683694,1174170.0,-0.02399997711181645,-0.06758875794122665,-0.06016964836495504,1.524886994303133,1.19711300855789,0.05865246094951004
2023-10-31,1.2699999809265137,1.2699999809265137,1.159999966621399,1.2100000381469727,1170600,38.18182527525951,1169550.0,0.04098356651125812,-0.06574614154178082,-0.0612849470003202,1.525369303951173,1.1876306955719897,0.05584517148135297
2023-11-01,1.190000057220459,1.2799999713897705,1.1699999570846558,1.2699999809265137,1046000,35.593230612688984,1131905.0,-0.06299206685632519,-0.06993501273196556,-0.06301496014664927,1.525080933413897,1.1639190770765204,0.06314557435070733
2023-11-02,1.309999942779541,1.309999942779541,1.2200000286102295,1.2599999904632568,2247000,50.0,1184155.0,0.10084023511677098,-0.06284727122404132,-0.06298142236212768,1.5150487931383354,1.1619512168752448,0.06314557435070733
2023-11-03,1.440000057220459,1.4500000476837158,1.340000033378601,1.340000033378601,2070300,56.57894798758278,1231590.0,0.09923673291548818,-0.046207609674408845,-0.05962665982458392,1.5093032939908781,1.164696718883725,0.07269159303385206
2023-11-06,1.4700000286102295,1.6200000047683716,1.4299999475479126,1.5099999904632568,4104100,52.17391078999471,1359725.0,0.020833312637276835,-0.03025109524774172,-0.053751546909215485,1.4906154773710623,1.1763845421792611,0.07714693531219738
2023-11-07,1.559999942779541,1.7000000476837158,1.4800000190734863,1.4800000190734863,4318600,64.28571063644995,1495140.0,0.06122443021609958,-0.01022533044698637,-0.045046303616769666,1.5174178024660916,1.1595822075474886,0.1015051503538989
2023-11-08,1.4900000095367432,1.649999976158142,1.4700000286102295,1.6399999856948853,2563500,59.2105269349514,1565110.0,-0.044871753724602725,-3.1409563958639808e-06,-0.03603767108469491,1.5326367793128455,1.1533632340385949,0.11057292864912333
2023-11-09,1.5399999618530273,1.600000023841858,1.4800000190734863,1.5399999618530273,1931700,65.7894794630561,1615325.0,0.03355701476259032,0.011994332942732555,-0.02643127027920942,1.5611184466044312,1.1428815615018006,0.12256416822968354
2023-11-10,1.559999942779541,1.590000033378601,1.4950000047683716,1.5299999713897705,1455300,65.78947409698527,1636090.0,0.012987000923330161,0.02285281572458908,-0.01657445307844972,1.5921169277070018,1.13688308039923,0.13387708099186243
2023-11-13,1.7799999713897705,1.8049999475479126,1.5199999809265137,1.5399999618530273,3849400,73.1958804696651,1775985.0,0.14102566453832233,0.048649602913189316,-0.003529641880121911,1.6797413891095752,1.0932586127977735,0.17209917731494898
2023-11-14,1.8799999952316284,1.8899999856948853,1.7799999713897705,1.840000033378601,3201700,79.41177673681278,1854690.0,0.05617978957818792,0.07628355941684828,0.012432998379272127,1.7754088268468253,1.0415911688616402,0.20989923068964383
2023-11-15,1.9299999475479126,2.0899999141693115,1.8600000143051147,1.8899999856948853,4788200,81.1320860812866,2053825.0,0.026595719384628902,0.10105336701142065,0.030157072105701833,1.8705459308178658,1.0034540582148797,0.23958868614827442
2023-11-16,1.7899999618530273,1.909999966621399,1.7599999904632568,1.909999966621399,2599500,72.8813622676605,2130635.0,-0.07253885466305676,0.1081402160741125,0.04575370089938397,1.9178727198943848,1.0001272629394775,0.24107016761296057
2023-11-17,1.7999999523162842,1.8799999952316284,1.7799999713897705,1.809999942779541,1725900,75.00000513833318,2162840.0,0.005586586970037999,0.11325794359808672,0.059254549439124525,1.9605401140698948,1.0074598687639673,0.2332769242526488
2023-11-20,1.8300000429153442,1.9500000476837158,1.7999999523162842,1.840000033378601,2611000,74.56141167253702,2219765.0,0.016666717440995127,0.11837003998405327,0.07107764754811027,2.0033558992902694,1.0156440825899185,0.22536050256928264
2023-11-21,1.7400000095367432,1.8600000143051147,1.7300000190734863,1.850000023841858,1548300,73.91304437965448,2241470.0,-0.04918034495519652,0.11384680753847998,0.07963147954618421,2.02651413389599,1.0334858446463382,0.1915064596079999
2023-11-22,1.7699999809265137,1.850000023841858,1.7400000095367432,1.809999942779541,1096400,71.69811617823095,2248870.0,0.01724136277318622,0.11139872504909842,0.08598492864676706,2.04741716901874,1.0615828104772622,0.16621182285841468
2023-11-24,1.8600000143051147,1.8849999904632568,1.7200000286102295,1.7699999809265137,1152400,70.58823598159923,2259640.0,0.05084747703301673,0.11539070040472366,0.09186608299835838,2.0758450461181446,1.092154936715718,0.1563386014741331
2023-11-27,1.8899999856948853,1.9500000476837158,1.8229999542236328,1.8799999952316284,1597500,70.58823598159923,2304710.0,0.016129016752173708,0.11959648279814727,0.09741216295831617,2.099556965597371,1.1324430158059795,0.14579830216181736
2023-11-28,1.8899999856948853,1.9299999475479126,1.8200000524520874,1.8899999856948853,1347000,67.74193879179455,2321220.0,0.0,0.12152868857307286,0.10223546808126752,2.1098190845189255,1.1891808925928908,0.14028425181541412
2023-11-29,1.8200000524520874,1.9700000286102295,1.7899999618530273,1.909999966621399,2916800,67.74193879179455,2408530.0,-0.03703700199609339,0.1160735424278132,0.10500308295057667,2.1065456382766685,1.2474543459877054,0.1155493438613817
2023-11-30,1.7000000476837158,1.8200000524520874,1.6799999475479126,1.7899999618530273,2380700,58.000004291534424,2475265.0,-0.06593406665384183,0.10090414216236576,0.10418329479293449,2.06575284299076,1.3392471403199395,0.09482198770800043
2023-12-01,1.7999999523162842,1.809999942779541,1.6449999809265137,1.7100000381469727,2476200,61.11111233754422,2486725.0,0.05882347166332158,0.09584658002009916,0.10251595183836743,2.041632598268555,1.4123673859958186,0.0643308654325124
2023-12-04,1.7799999713897705,1.8200000524520874,1.75,1.809999942779541,1503600,50.0,2458390.0,-0.011111100809073515,0.08919639376612154,0.09985204022391825,2.0286530557524105,1.4593469199288944,0.0643308654325124
2023-12-05,1.7100000381469727,1.7949999570846558,1.7000000476837158,1.7699999809265137,1687300,39.99999999999999,2337550.0,-0.039325805824673155,0.0773856105020001,0.09535875427953462,2.0106741957946235,1.5013257808403562,0.06806992348980023
2023-12-06,1.6799999475479126,1.7599999904632568,1.6710000038146973,1.7300000190734863,1104800,34.93975765180083,2176860.0,-0.017543912239656678,0.06485709091107417,0.08925842160584255,2.0024907193416706,1.5215092577701455,0.066332494756187
2023-12-07,1.6399999856948853,1.7000000476837158,1.6200000047683716,1.6799999475479126,1371600,39.72602762095948,2117265.0,-0.023809501846360326,0.051111306913826926,0.08162899866743943,1.982001391713441,1.5569985830141897,0.07750576102987856
2023-12-08,1.7400000095367432,1.7599999904632568,1.6100000143051147,1.6100000143051147,1666600,46.34146660584085,2104010.0,0.06097562482568364,0.04773656287016226,0.074850511507984,1.9634307596581961,1.595569219837806,0.07792995039645453
2023-12-11,1.7899999618530273,1.8049999475479126,1.7200000286102295,1.7699999809265137,1700000,47.61904221272932,2116245.0,0.028735604621977107,0.04853712640682195,0.06958783448775159,1.9431633287891998,1.638836652614151,0.07647810711768967
2023-12-12,1.6699999570846558,1.7999999523162842,1.6510000228881836,1.7999999523162842,1618600,45.977007399336294,2004705.0,-0.06703911023782716,0.03903856895223412,0.0634779813806481,1.947002797182689,1.6239971827901503,0.08090151637416272
2023-12-13,1.840000033378601,1.840000033378601,1.6699999570846558,1.7000000476837158,2184900,53.465349573024135,1953865.0,0.10179645548657201,0.044713054879327974,0.05972499608038408,1.9410169071888037,1.625983076598733,0.08322154173614993
2023-12-14,1.8799999952316284,1.940000057220459,1.840000033378601,1.8899999856948853,2754600,51.04166589056435,1852185.0,0.021739109308372973,0.051840206851744286,0.05814803823465612,1.930088461300062,1.6319115272558464,0.08499838735018651
2023-12-15,1.9199999570846558,1.9700000286102295,1.8799999952316284,1.8899999856948853,2700600,51.546390612303284,1857240.0,0.02127657550770312,0.060024266387050274,0.05852328386513495,1.949054939915812,1.6259450481632591,0.08846679336239581
2023-12-18,1.7799999713897705,1.9500000476837158,1.7699999809265137,1.8899999856948853,2192300,45.045043400244836,1880560.0,-0.07291666084590043,0.05458415159276009,0.05773545741065998,1.9479767353564714,1.6250232546299483,0.08219849996563242
2023-12-19,1.7799999713897705,1.8700000047683716,1.7200000286102295,1.7799999713897705,2195300,48.07691888872625,1859775.0,0.0,0.04969991177851263,0.05612834828423051,1.9441840958600267,1.6238158869738355,0.08093206674586846
2023-12-20,1.6699999570846558,1.8200000524520874,1.659999966621399,1.7699999809265137,1838600,48.543684713373956,1874290.0,-0.06179776183885555,0.03653191748627527,0.052209062124639466,1.9476400238782186,1.6133599537104348,0.08315218668329247
2023-12-21,1.7400000095367432,1.746999979019165,1.6699999570846558,1.7400000095367432,1015800,47.000002861022956,1870260.0,0.041916200150260874,0.03138284446162576,0.04804381859203673,1.947072660627747,1.6109273198219296,0.08263517380260237
2023-12-22,1.850000023841858,1.9199999570846558,1.7450000047683716,1.7799999713897705,3287400,53.211011482041556,1977010.0,0.06321839867943502,0.03576596110241792,0.04558824709411297,1.9456148317257493,1.6113851496776015,0.0860775333592702
2023-12-26,1.9700000286102295,1.9900000095367432,1.8650000095367432,1.8700000047683716,2676400,61.403507304287125,2030955.0,0.06486486660641755,0.04836508749934865,0.04614361517516011,1.9640575946811025,1.6009423910137826,0.10047416485294158
2023-12-27,2.109999895095825,2.190000057220459,1.9700000286102295,2.0199999809265137,4900100,67.19999954223628,2208610.0,0.07106592104181897,0.06885310935335198,0.05068551401079849,2.0228491648679285,1.5641508117670506,0.1286275741684278
2023-12-28,2.3299999237060547,2.3499999046325684,2.125,2.130000114440918,6152700,74.12587284336423,2370405.0,0.10426542158678087,0.10167018734059985,0.060882448676758766,2.1511318189140525,1.4868681448463235,0.17945122180613857
2023-12-29,2.140000104904175,2.3299999237060547,2.109999895095825,2.3299999237060547,3970200,63.15790010291214,2449880.0,-0.0815449892803729,0.11106625791233249,0.07091921052387351,2.197349898136377,1.4846500713460447,0.1900390341630157
2024-01-02,2.0,2.130000114440918,1.9700000286102295,2.069999933242798,4723600,56.52174074006613,2562250.0,-0.06542060656134585,0.10599403978771771,0.07793417637664235,2.213674261728381,1.488325712522413,0.18976561373662756
2024-01-03,1.8799999952316284,1.9500000476837158,1.850000023841858,1.9500000476837158,2730500,56.52174074006613,2623595.0,-0.06000000238418579,0.09123952048021233,0.08059524519735635,2.217307551693854,1.494692424941125,0.17761081699085127
2024-01-04,1.9900000095367432,2.009999990463257,1.8799999952316284,1.9199999570846558,2324200,54.83870942932507,2655440.0,0.058510646055380366,0.08741487520687441,0.08195917119925997,2.2291803429799613,1.5108196307939947,0.17689010312105785
2024-01-05,1.940000057220459,2.0199999809265137,1.9049999713897705,1.9900000095367432,1636000,51.92307912739096,2682000.0,-0.02512560405862696,0.07943357715601551,0.08145405239061107,2.23189901290324,1.534100971837971,0.1762740090461547
2024-01-08,2.190000057220459,2.2200000286102295,1.965000033378601,1.9900000095367432,4803500,57.62712206863829,2853595.0,0.1288659755805308,0.09221821740498948,0.08360688539348676,2.2654039959096646,1.5555959959841041,0.18875095758754465
2024-01-09,2.0399999618530273,2.240000009536743,2.0399999618530273,2.2200000286102295,2937500,57.303370636019075,2917140.0,-0.0684931924421095,0.08921793401057299,0.08472909511690402,2.275385698475138,1.5756142886502584,0.18290843108859187
2024-01-10,2.059999942779541,2.190000057220459,2.0299999713897705,2.069999933242798,3497300,57.77777718908992,3007005.0,0.00980391240220757,0.08744599610867998,0.08527247531525922,2.2877058735447013,1.5902941116733464,0.1752627487935469
2024-01-11,1.9900000095367432,2.049999952316284,1.850000023841858,2.049999952316284,3703700,59.090911246035866,3111260.0,-0.03398055106173814,0.07947714984584886,0.08411341022137715,2.2803176505461655,1.6296823399170912,0.1486662177182109
2024-01-12,2.0,2.0299999713897705,1.9550000429153442,2.0,1497300,57.647059401013934,3076880.0,0.005025120811725348,0.07312574930826843,0.08191587803875541,2.2842541149186633,1.6417458722067333,0.12598838533925621
2024-01-16,1.850000023841858,1.9900000095367432,1.840000033378601,1.9700000286102295,2324900,50.0,3055395.0,-0.07499998807907104,0.05535042885956276,0.07660278820291688,2.284660373407038,1.6383396165793818,0.12598838533925621
2024-01-17,1.7799999713897705,1.8550000190734863,1.7100000381469727,1.8300000429153442,2908500,44.37869592923509,3065790.0,-0.03783786570268233,0.0352090718581648,0.06832404493396646,2.2873647537553365,1.6216352376615946,0.14265919520980214
2024-01-18,1.659999966621399,1.8300000429153442,1.649999976158142,1.8200000524520874,2594600,36.52694790304073,3085905.0,-0.06741573409952317,0.009454913464057801,0.05655021863998473,2.298493982651014,1.59850600828908,0.16936371206278156
2024-01-19,1.7699999809265137,1.7699999809265137,1.6200000047683716,1.690000057220459,2572500,32.05128322691611,3104765.0,0.06626507019093375,-0.0020556643470315272,0.04482904204258148,2.299034558538202,1.5969654333555658,0.14741175648941737
2024-01-22,1.9500000476837158,1.9500000476837158,1.8049999475479126,1.809999942779541,3379500,43.870966650320895,3181810.0,0.10169495406603368,0.0033084827428264685,0.03652493018263048,2.2877767986871413,1.6362232022665328,0.13687245552777494
2024-01-23,1.940000057220459,1.9800000190734863,1.8600000143051147,1.9600000381469727,2382700,47.88732607197689,3250155.0,-0.0051282001121667475,0.006675738542736509,0.030555091854651686,2.2809268316255653,1.6630731740964804,0.13563851015517178
2024-01-24,1.850000023841858,1.9800000190734863,1.840000033378601,1.9600000381469727,1841800,48.9208644199405,3177875.0,-0.046391768414455026,0.002058335284057078,0.024855740540532766,2.2809268316255653,1.6630731740964804,0.13674594505327306
2024-01-25,1.809999942779541,1.8799999952316284,1.7599999904632568,1.8799999952316284,1228800,43.181816539817156,3105495.0,-0.021621665160441172,-0.004773634821407358,0.018929865468144742,2.2813177040373396,1.6466822931016374,0.13904107870474036
2024-01-26,1.809999942779541,1.8799999952316284,1.7899999618530273,1.7899999618530273,1365700,44.881886142194695,2928775.0,0.0,-0.01007191755564385,0.013129508863387023,2.2656203275592595,1.6323796743480892,0.14166205024746847
2024-01-29,1.8300000429153442,1.850000023841858,1.7100000381469727,1.8200000524520874,1759500,32.69231232136522,2709115.0,0.011049779429876505,-0.012512764501199314,0.008001054190469755,2.188646783672359,1.6593532301559186,0.11687318739820822
2024-01-30,1.7100000381469727,1.7999999523162842,1.7000000476837158,1.7899999618530273,1554500,33.663373815697284,2588330.0,-0.06557377155969979,-0.02385516332039428,0.0016298106882969487,2.163096503355062,1.6419035037974954,0.11570377608617284
2024-01-31,1.6200000047683716,1.7309999465942383,1.6200000047683716,1.7000000476837158,1824400,29.629637805847636,2443370.0,-0.052631597292903454,-0.03964929425087238,-0.006626010299536917,2.168439533785741,1.5985604738436532,0.11632893279090385
2024-02-01,1.649999976158142,1.690000057220459,1.5800000429153442,1.649999976158142,1583100,33.65384957053146,2386000.0,0.018518500803375026,-0.04917860943595631,-0.015136530126820797,2.1754954488278644,1.5685045568941813,0.11503703744350587
2024-02-02,1.6299999952316284,1.649999976158142,1.5700000524520874,1.6299999952316284,1306700,32.38095735476254,2335125.0,-0.012121200736670112,-0.05767959719691507,-0.02364514354083965,2.17045405927008,1.5375459450214546,0.10839489948405955
2024-02-05,1.5800000429153442,1.690000057220459,1.5700000524520874,1.659999966621399,1555100,35.789478967723156,2331080.0,-0.030674817461688986,-0.06767119808105204,-0.03245035444888213,2.172195441599664,1.4998045612613593,0.11777470585812834
2024-02-06,1.7400000095367432,1.7599999904632568,1.5800000429153442,1.600000023841858,2286700,48.07692528123644,2205240.0,0.10126579890857101,-0.06196466356656272,-0.03835321627241825,2.1075300667009134,1.519469931391738,0.11764400630838218
2024-02-07,1.659999966621399,1.7200000286102295,1.649999976158142,1.7100000381469727,1402800,50.0,2128505.0,-0.04597703590624891,-0.06316935175994987,-0.04331644336992457,2.0757359969199127,1.513264001649576,0.11764400630838218
2024-02-08,1.7200000286102295,1.75,1.6200000047683716,1.649999976158142,1925700,47.36842435482698,2049925.0,0.036144616382703276,-0.05860698740226988,-0.046374552176393635,2.0308875946780844,1.5241124124744732,0.11786564380015337
2024-02-09,1.850000023841858,1.909999966621399,1.7300000190734863,1.7300000190734863,3897700,44.44444444444444,2059625.0,0.0755813913193184,-0.043994229526324924,-0.045898487646379896,2.0062943122431753,1.5347056963398935,0.1073763085144626
2024-02-12,1.9600000381469727,2.0199999809265137,1.850000023841858,1.8600000143051147,4244900,50.999998807907396,2197005.0,0.05945946642567068,-0.023269198943609126,-0.04137262990582574,1.9966527963475638,1.5403472160502025,0.11029431529989489
2024-02-13,1.7999999523162842,1.8799999952316284,1.7400000095367432,1.809999942779541,2468000,47.663548694697624,2204160.0,-0.08163269526359607,-0.019530002924343925,-0.03700410450952938,1.9914726279755905,1.5405273772696182,0.10737886109007728
2024-02-14,1.909999966621399,1.9299999475479126,1.8300000429153442,1.8700000047683716,2142000,54.38596509573602,2165835.0,0.061111120677288966,-0.007602939341613046,-0.031123871475946113,2.0069871418767207,1.5380128628916507,0.11537087716752223
2024-02-15,2.25,2.3299999237060547,1.940000057220459,2.130000114440918,13601300,64.86486421178267,2716170.0,0.178010491790755,0.028950779112000058,-0.01910894135835688,2.112896848003594,1.4911031601026377,0.17704689849194044
2024-02-16,2.2100000381469727,2.2699999809265137,2.0799999237060547,2.259999990463257,7805700,62.66666550106481,2977830.0,-0.017777760823567745,0.05406892875989433,-0.004473367334706636,2.1837894335807095,1.4642105802475682,0.21124565557464478
2024-02-20,2.130000114440918,2.259999990463257,2.0399999618530273,2.1700000762939453,6310700,64.3835638808273,3124390.0,-0.03619905987564265,0.06675046031078269,0.00977139819439123,2.2144156846327734,1.4515843358712246,0.2258184299496926
2024-02-21,1.9299999475479126,2.075000047683716,1.899999976158142,2.069999933242798,4486300,59.87260856320476,3229570.0,-0.09389678692364833,0.05997101490407908,0.0198113215363288,2.2133508753823734,1.4516491341543696,0.2180281405227819
2024-02-22,2.059999942779541,2.200000047683716,2.049999952316284,2.0799999237060547,4397200,62.275446665377494,3357340.0,0.06735751231330078,0.06434642322324113,0.02871834187371127,2.2372267734596476,1.448773227970864,0.21537726463558357
2024-02-23,1.9500000476837158,2.069999933242798,1.9199999570846558,2.069999933242798,3410200,59.09091001453472,3466410.0,-0.053398008811302855,0.058266236705273755,0.03462792084002377,2.246723443877136,1.4532765680437927,0.2025022128007583
2024-02-26,2.490000009536743,2.494999885559082,1.9199999570846558,1.9500000476837158,15269800,70.22222040906374,4161615.0,0.27692305058887556,0.09591547514579424,0.04688543170117787,2.372279492337912,1.3957205262587373,0.2320714294442876
2024-02-27,3.440000057220459,3.4700000286102295,2.640000104904175,2.7200000286102295,48832300,77.96052525805476,6515255.0,0.3815261221065056,0.2001031674697371,0.07752897885488973,2.813164000909845,1.1158360191173156,0.4456875350360067
2024-02-28,3.140000104904175,3.75,3.049999952316284,3.6700000762939453,28385900,72.69938786031875,7856825.0,-0.08720928701340958,0.25551970323711437,0.11312712373133466,3.023914396251657,1.048085630451224,0.5055298863322417
2024-02-29,3.359999895095825,3.549999952316284,3.1500000953674316,3.319999933242798,18683400,73.97660737177733,8699775.0,0.07006362510881647,0.3135751523779873,0.15321672946066517,3.2529203712955668,0.9930796444400598,0.5708293626108935
2024-03-01,3.4600000381469727,4.179999828338623,3.140000104904175,3.380000114440918,45956300,73.74631299556032,10918435.0,0.029761948265863092,0.3634639042573613,0.1952661644200044,3.467080581406692,0.9599194405278173,0.6281566542814659
2024-03-04,4.329999923706055,4.795000076293945,4.019999980926514,4.099999904632568,67504100,78.55421647293194,14228305.0,0.2514450508575765,0.4678101947002462,0.2497749704760528,3.8867187176524185,0.810281297129533,0.7890472717362805
2024-03-05,3.75,4.630000114440918,3.5399999618530273,4.570000171661377,37653200,71.33479406893835,16033210.0,-0.13394917642622772,0.4979640158661236,0.299412779554067,4.071227527592335,0.8427724828980827,0.8080328074196389
2024-03-06,3.819999933242798,4.269000053405762,3.75,4.059999942779541,24431600,71.08167913324893,17140455.0,0.018666648864746005,0.5214980411879191,0.34382983188083743,4.247140388404865,0.8748596144561585,0.8176514016477583
2024-03-07,3.759999990463257,3.940000057220459,3.569999933242798,3.859999895095825,28669500,67.76470776330248,18503790.0,-0.01570679157803201,0.5292070622731466,0.3809052779592993,4.3772555944554625,0.9547444107897465,0.8276860831098611
2024-03-08,2.569999933242798,2.950000047683716,2.5199999809265137,2.809999942779541,39587800,53.33333259747347,20386895.0,-0.3164893777230683,0.43428726440184207,0.39158167524780785,4.362080142385745,1.0549198533227213,0.8069944767167829
2024-03-11,2.4200000762939453,2.619999885559082,2.4000000953674316,2.569999933242798,16788700,52.65082253762731,21031445.0,-0.05836570460902091,0.34300495822866806,0.38186633184397994,4.347362473221689,1.126637527731986,0.7860193115287489
2024-03-12,2.3299999237060547,2.4600000381469727,2.2799999713897705,2.440000057220459,19024900,53.7313433831666,21770445.0,-0.037190144525003244,0.2603990941175618,0.3575728842986963,4.336511980460114,1.1744880090494692,0.7491988290628177
2024-03-13,2.4600000381469727,2.680000066757202,2.4000000953674316,2.5999999046325684,41114400,53.73134441220654,23702765.0,0.05579404235951313,0.20308226846890465,0.32667476113273797,4.312045355846076,1.2649546422465756,0.7148518440507906
2024-03-14,2.440000057220459,2.890000104904175,2.359999895095825,2.890000104904175,53874400,54.64895667436558,26289385.0,-0.008130073421291018,0.15426615566776825,0.29219304003974406,4.291931356807961,1.3380686503445964,0.6649187979281485
2024-03-15,2.440000057220459,2.559999942779541,2.359999895095825,2.390000104904175,22804700,49.47145925333043,26749555.0,0.0,0.11426189457664693,0.2566068109471246,4.288517155451949,1.3604828574226546,0.6687235442012942
2024-03-18,2.2100000381469727,2.490000009536743,2.190000057220459,2.450000047683716,19694700,34.663340459730506,27344005.0,-0.0942623006884239,0.06326981505407492,0.2179394117685147,4.288517155451949,1.3604828574226546,0.7037345163127514
2024-03-19,2.200000047683716,2.259999990463257,2.009999990463257,2.049999952316284,14311500,37.36558991617535,27744045.0,-0.0045248824844553726,0.021800012028734272,0.17871153182055863,4.285345795888523,1.3706542103103598,0.7370019887808477
2024-03-20,2.1500000953674316,2.200000047683716,2.069999933242798,2.1500000953674316,11729700,32.95774907068801,28106215.0,-0.022727250560256596,-0.014927607757418748,0.13998370390496317,4.27090557785031,1.4070944431305252,0.7581237353854685
2024-03-21,2.069999933242798,2.2200000286102295,2.0350000858306885,2.180000066757202,9744200,30.311613085411324,28373565.0,-0.037209376081893564,-0.049914472571242374,0.10200406860972208,4.270266782286777,1.4087332377403834,0.767485160738099
2024-03-22,2.0,2.059999942779541,1.9500000476837158,2.049999952316284,9182100,7.326009021479493,28662160.0,-0.03381639396149072,-0.08234104825305089,0.0651350452371675,4.266383122718089,1.4176168925406993,0.6495881864511512
2024-03-25,2.1700000762939453,2.180000066757202,1.9600000381469727,2.0,12320600,15.948280025888977,28514700.0,0.08500003814697266,-0.09324686586916142,0.03345866301590172,4.274024392072351,1.3779756298621584,0.5697020402088778
2024-03-26,2.0899999141693115,2.2300000190734863,2.0799999237060547,2.2200000286102295,8677100,12.87554245333699,26506940.0,-0.0368664328626489,-0.10711044683908533,0.005344841044904309,4.211863033457617,1.3051369741717773,0.4333317102497965
2024-03-27,2.1500000953674316,2.180000066757202,2.009999990463257,2.0999999046325684,14418600,15.450655502540684,25808575.0,0.02870822184792665,-0.11196525568759075,-0.018117178301594702,4.175035061882249,1.2429649447934719,0.1758808322109809
2024-03-28,2.049999952316284,2.200000047683716,2.0350000858306885,2.119999885559082,6682000,29.0322710894569,25208505.0,-0.04651169237927755,-0.12247014291272151,-0.038987771223820064,4.104116637471217,1.1828833749265497,0.1605964397239585
2024-04-01,1.9600000381469727,2.049999952316284,1.9299999475479126,2.0399999618530273,7168800,30.508485877345436,23269130.0,-0.043902398176946855,-0.13648427685004538,-0.058487072349065125,4.006455747119055,1.1305442652787105,0.16509738955021488
2024-04-02,1.8600000143051147,1.899999976158142,1.8300000429153442,1.8899999856948853,7198300,30.252115487892794,20253840.0,-0.051020419334481315,-0.15388584492108803,-0.0775668268634697,3.651622062707765,1.2383779587499069,0.1822705005096186
2024-04-03,1.9700000286102295,1.9700000286102295,1.8200000524520874,1.8300000429153442,5433000,29.059838551980718,18642830.0,0.05913979218231891,-0.15699093734077207,-0.09345164895893018,3.4103024459126647,1.3016975784060303,0.16676629207649973
2024-04-04,1.9299999475479126,2.069999933242798,1.9199999570846558,2.009999990463257,6569900,28.57143572684417,17749745.0,-0.02030460938141998,-0.16082552120343596,-0.10692642340783134,3.074480881744683,1.4485191440045242,0.14741176035510306
2024-04-05,1.9500000476837158,2.009999990463257,1.909999966621399,1.9500000476837158,3710900,29.752078328927183,16501815.0,0.010362746465985007,-0.16040160574365325,-0.11762145987499573,2.588304662321227,1.7536953691500259,0.11154264958205726
2024-04-08,1.899999976158142,1.9900000095367432,1.8700000047683716,1.9800000190734863,5616400,34.95146507523546,14803245.0,-0.025641061693801315,-0.16223014941402703,-0.12654319778280199,2.5265542390923423,1.7484457966704448,0.10899392177686
2024-04-09,1.850000023841858,1.940000057220459,1.840000033378601,1.9199999570846558,3791700,33.64487043352153,14153395.0,-0.026315764707210976,-0.16580259265206898,-0.1343950767566554,2.4944130128900084,1.7235870176275696,0.10766249159547851
2024-04-10,1.7799999713897705,1.840000033378601,1.7599999904632568,1.7999999523162842,4722700,33.02753076198735,13438285.0,-0.03783786570268233,-0.17229607694982296,-0.14197527679528893,2.47882135676664,1.6841786785193091,0.1150561357538098
2024-04-11,1.7599999904632568,1.8049999475479126,1.75,1.7999999523162842,3734700,34.951469120416576,11569300.0,-0.01123594452133514,-0.17701551666499515,-0.14898332476923018,2.4263767735568695,1.666623256960708,0.1258727922601607
2024-04-12,1.75,1.7699999809265137,1.6799999475479126,1.7599999904632568,4972100,37.11341194422091,9124185.0,-0.005681812794001595,-0.1794935325851763,-0.15508536633241943,2.3658421245795274,1.6581579002160043,0.1368021899015045
2024-04-15,1.5800000429153442,1.7400000095367432,1.5499999523162842,1.7300000190734863,6636900,19.587646730257205,8315795.0,-0.09714283261980328,-0.19295073784466155,-0.16265844063486784,2.312719626825674,1.6252803965393468,0.1508874818183174
2024-04-16,1.600000023841858,1.6399999856948853,1.5499999523162842,1.5499999523162842,3177000,23.07694222295349,7489910.0,0.012658215432457043,-0.19969982339747494,-0.17006671718738925,2.29997507470943,1.577024947225079,0.15964418308518946
2024-04-17,1.559999942779541,1.6699999570846558,1.5499999523162842,1.6200000047683716,4632700,16.853936798205808,7005970.0,-0.025000050291418274,-0.20590267668288442,-0.1772339090864883,2.2834839028545413,1.5295161085895503,0.15605014667808093
2024-04-18,1.5299999713897705,1.600000023841858,1.5199999809265137,1.5800000429153442,2201600,18.2926907275545,6529565.0,-0.01923075159625831,-0.21080915288137314,-0.18394895784546528,2.269746797279405,1.4812532017669207,0.1593117157504347
2024-04-19,1.4500000476837158,1.5449999570846558,1.440000057220459,1.5199999809265137,4212600,18.518526149655614,6252985.0,-0.05228753281177323,-0.2186326349521095,-0.19088569326679414,2.2705701860750453,1.4184298244153721,0.17370082813250237
2024-04-22,1.559999942779541,1.600000023841858,1.4700000286102295,1.4900000095367432,4464700,31.70731388196448,6017115.0,0.07586199412306449,-0.21349568329102975,-0.1954076912716413,2.260047011556742,1.3849529932116296,0.17727020678082625
2024-04-23,1.7100000381469727,1.75,1.6299999952316284,1.6799999475479126,7038300,34.88372383148578,5753000.0,0.09615391081371949,-0.19507218725043396,-0.19534059046739982,2.2074976833138082,1.3915023176398658,0.16282026665606042
2024-04-24,1.690000057220459,1.8200000524520874,1.649999976158142,1.7899999618530273,6913900,35.71429281007647,5664840.0,-0.011695895017748925,-0.18001021946062434,-0.19227451626604475,2.16619860157059,1.3928014136881992,0.14974154060462805
2024-04-25,1.659999966621399,1.7000000476837158,1.6100000143051147,1.6399999856948853,2621900,32.94117218070389,5075005.0,-0.01775153229781612,-0.16855130355388237,-0.1875298737236123,2.1030169398663396,1.4069830625178463,0.12985198578411006
2024-04-26,1.7999999523162842,1.7999999523162842,1.6799999475479126,1.690000057220459,3620300,44.68084944487147,4921920.0,0.08433734247587221,-0.14648461783300948,-0.17932082254549175,2.0627548421704436,1.4222451602137423,0.11847937477224384
2024-04-29,1.75,1.8700000047683716,1.7000000476837158,1.8300000429153442,5914700,44.68084944487147,4859215.0,-0.02777775202268362,-0.13151516375974404,-0.16975969078834222,2.0355647875359453,1.4284352110335434,0.10896112305547777
2024-04-30,1.659999966621399,1.7599999904632568,1.649999976158142,1.7000000476837158,3896400,43.74999922389779,4694120.0,-0.051428590502057725,-0.12546770053870104,-0.16090129273841397,2.0209525571463236,1.4230474366547932,0.10298831351743837
2024-05-01,1.7200000286102295,1.8200000524520874,1.649999976158142,1.649999976158142,5195600,48.00000190734863,4682250.0,0.036144616382703276,-0.11451349847708014,-0.15162373388614722,1.9847587238861761,1.4342412699149407,0.10013178026396814
2024-05-02,1.7300000190734863,1.7649999856948853,1.690000057220459,1.7599999904632568,7899400,49.000000953674316,4748725.0,0.005813947847045586,-0.1038284292639029,-0.14206467296169836,1.9548408526796561,1.4441591482740184,0.09863909150862463
2024-05-03,1.4900000095367432,1.6200000047683716,1.4600000381469727,1.5199999809265137,11236400,45.79439116977842,5125000.0,-0.13872832768249155,-0.11341900623355938,-0.1363355396160706,1.919401315814029,1.4335986813249482,0.10572876444123801
2024-05-06,1.5099999904632568,1.559999942779541,1.4900000095367432,1.5,4515400,45.79439116977842,5069950.0,0.013422805905036084,-0.11804502667737404,-0.1326774370283313,1.8866083616810672,1.4273916368884212,0.110731833346731
2024-05-07,1.4800000190734863,1.5299999713897705,1.4500000476837158,1.5299999713897705,3081400,46.2264184894068,5034435.0,-0.01986753084718018,-0.12271731931057372,-0.1306854134847798,1.862179743667412,1.4148202544252393,0.1165341975001996
2024-05-08,1.4900000095367432,1.4900000095367432,1.4500000476837158,1.4800000190734863,2052300,48.07692484037417,4900915.0,0.006756750225933805,-0.12418173943569166,-0.12938467867496217,1.846653845837679,1.4013461560696696,0.11947687680238571
2024-05-09,1.4800000190734863,1.4900000095367432,1.4500000476837158,1.4600000381469727,2334400,51.54639023221232,4830900.0,-0.006711402952518042,-0.12471162065972563,-0.12845006707191486,1.8318581780321328,1.3881418267362389,0.11639502502181213
2024-05-10,1.3899999856948853,1.5099999904632568,1.3899999856948853,1.4900000095367432,4018300,41.052635409494506,4783210.0,-0.060810832580220575,-0.13088504455878902,-0.1289370625692897,1.8242068039989565,1.3597931993389034,0.1314333481159427
2024-05-13,1.4700000286102295,1.5800000429153442,1.399999976158142,1.4299999475479126,5747100,36.363637595137135,4738720.0,0.057553988301194625,-0.12784843542026358,-0.12871933713948447,1.8250283793772137,1.3479716225301348,0.13322705884701505
2024-05-14,1.6100000143051147,1.6649999618530273,1.5099999904632568,1.5199999809265137,7937900,45.999998331070145,4976765.0,0.09523808365313058,-0.11284427344239378,-0.12554432440006635,1.8256893999537342,1.3483106009999402,0.13049356033355586
2024-05-15,1.6799999475479126,1.7100000381469727,1.600000023841858,1.690000057220459,7252600,50.96153757981291,5107760.0,0.043478219019153386,-0.09421886099657573,-0.11927923171936823,1.8348437853279003,1.3511562161026114,0.13144170026283658
2024-05-16,1.559999942779541,1.7100000381469727,1.5299999713897705,1.6799999475479126,4835300,38.23529343016556,5239445.0,-0.07142857649699375,-0.08812523212742529,-0.11304843180097965,1.8350673011510983,1.35393269741839,0.11677911578174592
2024-05-17,1.5099999904632568,1.6399999856948853,1.4700000286102295,1.559999942779541,6085600,38.23529343016556,5333095.0,-0.03205125266043052,-0.08633534551013144,-0.10770581454281002,1.831897316677816,1.3631026761696265,0.10588195442642984
2024-05-20,1.600000023841858,1.6399999856948853,1.5199999809265137,1.5199999809265137,5566600,47.05882627933776,5388190.0,0.0596026714880904,-0.07676964426683464,-0.10151858048761495,1.8332317353964167,1.3657682655572576,0.10249631449224753
2024-05-21,1.5499999523162842,1.6100000143051147,1.5099999904632568,1.6100000143051147,4061900,41.58415455944849,5239370.0,-0.03125004423782163,-0.07238889094416256,-0.09569264257892447,1.8202057292664864,1.362794263104119,0.09033818776912185
2024-05-22,1.5,1.5499999523162842,1.4800000190734863,1.5499999523162842,3305400,39.047617641976565,5058945.0,-0.032258034744817476,-0.0721203323610986,-0.0909781805353593,1.8092582372605555,1.3547417493880043,0.0720500327638584
2024-05-23,1.5199999809265137,1.6299999952316284,1.4900000095367432,1.5800000429153442,6128400,51.80722735827593,5234270.0,0.013333320617675781,-0.06949259901144189,-0.08668106423057584,1.800761850744661,1.3492381373344102,0.07144119730199039
2024-05-24,1.5700000524520874,1.5700000524520874,1.5299999713897705,1.5399999618530273,1913700,53.4883756389999,5148940.0,0.03289478431117887,-0.06265328542193394,-0.08187550846884746,1.7628964548156256,1.3641035432770257,0.07226704887950906
2024-05-28,1.600000023841858,1.600000023841858,1.5499999523162842,1.590000033378601,2234100,56.976744347227275,4964910.0,0.019108261393313564,-0.0541876911834267,-0.07633794501176332,1.736222084308066,1.3757779161687713,0.07308356938576634
2024-05-29,1.5299999713897705,1.5700000524520874,1.5099999904632568,1.5299999713897705,3357500,52.173910789994714,4937965.0,-0.043750032130628336,-0.05252162932683202,-0.07157468187477706,1.7231875642469532,1.375812436706721,0.07184001996163142
2024-05-30,1.5299999713897705,1.6100000143051147,1.5199999809265137,1.5399999618530273,3659300,52.747249868149304,4861150.0,0.0,-0.050617773122071386,-0.06738330012423593,1.6941018074645464,1.3858981877670822,0.06980349001177776
2024-05-31,1.5,1.559999942779541,1.4700000286102295,1.5299999713897705,3660100,56.47058889527632,4649185.0,-0.01960782480441492,-0.05094246728194651,-0.06409513355577806,1.6547036651885745,1.4022963281357055,0.05590906637223004
2024-06-03,1.4800000190734863,1.5199999809265137,1.4500000476837158,1.5,2880900,50.63291081937528,4231410.0,-0.013333320617675781,-0.05221175642946885,-0.06171845813051622,1.6549230878897803,1.4010769063881738,0.05483240916920073
2024-06-04,1.4800000190734863,1.5,1.4600000381469727,1.4800000190734863,2331800,39.99999999999999,4122230.0,0.0,-0.05261120796750518,-0.05989700809791401,1.6550178530137487,1.3979821441252283,0.05541550613475641
2024-06-05,1.409999966621399,1.4900000095367432,1.3949999809265137,1.4800000190734863,4286800,29.230773745203194,4182500.0,-0.047297332128352965,-0.05790866041693077,-0.059499338561717366,1.6603585308765794,1.3856414610171888,0.05109784479259107
2024-06-06,1.3600000143051147,1.4199999570846558,1.3200000524520874,1.409999966621399,4952700,32.75862813137603,4327520.0,-0.03546095992902232,-0.06538775855590595,-0.060677022560555086,1.6715924906827133,1.3614075016878922,0.06610016204283956
2024-06-07,1.440000057220459,1.4800000190734863,1.3700000047683716,1.409999966621399,5564000,44.262301809713875,4489000.0,0.05882356034843128,-0.06412052138315638,-0.061365722325075346,1.6725772485414105,1.3564227476438924,0.06869665818813366
2024-06-10,1.3600000143051147,1.4199999570846558,1.3600000143051147,1.399999976158142,4104000,30.000003973642038,4493285.0,-0.055555583150297405,-0.06877872335919877,-0.06284832253190004,1.6765268994567497,1.349473099589576,0.07297824126698196
2024-06-11,1.399999976158142,1.4199999570846558,1.340000033378601,1.3600000143051147,2877000,37.288138332876365,4349780.0,0.029411736347271455,-0.06845362853894255,-0.06396938373330854,1.6797598482571132,1.3392401455440037,0.07415457848085466
2024-06-12,1.399999976158142,1.4700000286102295,1.3899999856948853,1.399999976158142,2851500,40.74073992311885,4095460.0,0.0,-0.0674188262890103,-0.0646592722444489,1.6690649862338514,1.3289350037525682,0.07656068966792705
2024-06-13,1.3700000047683716,1.4299999475479126,1.3600000143051147,1.4299999475479126,1620200,36.36364030443881,3813840.0,-0.02142855135761923,-0.06823293818367171,-0.06537400543229346,1.6400785453826479,1.3269214503258175,0.0794659429512047
2024-06-14,1.3600000143051147,1.3799999952316284,1.350000023841858,1.3700000047683716,1818800,29.41176058099336,3663015.0,-0.007299263086460783,-0.06889091183400908,-0.06607738671263659,1.634976741249746,1.312023261611277,0.07673273073664838
2024-06-17,1.3200000524520874,1.3600000143051147,1.2999999523162842,1.350000023841858,3013000,23.076924840374176,3509385.0,-0.029411736347271344,-0.07181221678669125,-0.06722435272744753,1.6382834937696074,1.2897165152902987,0.06913912250373888
2024-06-18,1.2899999618530273,1.3459999561309814,1.2899999618530273,1.2999999523162842,2647800,25.000000000000014,3363445.0,-0.022727340459820944,-0.07567578525282959,-0.06891463923252394,1.6269465124370515,1.2700534904239713,0.07064848654242874
2024-06-20,1.2000000476837158,1.2999999523162842,1.1799999475479126,1.2899999618530273,5047900,21.05263488114413,3412745.0,-0.06976737738815952,-0.0850198758053009,-0.07213568654707934,1.6344336821616232,1.2275663302361428,0.08082336860529599
2024-06-21,1.2899999618530273,1.2999999523162842,1.2200000286102295,1.2300000190734863,3198000,33.33332702596228,3407375.0,0.0749999254941971,-0.08419237666560786,-0.07454702457078505,1.6305100291196883,1.2104899794633803,0.07694724945304199
2024-06-24,1.2699999809265137,1.3300000429153442,1.2599999904632568,1.2899999618530273,2309300,33.33332702596228,3216420.0,-0.015503861641813277,-0.08418003391878259,-0.07647362644038455,1.622780191406806,1.1932198171762627,0.073965392385224
2024-06-25,1.350000023841858,1.3799999952316284,1.2350000143051147,1.2699999809265137,3231700,40.84506971309679,3282320.0,0.06299216072190883,-0.07682927724447586,-0.07654475660120282,1.599000520416771,1.194999485305275,0.0644162276923553
2024-06-26,1.3899999856948853,1.3899999856948853,1.309999942779541,1.3300000429153442,2735200,48.529412795928366,3307375.0,0.029629600849335302,-0.06700370993308824,-0.0746365472675799,1.564473969548003,1.2085260323593456,0.06305413760454892
2024-06-27,1.4900000095367432,1.5,1.3600000143051147,1.3600000143051147,3476000,58.90411048383792,3313300.0,0.07194246393597337,-0.05056483096460984,-0.0698222040069859,1.5564822507367815,1.2125177549852646,0.07433588872035475
2024-06-28,1.5099999904632568,1.5199999809265137,1.4700000286102295,1.4900000095367432,8518300,55.22387687919256,3556250.0,0.013422805905036084,-0.035513689921497615,-0.06296050118988825,1.5521197882631392,1.2148802193662551,0.08259526132274551
2024-07-01,1.4600000381469727,1.5,1.409999966621399,1.4900000095367432,2332900,57.81250494765313,3489890.0,-0.033112551411966895,-0.027305371170255555,-0.05582947518596171,1.545178128173969,1.2178218832701229,0.08706445613665272
2024-07-02,1.4500000476837158,1.4700000286102295,1.409999966621399,1.440000057220459,1357700,54.09836802422647,3413730.0,-0.006849308357518069,-0.02136089992153356,-0.04893576013307608,1.5403942648978715,1.2196057494072432,0.08962988861458954
2024-07-03,1.4800000190734863,1.5,1.440000057220459,1.440000057220459,1847700,56.250005820768386,3389525.0,0.02068963476083585,-0.014066961482792406,-0.04196200040301935,1.5403942648978715,1.2196057494072432,0.0942669852663859
2024-07-05,1.4299999475479126,1.4600000381469727,1.399999976158142,1.4500000476837158,2310600,54.545451261451326,3290715.0,-0.033783831676485354,-0.01218063979085815,-0.03600572828058711,1.5424278500232582,1.2195721623745077,0.0954486240299365
2024-07-08,1.4800000190734863,1.5099999904632568,1.409999966621399,1.4299999475479126,2267800,58.571429787850015,3156470.0,0.03496508626543049,-0.006575332021167446,-0.03011964902870318,1.5539667597940867,1.2200332530805165,0.09904211808090535
2024-07-09,1.4500000476837158,1.5,1.4299999475479126,1.4900000095367432,2447700,59.42029035584667,3000655.0,-0.020270250677801416,-0.004501936676905016,-0.02499610655834355,1.55519334090285,1.219806671018079,0.09842719882799766
2024-07-10,1.5499999523162842,1.559999942779541,1.4299999475479126,1.440000057220459,4829300,67.10526811119094,3036920.0,0.0689654492027858,0.005151022856119791,-0.018966680675450882,1.5790468409502525,1.2149531647717935,0.10142934246322448
2024-07-11,1.600000023841858,1.6299999952316284,1.5299999713897705,1.590000033378601,4437900,77.77777961742754,3114965.0,0.03225811165403902,0.016643791468294866,-0.011844586246701733,1.6104543845627828,1.2035456259276347,0.09235622230184747
2024-07-12,1.6100000143051147,1.6100000143051147,1.5499999523162842,1.5800000429153442,3032700,75.00000465661297,3124025.0,0.006249993946403354,0.026256144560733663,-0.004224440085214654,1.6401987669494673,1.1948012473556475,0.09120680843838672
2024-07-15,1.559999942779541,1.6299999952316284,1.5499999523162842,1.6200000047683716,2675300,71.64178573360321,3176780.0,-0.03105594477100304,0.02949936541390108,0.002520321014608493,1.657249290594841,1.1967507175113907,0.07479274716797936
2024-07-16,1.659999966621399,1.6699999570846558,1.5399999618530273,1.5800000429153442,3794200,72.46376210665257,3275550.0,0.06410258173707506,0.03968138518751174,0.009952533849189144,1.692103126352256,1.1918968769856042,0.07714691782229718
2024-07-17,1.5399999618530273,1.659999966621399,1.5,1.6100000143051147,5932600,59.74025692540085,3421530.0,-0.07228916095257987,0.037633891636168926,0.0154888054065851,1.6998410831237087,1.2061589111542454,0.0694444068043068
2024-07-18,1.4800000190734863,1.5850000381469727,1.4600000381469727,1.5700000524520874,2636300,49.315069164248186,3420955.0,-0.03896100276999048,0.03081453354217678,0.018553951033703435,1.6972562977405932,1.2277437022594067,0.06981921916807941
2024-07-19,1.4800000190734863,1.5149999856948853,1.4500000476837158,1.4900000095367432,1427100,47.88732607197689,3239915.0,0.0,0.025120568841275004,0.01986727459521775,1.6761075046590992,1.2768924924798777,0.07055897816447722
2024-07-22,1.5,1.5099999904632568,1.440000057220459,1.4800000190734863,2000800,52.94117337692186,3180055.0,0.01351350045186761,0.02196865117127289,0.02028754991042878,1.6663672972001273,1.307632703753547,0.06888833505171997
2024-07-23,1.5399999618530273,1.5499999523162842,1.4900000095367432,1.5,2076800,56.33802178406934,3168430.0,0.026666641235351562,0.02243972515403425,0.020717984959149876,1.6491040065681464,1.3518959924781795,0.06606689008792385
2024-07-24,1.5299999713897705,1.5399999618530273,1.4700000286102295,1.5,2509100,53.62318464999118,3132300.0,-0.0064935004616650804,0.02175535681121943,0.020925459329563786,1.640484104756087,1.37851588904503,0.06474378149236959
2024-07-25,1.5399999618530273,1.5399999618530273,1.440000057220459,1.4900000095367432,3401100,58.46153987229933,3165595.0,0.00653594160147164,0.021768966530456568,0.021094160769742343,1.635783273786822,1.3982167176301092,0.058101828534752493
2024-07-26,1.5199999809265137,1.5579999685287476,1.4800000190734863,1.5499999523162842,2668700,53.2258039706699,3125230.0,-0.012987000923330161,0.019936109951327996,0.020862550606059474,1.6366034009860781,1.4003965875698299,0.056021961204989416
2024-07-29,1.4199999570846558,1.5299999713897705,1.4199999570846558,1.5199999809265137,2588600,47.82608019606993,2828745.0,-0.06578949019519265,0.01029570919167666,0.01874918232318291,1.6400576040605723,1.3879423811574756,0.060150908816170565
2024-07-30,1.4500000476837158,1.4700000286102295,1.3700000047683716,1.440000057220459,3010200,41.935493174500444,2862610.0,0.021126825004031735,0.0050185282546479915,0.016003051509475927,1.6405349858209388,1.3864650003507837,0.0643863620249537
2024-07-31,1.5099999904632568,1.5700000524520874,1.4550000429153442,1.4700000286102295,2429300,42.85714015398434,2916190.0,0.04137926952167148,0.005613113802014125,0.013925063967983566,1.6400057811368534,1.392994199312823,0.06135824278371693
2024-08-01,1.399999976158142,1.5399999618530273,1.399999976158142,1.5299999713897705,3102500,35.616436119172704,2978930.0,-0.07284769205287711,-0.002759939845351944,0.010588063205316465,1.6457784752182223,1.3792215009399198,0.06438635642985507
2024-08-02,1.340000033378601,1.399999976158142,1.2799999713897705,1.309999942779541,4151100,35.13513905362953,3070955.0,-0.04285710271523857,-0.014074892527606853,0.005655472058731802,1.6580315436793227,1.3579684410618884,0.07672197496944595
2024-08-05,1.2400000095367432,1.2799999713897705,1.1649999618530273,1.1699999570846558,3288000,21.621620315456823,3121965.0,-0.07462688160516195,-0.03075669618880794,-0.0016269615907761464,1.6879868101961575,1.3040131735913791,0.08793415301113665
2024-08-06,1.2300000190734863,1.2799999713897705,1.2100000381469727,1.2799999713897705,1638300,25.396825096474387,3081495.0,-0.008064508376086854,-0.044273701758740236,-0.010156309624368965,1.7103885193137225,1.2596114616127914,0.1046501104609403
2024-08-07,1.190000057220459,1.2799999713897705,1.1699999570846558,1.2699999809265137,3010300,26.229507235614278,2990545.0,-0.03252029368516418,-0.05755028482592328,-0.01963510466467983,1.7255872167878692,1.208412774629062,0.12344191744953142
2024-08-08,1.2300000190734863,1.25,1.1799999475479126,1.2100000381469727,2423900,30.76922653694737,2889845.0,0.0336134117055904,-0.06410544229682591,-0.028529172191109047,1.7196592604074115,1.1773407305326826,0.1319923185067499
2024-08-09,1.2100000381469727,1.25,1.2100000381469727,1.2300000190734863,1230100,27.692305717242107,2799715.0,-0.016260146842582146,-0.07010614315509778,-0.03684456638390679,1.708370219436373,1.1486297738879068,0.13818483278569482
2024-08-12,1.350000023841858,1.409999966621399,1.2000000476837158,1.2300000190734863,8608700,37.33333545260994,3096385.0,0.11570246386874916,-0.06284052652816774,-0.04204375841275898,1.692808980950727,1.1431910204797846,0.1306113881483159
2024-08-13,1.2799999713897705,1.3899999856948853,1.25,1.3700000047683716,3880700,34.567900144405144,3100710.0,-0.051851889789512606,-0.06201601026076031,-0.04603820878235925,1.6552810592357012,1.1427189426716473,0.12375310321651097
2024-08-14,1.2100000381469727,1.309000015258789,1.2100000381469727,1.2999999523162842,3821800,31.034484648581923,2995170.0,-0.05468744906829559,-0.06624732683118295,-0.050080032392123996,1.6430156507061333,1.1219843588306098,0.11611852887190835
2024-08-15,1.2899999618530273,1.309999942779541,1.2400000095367432,1.2599999904632568,2506100,37.634405294226525,2988660.0,0.06611563734210191,-0.06242574530916567,-0.05254917497553234,1.6324000840847925,1.113599919729905,0.10216608780426584
2024-08-16,1.2599999904632568,1.2999999523162842,1.2400000095367432,1.2799999713897705,1387100,40.69767393506225,2986660.0,-0.023255792462719804,-0.06111338433800384,-0.054262016848026645,1.6209533231527657,1.1030466778009085,0.0978589400200493
2024-08-19,1.3700000047683716,1.3700000047683716,1.2599999904632568,1.2599999904632568,2399500,45.74467720840669,3006595.0,0.0873015993156252,-0.05061380255747716,-0.05353237398991675,1.6062651082752788,1.1047348931552328,0.09043544110393247
2024-08-20,1.3300000429153442,1.3600000143051147,1.2999999523162842,1.3600000143051147,13327300,40.21739116350505,3569120.0,-0.029197052345843022,-0.04500171917289042,-0.05182624302651148,1.5803496550407483,1.109650354495995,0.0670779326935794
2024-08-21,1.690000057220459,1.9600000381469727,1.6299999952316284,1.7899999618530273,79219100,62.393168837380045,7404620.0,0.27067669375107606,-0.011373997782588186,-0.043735793977726825,1.6231344676325334,1.0828655504872784,0.1258116573419746
2024-08-22,1.6200000047683716,1.6799999475479126,1.5299999713897705,1.659999966621399,10917900,61.86440729334662,7780460.0,-0.04142014797751925,0.009518076020275101,-0.03308501997812644,1.6408161070123248,1.0731839153990217,0.15195430525888115
2024-08-23,1.7200000286102295,1.75,1.5399999618530273,1.5499999523162842,9024500,70.33898681787525,8098250.0,0.061728409597230804,0.033755251687734855,-0.019716965644954183,1.686809170065852,1.047190857113866,0.18312309370005336
2024-08-26,1.649999976158142,1.7100000381469727,1.6100000143051147,1.7000000476837158,4223400,66.93548363837937,8179990.0,-0.04069770423704466,0.04677576688187157,-0.006418419139589033,1.7219975034035702,1.0350025256834965,0.19496407059329712
2024-08-27,1.690000057220459,1.7100000381469727,1.5850000381469727,1.6299999952316284,3647100,70.16129016752174,8211835.0,0.02424247372139554,0.059634857709806255,0.006792236230290025,1.7602780464967989,1.0207219835439423,0.20202274586562544
2024-08-28,1.5700000524520874,1.7000000476837158,1.559999942779541,1.7000000476837158,4201700,62.87878863137175,8300455.0,-0.07100591757714814,0.05945739449991527,0.017325267884215075,1.7682996231320938,1.0187004131075303,0.197628810463572
2024-08-29,1.6200000047683716,1.6699999570846558,1.5800000429153442,1.600000023841858,3286900,65.1851836807607,8309675.0,0.03184710232218935,0.06262937941198499,0.02638609018976906,1.7927742111849803,1.0162258279156666,0.19025287976451358
2024-08-30,1.590000033378601,1.6299999952316284,1.5399999618530273,1.6200000047683716,2468800,59.677419664956524,8225560.0,-0.018518500803374915,0.06200766754377307,0.03351040566056986,1.8125595923847375,1.0214404467159093,0.1889313627102843
2024-09-03,1.440000057220459,1.6200000047683716,1.4199999570846558,1.600000023841858,3733000,56.060609618275585,8247810.0,-0.09433960566617483,0.048848121200863126,0.03657794876862852,1.8137326323009053,1.0402674115681134,0.17972660149354078
2024-09-04,1.3899999856948853,1.4199999570846558,1.3700000047683716,1.4199999570846558,2216000,56.92307452478366,8276695.0,-0.03472227051302046,0.03399265187943934,0.03606088939079068,1.811045939553547,1.0589541009776116,0.16274602340013372
2024-09-05,1.350000023841858,1.409999966621399,1.350000023841858,1.3899999856948853,2153500,52.38095463358426,8233855.0,-0.028776951269557483,0.018775490617917612,0.03260380963621607,1.8035901932435265,1.0824098439497718,0.15701369032549498
2024-09-06,1.2899999618530273,1.3600000143051147,1.2899999618530273,1.350000023841858,2142000,51.16278940822854,8219760.0,-0.044444489577178836,0.0018529178399193658,0.02645363127695673,1.8000681238600582,1.0919319076111944,0.1533436951303132
2024-09-09,1.4299999475479126,1.4299999475479126,1.2999999523162842,1.3200000524520874,3229500,52.27272480972574,8319730.0,0.10852712390299724,-0.0002585339716258961,0.021111198227240204,1.7934270845294518,1.1205729378818945,0.14953408771838111
2024-09-10,1.4900000095367432,1.4900000095367432,1.3899999856948853,1.4199999570846558,1785100,55.970146797314094,7978550.0,0.041958086845887976,0.002876470653441876,0.017464252712480536,1.7968600528992609,1.131139968081574,0.13905491167369602
2024-09-11,1.5499999523162842,1.5499999523162842,1.4500000476837158,1.4800000190734863,2262000,43.269227021898054,7897615.0,0.04026841771510825,0.01008621078765004,0.01598864432751444,1.800699496027991,1.1543005230454955,0.1321920146184046
2024-09-12,1.5499999523162842,1.5800000429153442,1.5099999904632568,1.5399999618530273,1897400,46.39175042346943,7801395.0,0.0,0.01561992501487719,0.01591490046498699,1.793302905693237,1.1956971047971803,0.12976946155778876
2024-09-13,1.5800000429153442,1.600000023841858,1.5399999618530273,1.559999942779541,2077300,42.22222487131692,7779955.0,0.01935489775611199,0.02217062088154842,0.017166044548299276,1.7938379353638119,1.2241620832328375,0.11836107264733439
2024-09-16,1.5800000429153442,1.590000033378601,1.5449999570846558,1.590000033378601,1309500,45.783137375322184,7776075.0,0.0,0.027050275809777258,0.019142890800594874,1.7858892012676328,1.2641108225742252,0.11353463693237681
2024-09-17,1.600000023841858,1.659999966621399,1.5800000429153442,1.600000023841858,2611300,44.444442809200545,7786665.0,0.012658215432457043,0.03216054210027952,0.021746421060531804,1.7887551270338353,1.2842448987153714,0.10467376045441808
2024-09-18,1.559999942779541,1.649999976158142,1.5499999523162842,1.600000023841858,2126200,49.31506111107935,7226610.0,-0.025000050291418274,0.03260692042433111,0.02391852093329167,1.7808406192007704,1.3151593965348558,0.10420816820872794
2024-09-19,1.5800000429153442,1.6299999952316284,1.559999942779541,1.6200000047683716,2151600,47.14286103540378,3373235.0,0.01282057748038623,0.034180507778232005,0.02597091830227974,1.7662362484478933,1.3187637658572215,0.10121244066907689
2024-09-20,1.5800000429153442,1.600000023841858,1.5520000457763672,1.5700000524520874,4732000,49.25373240551779,3063940.0,0.0,0.03502385390703511,0.027781505423230816,1.7620234687332987,1.318976549386513,0.10055069235931968
2024-09-23,1.559999942779541,1.600000023841858,1.5299999713897705,1.600000023841858,1486400,61.111091488198724,2687035.0,-0.01265829088137238,0.033690013354300774,0.02896320700944481,1.7376828727077274,1.327317136829016,0.10035378104403295
2024-09-24,1.5499999523162842,1.559999942779541,1.5110000371932983,1.5499999523162842,1270900,65.99998521805867,2539410.0,-0.006410250532086104,0.03146332976914312,0.029463231561384473,1.725370268784414,1.3296297383681435,0.09504482293211705
2024-09-25,1.5499999523162842,1.5800000429153442,1.5,1.5299999713897705,1805900,71.73910395637151,2447350.0,0.0,0.029360220638103396,0.029442629376728258,1.7035128121445098,1.33748718451763,0.08201113861909588
2024-09-26,1.5700000524520874,1.590000033378601,1.524999976158142,1.5700000524520874,1668000,83.33330968072096,2320665.0,0.012903290807148471,0.02897334573842847,0.0293487726490683,1.7035128121445098,1.33748718451763,0.043532250336418145
2024-09-27,1.5499999523162842,1.600000023841858,1.5299999713897705,1.5700000524520874,1907900,69.9999642372785,2251715.0,-0.01273891685835693,0.026744608461600317,0.028827939811574707,1.6945980180015836,1.3394019734153477,0.025858893031605806
2024-09-30,1.4600000381469727,1.5499999523162842,1.4500000476837158,1.5299999713897705,2713800,45.454555306540904,2263965.0,-0.058064462540671546,0.01751418458207077,0.026565188765673924,1.6863558058748125,1.3346441860189557,0.03254752187424595
2024-10-01,1.3799999952316284,1.4600000381469727,1.3600000143051147,1.440000057220459,2328500,25.71432658598367,2193740.0,-0.05479454851034116,0.003701009348940909,0.021992352882327322,1.6903286566199571,1.3246713290749281,0.05786019998406208
2024-10-02,1.3799999952316284,1.4199999570846558,1.3700000047683716,1.4199999570846558,2027100,25.71432658598367,2184295.0,0.0,-0.007163455683841136,0.01616119116909363,1.6912309805633965,1.322769006085163,0.0729292948478004
2024-10-03,1.4900000095367432,1.4900000095367432,1.3799999952316284,1.3899999856948853,2473000,39.53489016815424,2200270.0,0.0797101555689872,-0.00681893619875984,0.011565165695522937,1.6831340275058544,1.3448659577121935,0.07255539994828698
2024-10-04,1.5099999904632568,1.5299999713897705,1.4700000286102295,1.4900000095367432,1678100,42.222223399596864,2177075.0,0.013422805905036084,-0.004875864776723526,0.008276959601073644,1.6574267475548243,1.3925732405242468,0.07108267883738924
2024-10-07,1.5399999618530273,1.6100000143051147,1.5199999809265137,1.590000033378601,3233800,43.47825974282432,2177290.0,0.01986753084718007,-0.0009047898505680774,0.006440609710745301,1.6552270686021449,1.4057729209074377,0.06780709186583013
2024-10-08,1.5099999904632568,1.559999942779541,1.5,1.559999942779541,1362100,44.444453274756576,2156140.0,-0.01948050138499524,-0.00017639792697443646,0.005117208183201354,1.655176145973187,1.4078238416290467,0.06676595052816243
2024-10-09,1.5399999618530273,1.5399999618530273,1.4800000190734863,1.5199999809265137,1705800,45.652166589223846,2128330.0,0.01986753084718007,0.0027894498496916498,0.004651656516499413,1.6544418676032526,1.4075581209526558,0.06459084468466442
2024-10-10,1.5,1.5199999809265137,1.4800000190734863,1.5,1475900,41.99999761581478,2107255.0,-0.025974001846660322,0.0018904510100894445,0.00409941541521742,1.65234625781385,1.40465373551043,0.06159508593048582
2024-10-11,1.6100000143051147,1.6100000143051147,1.5,1.5,2870300,54.237293957362276,2146905.0,0.07333334287007642,0.009939493504711017,0.0052674310331161395,1.657155106562572,1.4028448839006846,0.06621642337319794
2024-10-14,1.909999966621399,1.940000057220459,1.6699999570846558,1.6799999475479126,22688100,70.45454637817116,3215835.0,0.18633537245387277,0.04006407292595915,0.012226759411684742,1.7583862479490031,1.334613734884859,0.12592514009455738
2024-10-15,1.7599999904632568,1.8940000534057617,1.7100000381469727,1.8899999856948853,8902700,60.1941768922392,3530405.0,-0.07853402030340195,0.05124357069436769,0.02003012166822133,1.7860599075441939,1.3229400719518085,0.13953020938910898
2024-10-16,1.75,1.7999999523162842,1.7100000381469727,1.7899999618530273,3957400,58.82352803680155,3621965.0,-0.005681812794001595,0.058620744114777024,0.02774824615753247,1.8115479601901938,1.3164520250278542,0.14938885865079576
2024-10-17,1.7000000476837158,1.7599999904632568,1.659999966621399,1.7300000190734863,3921900,57.142863630439294,3710480.0,-0.028571401323590928,0.059743937987419615,0.034147384523509905,1.8248890277410572,1.315110957953828,0.15365867400540045
2024-10-18,1.75,1.840000033378601,1.7100000381469727,1.7200000286102295,4289700,64.3564372796103,3688365.0,0.02941173583166079,0.0639316907734111,0.040104245773490144,1.845827898087998,1.3111720833153528,0.1565861768138883
2024-10-21,1.7300000190734863,1.7649999856948853,1.659999966621399,1.7400000095367432,3570100,68.42105989641337,3792550.0,-0.011428560529436416,0.06488868731788844,0.0450611340823698,1.8625358373838967,1.3114641516488486,0.1472830884128414
2024-10-22,1.7100000381469727,1.7400000095367432,1.7000000476837158,1.7100000381469727,2091100,67.01031726026973,3833560.0,-0.011560682489023755,0.06330355864129977,0.0487096189941558,1.8752630367540992,1.314736960861715,0.13147723971505842
2024-10-23,1.600000023841858,1.7000000476837158,1.559999942779541,1.690000057220459,4627400,55.67010575342324,3974635.0,-0.06432749231065238,0.052565310717737734,0.04948075733887219,1.8769637766274585,1.3180362281409133,0.12470625180082714
2024-10-24,1.6299999952316284,1.6549999713897705,1.600000023841858,1.6299999952316284,2915000,56.12245133796052,4036985.0,0.01874998183921006,0.0459462787435585,0.048773861619809455,1.8800089704459653,1.3209910286003603,0.11819150329628186
2024-10-25,1.590000033378601,1.659999966621399,1.5750000476837158,1.659999966621399,2364900,52.525257025553785,4059835.0,-0.02453985396935121,0.03704594301775144,0.04642827789939786,1.881058322943745,1.3239416842088123,0.11499880368367353
2024-10-28,1.7300000190734863,1.75,1.590000033378601,1.6100000143051147,5505400,60.00000433488457,4199415.0,0.08805030362005617,0.04081865954991315,0.04530635422950092,1.8916351605822561,1.3403648446629528,0.10716373086302398
2024-10-29,1.7699999809265137,1.7999999523162842,1.7000000476837158,1.75,4189200,60.36036442398483,4292450.0,0.02312136497804751,0.04650020182919978,0.0455451237494407,1.8955789400571326,1.3754210637575648,0.10165659744185358
2024-10-30,1.6799999475479126,1.7599999904632568,1.6799999475479126,1.7400000095367432,2638700,57.75862024669546,4323030.0,-0.05084747703301684,0.04324214594568465,0.04508452818868949,1.8815137835774112,1.4194862154689145,0.08502099313614897
2024-10-31,1.590000033378601,1.690000057220459,1.559999942779541,1.6799999475479126,3888900,49.1228075679101,4393825.0,-0.05357137915431087,0.03301726973916019,0.042671076498783635,1.8759755627404204,1.4350244386900912,0.08695077362930978
2024-11-01,1.5800000429153442,1.659999966621399,1.5800000429153442,1.6399999856948853,2727900,30.588232159200828,4446315.0,-0.006289302046118661,0.02383234162314274,0.03890332952365546,1.8718404373507485,1.4461595693249716,0.07099371936429746
2024-11-04,1.6100000143051147,1.659999966621399,1.590000033378601,1.6399999856948853,3047400,39.72602426547039,4436995.0,0.018987323148685453,0.01875773934541103,0.034874211488006575,1.8693179924789578,1.455682019441971,0.06988215119085461
2024-11-05,1.7599999904632568,1.7890000343322754,1.6699999570846558,1.7100000381469727,10076900,50.574712328684534,4872735.0,0.09316768622693639,0.02653395800259095,0.03320616079092345,1.8730430475886206,1.4769569643323082,0.07077668459736268
2024-11-06,1.590000033378601,1.6699999570846558,1.5099999904632568,1.6299999952316284,8098300,44.44444176858964,5192360.0,-0.09659088523057857,0.01876280558191823,0.03031748974912241,1.8695389053637166,1.4854611137097697,0.07366390998377612
2024-11-07,1.7400000095367432,1.7699999809265137,1.590000033378601,1.600000023841858,7373000,49.541284704678034,5487215.0,0.09433960566617494,0.024426284768286566,0.029139248752955243,1.8640339455225483,1.5149660745046125,0.07282749680219423
2024-11-08,1.7599999904632568,1.7899999618530273,1.690000057220459,1.7300000190734863,6194900,51.37614588596588,5653445.0,0.011494241848790887,0.030180561415353635,0.029347511285434922,1.8700348077819204,1.5239652098610543,0.07528698177200123
2024-11-11,1.9600000381469727,1.9700000286102295,1.7319999933242798,1.840000033378601,16049700,59.84252168060727,5321525.0,0.11363639134513459,0.05029937955616837,0.03353788493958161,1.8863830216158228,1.5126170031797095,0.10853924651926107
2024-11-12,1.8200000524520874,1.9700000286102295,1.7799999713897705,1.9600000381469727,9040200,58.46154142413684,5328400.0,-0.07142856273984788,0.05432068403207335,0.03769444475807996,1.8953047942235373,1.509695236770878,0.11117998371242563
2024-11-13,1.7100000381469727,1.850000023841858,1.649999976158142,1.840000033378601,7845600,52.898552790331465,5522810.0,-0.0604395665576557,0.04807730965658141,0.03977101773778025,1.8920559703616557,1.508944064447457,0.10930600061618595
2024-11-14,1.7300000190734863,1.7999999523162842,1.7000000476837158,1.7100000381469727,5100200,55.14705914578641,5581725.0,0.011695895017749036,0.04423332753138398,0.040663479696501,1.8940087849639078,1.5099912469841816,0.10411584801210308
2024-11-15,1.7000000476837158,1.7599999904632568,1.6799999475479126,1.7599999904632568,3796500,48.80000091552752,5557065.0,-0.017341023733535632,0.038324417008682055,0.040195667158937215,1.8901747188288163,1.5088253178876447,0.10412376326845015
2024-11-18,1.7599999904632568,1.8300000429153442,1.7000000476837158,1.7300000190734863,5230800,49.60629950823812,5640100.0,0.03529408299799286,0.03804450343617338,0.039765434414384446,1.8931512694756507,1.5088487643797874,0.10374577953958429
2024-11-19,2.059999942779541,2.0799999237060547,1.7400000095367432,1.7599999904632568,23552200,62.83784061343825,6713155.0,0.17045451928515076,0.06132326246372699,0.04407700002425296,1.968996337600319,1.4680036867183759,0.13825639510652127
2024-11-20,2.0899999141693115,2.0999999046325684,1.965000033378601,2.059999942779541,10338300,67.60563309337843,6998700.0,0.014563093312173425,0.08125592594417119,0.0515127852082366,2.036802617953003,1.4491973953984376,0.1593065049899556
2024-11-21,2.190000057220459,2.299999952316284,2.0799999237060547,2.1600000858306885,19668400,70.19867769255322,7836370.0,0.04784696036262437,0.10392391101191367,0.06199501036897202,2.1208510810966223,1.421148938453701,0.183093069331673
2024-11-22,2.450000047683716,2.509999990463257,2.200000047683716,2.240000009536743,23607100,74.13793351505672,8898480.0,0.11872145373057563,0.14124015027844572,0.07784403835086677,2.266520431964283,1.361479589016552,0.23829522445505083
2024-11-25,2.25,2.630000114440918,2.2149999141693115,2.5999999046325684,25145800,63.68715139606734,9880500.0,-0.08163267093517013,0.1529125259537687,0.09285773587144716,2.3303704322684484,1.349629586805038,0.2547321318565531
2024-11-26,2.119999885559082,2.184999942779541,2.0199999809265137,2.0899999141693115,12478600,65.1428518879174,10294970.0,-0.057777828640408035,0.14994457724309362,0.10427510414577647,2.362125952634249,1.3528740569024942,0.2417700200184221
2024-11-27,2.1500000953674316,2.240000009536743,2.049999952316284,2.180000066757202,9040400,62.576687026828814,10615055.0,0.014151043126324536,0.14830367032065994,0.11308081738075317,2.394518304812044,1.3674817195066509,0.23881690576285933
2024-11-29,2.2899999618530273,2.390000104904175,2.0999999046325684,2.1700000762939453,12743800,65.14285426237186,11057800.0,0.0651162140816881,0.1564960696843205,0.12176386784146664,2.4412928895809083,1.3907071275852292,0.24286747563005154
2024-12-02,2.200000047683716,2.369999885559082,2.1600000858306885,2.359999895095825,12215800,57.31707299344247,11532195.0,-0.03930127321770138,0.1539517048681629,0.1282014352468059,2.461877602125928,1.4321224155170467,0.24674584743480202
2024-12-03,2.8299999237060547,2.9200000762939453,2.119999885559082,2.119999885559082,59769800,73.70891721866258,14368315.0,0.2863635738033907,0.2004602216337168,0.1426531925241881,2.6322333970218885,1.38376661156118,0.31623904307271905
2024-12-04,2.609999895095825,3.0,2.5,2.759999990463257,45845100,70.08928243565013,16156725.0,-0.07773852810643411,0.21706421144256582,0.15753539630786365,2.717889995288145,1.3831100037581805,0.3202788736319693
2024-12-05,2.859999895095825,3.200000047683716,2.6500000953674316,2.680000066757202,53165800,72.87449115249899,18410100.0,0.09578544446294757,0.24754238908263204,0.1755367948628173,2.8363178349236904,1.3916821502943577,0.3415735745535779
2024-12-06,3.380000114440918,3.630000114440918,3.0899999141693115,3.180000066757202,71589000,78.37837685451981,21620900.0,0.1818182651813245,0.3100818062802113,0.20244579714629612,3.0912129821252297,1.3007870135832356,0.41834315637184366
2024-12-09,3.6600000858306885,4.489999771118164,3.549999952316284,4.150000095367432,105006500,79.87421246902058,26561480.0,0.08284022541699976,0.37788240942302354,0.23753311960164164,3.3747925733050215,1.2072074319401869,0.5032968494276014
2024-12-10,3.109999895095825,3.559999942779541,3.0299999713897705,3.4200000762939453,52009200,65.30611932813238,28359455.0,-0.15027327263300683,0.382821528756371,0.2665908014325875,3.4793548152371283,1.217645175702966,0.5092792940983485
2024-12-11,2.9800000190734863,3.1500000953674316,2.7300000190734863,3.109999895095825,44904700,62.60623217981756,30152680.0,-0.04180060463260349,0.3719582101609853,0.2876642831782671,3.5422033515692553,1.2707966360329792,0.49816367101373055
2024-12-12,2.6600000858306885,2.940000057220459,2.5199999809265137,2.940000057220459,41307900,56.26666664971246,31825795.0,-0.10738252724652309,0.33368116290977934,0.2968676591245695,3.5456602632648107,1.3623397291057948,0.48040334847112404
2024-12-13,2.5199999809265137,2.700000047683716,2.4200000762939453,2.619999885559082,31402100,50.96418631457786,33140890.0,-0.05263161668675442,0.28872128945383135,0.2952383851904219,3.5306677158880615,1.4563322726678467,0.47816041187981945
2024-12-16,2.990000009536743,3.180000066757202,2.549999952316284,2.5999999046325684,69808800,59.48717879747426,36441505.0,0.18650794927285164,0.287698926043249,0.29373049336098733,3.5467067817400553,1.5692932030011557,0.4668882452297853
2024-12-17,3.4000000953674316,3.450000047683716,2.950000047683716,3.174999952316284,63485700,65.31100617652373,39354250.0,0.13712377408795118,0.31632586838278165,0.2982495683653462,3.6220494605236206,1.6579505347080083,0.4614335212812313
2024-12-18,3.130000114440918,3.819999933242798,2.990000009536743,3.430000066757202,71583900,61.08597287508636,41755835.0,-0.07941175686859359,0.3136110712428901,0.301321868940855,3.6589511397545844,1.7280488726431815,0.4228267339501949
2024-12-19,2.819999933242798,3.7100000381469727,2.799999952316284,3.4200000762939453,80455700,55.7734196758266,45261705.0,-0.09904158781588179,0.28318081890104096,0.29769365893289224,3.6536769104117686,1.8063231038933458,0.38599453920342175
2024-12-20,3.109999895095825,3.1500000953674316,2.6700000762939453,2.7300000190734863,39739000,59.49895369593063,46265235.0,0.10283686833976202,0.2792462213576563,0.2940041714178451,3.677820419551977,1.8741795785406747,0.32348382886206195
2024-12-23,3.190000057220459,3.5,3.0299999713897705,3.200000047683716,51724600,54.24528386763452,47671110.0,0.025723525666604186,0.2793630456585916,0.2910759462659944,3.7192148474853357,1.9067851515609902,0.32287177397075084
2024-12-24,3.7300000190734863,3.75,3.119999885559082,3.2200000286102295,49682000,62.28070134161147,48897920.0,0.1692789818704723,0.3193478702512058,0.2967303310630367,3.8401355957608936,1.933864405192781,0.34853542785282426
2024-12-26,4.449999809265137,4.730000019073486,3.799999952316284,3.940000057220459,111565300,65.80516672448593,53852255.0,0.1930294333806719,0.40447160075642064,0.3182785850017135,4.117851797203178,1.8891481961211023,0.49081730245398414
2024-12-27,4.210000038146973,4.610000133514404,3.8399999141693115,4.5,67356600,58.736841302169,56768065.0,-0.05393253514718621,0.4474093383478732,0.3441047356709455,4.268481511308195,1.9445184762940382,0.5568514121443255
2024-12-30,4.809999942779541,5.079999923706055,4.079999923706055,4.099999904632568,76085000,61.3412216182546,59935125.0,0.14251779078288496,0.5238145742851095,0.38004670339377833,4.55686079216779,1.9081391935270948,0.686493290971348
2024-12-31,4.449999809265137,5.199999809265137,4.210000038146973,5.119999885559082,66353000,63.72950766611021,62641985.0,-0.07484410349210358,0.5489888701460668,0.41383513674423605,4.682263445267917,2.007736516585111,0.7395680614329475
2025-01-02,4.110000133514404,4.639999866485596,4.050000190734863,4.585000038146973,40861600,61.10019829494638,61696575.0,-0.07640442479184717,0.5353335566422448,0.43813482072383786,4.764874509730963,2.0531254731028996,0.7447131973943109
2025-01-03,4.53000020980835,4.559999942779541,3.9700000286102295,4.079999923706055,48928800,68.01541608154963,61850760.0,0.10218979626523983,0.5520385614744687,0.46091556887396407,4.894153471070773,2.1158465432343423,0.7421564124832929
2025-01-06,4.300000190734863,4.789999961853027,4.289999961853027,4.5,42661600,66.85606344535455,61325550.0,-0.05077262879049993,0.5404879106166507,0.47683003722250145,4.974638631934404,2.179361411934615,0.6788358627282989
2025-01-07,3.9600000381469727,4.369999885559082,3.9100000858306885,4.309999942779541,33669700,59.41747626751307,59429585.0,-0.07906979942012171,0.4981563297026126,0.4810952957185237,5.010480071982255,2.2015199642573693,0.6378311431365259
2025-01-08,3.319999933242798,3.869999885559082,3.190000057220459,3.7200000286102295,48265000,49.25650405234042,56592510.0,-0.16161618655025423,0.4082594265473767,0.4665281218842944,4.998948131156884,2.179051889823951,0.642719161456461
2025-01-10,3.240000009536743,3.4200000762939453,3.180000066757202,3.3399999141693115,22945400,51.059729276842425,55139320.0,-0.024096363046584468,0.326793090542679,0.43858111561597135,4.997325516107562,2.1936745163173645,0.6336415933152876
2025-01-13,2.9800000190734863,3.130000114440918,2.8499999046325684,3.0,23897000,51.556421181015324,54088935.0,-0.08024691040060572,0.2385013113505594,0.39856515476288895,4.997325516107562,2.1936745163173645,0.614325777292943
2025-01-14,3.180000066757202,3.305000066757202,3.049999952316284,3.1700000762939453,19844500,50.69307104581348,53015765.0,0.06711410953141472,0.18256329656967374,0.35536478312424596,4.968485348433073,2.2745146820845052,0.6077828451340881
2025-01-15,3.390000104904175,3.5299999713897705,3.259999990463257,3.4000000953674316,27000200,51.930502543599644,52795670.0,0.0660377464586408,0.15340886300013779,0.31497359909942435,4.914901065040569,2.415098977874776,0.5922150500772371
2025-01-16,4.150000095367432,4.170000076293945,3.569999933242798,3.7300000190734863,58472300,53.88888987003538,52228845.0,0.22418878080971028,0.1894456010324692,0.28986799948603337,4.9484339969742255,2.4975660545241873,0.593344022759398
2025-01-17,3.9200000762939453,4.400000095367432,3.9100000858306885,4.260000228881836,37863800,44.602853875336315,50947750.0,-0.055421690069412555,0.19717300849886144,0.271329001288599,4.967625657096838,2.5303743924942266,0.5745179583454678
2025-01-21,4.409999847412109,4.510000228881836,3.930000066757202,3.940000057220459,42925000,51.93798270522665,49514805.0,0.12499993917893515,0.24006856009592958,0.2650769130500651,5.0291907825983,2.5968092402898835,0.5853002340872172
2025-01-22,4.440000057220459,4.820000171661377,4.340000152587891,4.599999904632568,40330800,45.96950029129659,47508560.0,0.006802768899403677,0.2733335410744022,0.2667282386549325,5.0458113913866,2.74218864389935,0.5487848763778341
2025-01-23,4.21999979019165,4.440000057220459,4.099999904632568,4.295000076293945,24694500,47.41573028891937,46756335.0,-0.04954960905260297,0.27873105710852064,0.2691288023456502,5.047986484484346,2.851013540311186,0.5337844478459646
2025-01-24,4.130000114440918,4.590000152587891,4.119999885559082,4.25,29619500,50.238094994810986,45651080.0,-0.02132693844201472,0.27260399659549517,0.2698238411956192,5.037072187215549,2.955927843302029,0.5345086179434961
2025-01-27,3.680000066757202,3.9700000286102295,3.5,3.7799999713897705,25342000,39.95271759681752,44434080.0,-0.10895884629887786,0.22879955510658379,0.26161898397781214,5.037504193476497,2.950495841809452,0.5009046687460833
2025-01-28,3.700000047683716,3.869999885559082,3.549999952316284,3.819999933242798,19339700,42.53731206078274,39822800.0,0.005434777327093299,0.19346787372785235,0.24798876192782018,4.984800085499092,2.928199973628716,0.48089200665745063
2025-01-29,3.640000104904175,3.809999942779541,3.5199999809265137,3.700000047683716,14850100,45.721926037074596,37197475.0,-0.016216200542241155,0.15879527466263976,0.23015006447478412,4.9583111484786,2.8976889173249276,0.47854630979780877
2025-01-30,4.119999885559082,4.300000190734863,3.8499999046325684,3.8499999046325684,46164500,61.173184673786416,35701450.0,0.13186806780807592,0.16811108097817673,0.21774226777546266,4.842455669193976,2.9445443908875064,0.47188651897810313
2025-01-31,4.239999771118164,4.53000020980835,4.119999885559082,4.25,41007100,63.81215274939788,34434155.0,0.029126186624347072,0.18306663427878656,0.21080714107612747,4.810432237558088,2.9555678187086967,0.456017101512753
2025-02-03,4.230000019073486,4.400000095367432,3.7799999713897705,3.825000047683716,25856000,68.54599731924084,33683875.0,-0.0023584322133207714,0.19190001765001607,0.20702571639090522,4.824136357742077,2.9538636870806156,0.3848768261582484
