Price,Close,High,Low,Open,Volume,RSI,Volume_MA20,Price_Change,MACD,Signal,Bollinger_Upper,Bollinger_Lower,ATR
Ticker,LUNR,LUNR,LUNR,LUNR,LUNR,,,,,,,,
Date,,,,,,,,,,,,,
2022-03-04,9.649999618530273,9.649999618530273,9.649999618530273,9.649999618530273,0,58.62067075543571,40055.0,0.0,0.006321556331608136,0.0071757190604981695,9.695250256997578,9.581849638479717,0.030419667746531036
2022-03-07,9.649999618530273,9.649999618530273,9.649999618530273,9.649999618530273,1100,58.62067075543571,7010.0,0.0,0.0064623126096439165,0.007033037770327319,9.696093032983427,9.58450684723508,0.02942253162737353
2022-03-08,9.670000076293945,9.670000076293945,9.649999618530273,9.649999618530273,6000,62.88669422828294,7285.0,0.002072586378684127,0.008094425268913241,0.007245315270044504,9.699240199711069,9.586359699580923,0.028656234658920747
2022-03-09,9.6899995803833,9.6899995803833,9.680000305175781,9.680000305175781,1100,66.35516101143524,7340.0,0.002068201027048966,0.0108763038863664,0.007971512993308883,9.705405723641077,9.587194145133337,0.028642766025490488
2022-03-10,9.6899995803833,9.6899995803833,9.6899995803833,9.6899995803833,0,46.26853986961597,7340.0,0.0,0.012931891932675299,0.008963588781182167,9.71061381411932,9.588986024137515,0.027609332391639377
2022-03-11,9.6899995803833,9.6899995803833,9.6899995803833,9.6899995803833,0,46.26853986961597,7090.0,0.0,0.014395023399924156,0.010049875704930565,9.714944111459092,9.591655696280165,0.026514966966411348
2022-03-14,9.6899995803833,9.6899995803833,9.6899995803833,9.6899995803833,0,46.26853986961597,7090.0,0.0,0.015377305621843362,0.011115361688313126,9.718432102910082,9.595167674311597,0.025351780212532714
2022-03-15,9.6899995803833,9.6899995803833,9.6899995803833,9.6899995803833,0,83.78353996443025,7090.0,0.0,0.0159716600051496,0.012086621351680421,9.721077289834238,9.599522456869863,0.02650665186617479
2022-03-16,9.6899995803833,9.6899995803833,9.6899995803833,9.6899995803833,0,96.87518626691303,7090.0,0.0,0.01625530905183936,0.01292035889171221,9.722843078481361,9.604756637705162,0.02630690731203751
2022-03-17,9.649999618530273,9.649999618530273,9.585000038146973,9.585000038146973,1500,59.61522590347635,7165.0,-0.004127963218285791,0.013101415375908587,0.012956570188551488,9.721092682840258,9.609507006643383,0.024863814403095465
2022-03-18,9.649999618530273,9.649999618530273,9.649999618530273,9.649999618530273,1600,60.7840753968996,7195.0,0.0,0.010481112178231555,0.0124614785864875,9.716487042639784,9.609112627770372,0.022989567053805067
2022-03-21,9.6899995803833,9.6899995803833,9.640000343322754,9.65999984741211,600,71.83086294552609,7225.0,0.004145073931010046,0.011499605351479758,0.012269103939485953,9.714699080463143,9.609900567058828,0.020926247167949337
2022-03-22,9.6899995803833,9.6899995803833,9.6899995803833,9.6899995803833,0,69.23059993837757,7225.0,0.0,0.012166520454721663,0.012248587242533096,9.712858039902757,9.610741584731032,0.01949919846113551
2022-03-23,9.6899995803833,9.6899995803833,9.6899995803833,9.6899995803833,0,66.66666666666666,7095.0,0.0,0.012550382481993694,0.012308946290425216,9.715758477602844,9.612841070737002,0.018575622814186857
2022-03-24,9.65999984741211,9.729999542236328,9.65999984741211,9.729999542236328,600,53.33341810459926,1445.0,-0.00309594780911282,0.010314963691049783,0.01191014977055013,9.71473584107989,9.616863680557074,0.01761924337055459
2022-03-25,9.680000305175781,9.6899995803833,9.680000305175781,9.6899995803833,400,58.823727406343615,1465.0,0.0020704407949891923,0.010041495870845907,0.011536418990609285,9.714571404486335,9.622028136224113,0.015689229092370464
2022-03-28,9.6899995803833,9.6899995803833,9.6899995803833,9.6899995803833,100,56.249888240518324,1220.0,0.0010329829434172488,0.010510470434297758,0.01133122927934698,9.71450228236996,9.628297190438879,0.015619047201804293
2022-03-29,9.664999961853027,9.6899995803833,9.630000114440918,9.6899995803833,7300,42.42431248338285,1585.0,-0.002579940104526224,0.008763851643310616,0.010817753752139708,9.7114008988899,9.635098544164299,0.015988429996635103
2022-03-30,9.670000076293945,9.670000076293945,9.670000076293945,9.670000076293945,10000,44.11776255630915,2060.0,0.0005173424170359375,0.007694414692458906,0.010193085940203548,9.709614026933247,9.63988538941807,0.01588498921498209
2022-03-31,9.670000076293945,9.670000076293945,9.670000076293945,9.670000076293945,10000,44.11776255630915,2015.0,0.0,0.006768851101993434,0.009508238972561527,9.7087208973557,9.642778564771984,0.015640987326485705
2022-04-01,9.670000076293945,9.670000076293945,9.670000076293945,9.670000076293945,0,44.11776255630915,2015.0,0.0,0.0059665565384996455,0.008799902485749151,9.707575935239024,9.64592357266503,0.0152496786955945
2022-04-04,9.65999984741211,9.6899995803833,9.65999984741211,9.675000190734863,2000,41.66671081841446,2060.0,-0.0010341498245022285,0.004472244174378304,0.007934370823474982,9.70653490909027,9.647964621701966,0.015141216018011763
2022-04-05,9.649999618530273,9.680000305175781,9.649999618530273,9.65999984741211,2400,39.4736710017116,1880.0,-0.0010352203974945962,0.002452781822464445,0.006838053023272875,9.707851557553186,9.644647927462684,0.015499894274612956
2022-04-06,9.640000343322754,9.640000343322754,9.640000343322754,9.640000343322754,200,46.875204892383074,1835.0,-0.0010361943629840775,4.496706498180458e-05,0.005479435831614661,9.70852324181981,9.638976319490004,0.016694467744123802
2022-04-07,9.640000343322754,9.640000343322754,9.640000343322754,9.640000343322754,0,46.875204892383074,1835.0,0.0,-0.0018420099337870255,0.004015146678534324,9.708223897774161,9.634275739829597,0.017778218194897298
2022-04-08,9.649999618530273,9.649999618530273,9.640000343322754,9.640000343322754,19600,34.61518710614541,2815.0,0.0010372691754565455,-0.002501756170584457,0.0027117661087105683,9.7062808448436,9.632218796574858,0.017340195931163895
2022-04-11,9.649999618530273,9.649999618530273,9.649999618530273,9.649999618530273,0,34.61518710614541,2815.0,0.0,-0.0029901413285227108,0.0015713846212639126,9.703880777214478,9.630618868018678,0.016362070884527118
2022-04-12,9.649999618530273,9.649999618530273,9.649999618530273,9.649999618530273,0,34.61518710614541,2815.0,0.0,-0.0033387035881222715,0.0005893669793866758,9.701008358816981,9.62949129023087,0.014736687154268895
2022-04-13,9.649999618530273,9.649999618530273,9.649999618530273,9.649999618530273,0,44.99980926222629,2815.0,0.0,-0.0035737457734121847,-0.0002432555711730963,9.697627647312519,9.62887200555003,0.014995423065282313
2022-04-14,9.649999618530273,9.649999618530273,9.649999618530273,9.649999618530273,0,31.24910590815888,2740.0,0.0,-0.0037171691861228595,-0.0009380382941630489,9.697627647312519,9.62887200555003,0.013971089414441761
2022-04-18,9.680000305175781,9.680000305175781,9.680000305175781,9.680000305175781,300,45.000333787920695,2675.0,0.0031088795680260795,-0.0013939598860588376,-0.0010292226125422066,9.69931093612867,9.63018878539843,0.012342496210318849
2022-04-19,9.680000305175781,9.680000305175781,9.680000305175781,9.680000305175781,0,60.0002543137978,2645.0,0.0,0.00044210392323407177,-0.0007349573053869509,9.697538906120394,9.630960887885953,0.013688169135157894
2022-04-20,9.6899995803833,9.6899995803833,9.6899995803833,9.6899995803833,900,62.49985098646957,2690.0,0.0010329829434172488,0.002673240212903494,-5.3317801728862e-05,9.697538906120394,9.630960887885953,0.015915342687636256
2022-04-21,9.6899995803833,9.6899995803833,9.6899995803833,9.6899995803833,255000,62.49985098646957,15440.0,0.0,0.004390817189563023,0.0008355091965295151,9.697538906120394,9.630960887885953,0.017743587716172165
2022-04-22,9.6899995803833,9.6899995803833,9.6899995803833,9.6899995803833,0,62.49985098646957,15410.0,0.0,0.005686459354301121,0.0018056992280838366,9.700884916945894,9.630614850357572,0.019286686879878768
2022-04-25,9.699999809265137,9.699999809265137,9.6899995803833,9.6899995803833,111000,75.00029802706086,20940.0,0.0010320154091729705,0.0074344997149182745,0.0029314593254507245,9.704624219200241,9.628875498512162,0.021750289742206476
2022-04-26,9.720000267028809,9.720000267028809,9.699999809265137,9.699999809265137,3100,88.88959532059637,21090.0,0.00206190290277819,0.010314801474729407,0.004408127755306461,9.711932416308164,9.62456737006879,0.025720408252212
2022-04-27,9.710000038146973,9.710000038146973,9.699999809265137,9.699999809265137,16600,88.88865341414827,21555.0,-0.0010288301036119885,0.01165616150138682,0.005857734504522533,9.717950781595963,9.623049012410384,0.026238633935394468
2022-04-28,9.710000038146973,9.710000038146973,9.710000038146973,9.710000038146973,100,88.88865341414827,21060.0,0.0,0.01257425084989272,0.007201037773596571,9.723127632684202,9.621872157507449,0.02572055086083597
2022-04-29,9.710000038146973,9.710000038146973,9.710000038146973,9.710000038146973,0,87.4998509900223,20560.0,0.0,0.013150255315533599,0.008390881281983977,9.72780153511176,9.621198251265193,0.025333105615643666
2022-05-02,9.699999809265137,9.708000183105469,9.699999809265137,9.708000183105469,1500,77.77754230553231,20635.0,-0.0010298896851234085,0.012653941349999087,0.009243493295587,9.73044455396558,9.621555205708493,0.02359236988547329
2022-05-03,9.699999809265137,9.699999809265137,9.699999809265137,9.699999809265137,700,77.77754230553231,20570.0,0.0,0.012120886917172058,0.009818972019904011,9.732906598440826,9.62309315741855,0.02107037864920651
2022-05-04,9.710000038146973,9.729999542236328,9.710000038146973,9.729999542236328,34800,79.99980926768328,22190.0,0.001030951451389095,0.01236286096844097,0.010327749809611403,9.736021513815189,9.625978284005857,0.017851739088805406
2022-05-05,9.699999809265137,9.699999809265137,9.680000305175781,9.699999809265137,148600,72.72703628245698,29610.0,-0.0010298896851234085,0.011613815417256035,0.010584962931140331,9.736072861966102,9.63192688244918,0.012066706333762904
2022-05-06,9.699999809265137,9.739999771118164,9.680000305175781,9.739999771118164,29000,62.49955297006688,31060.0,0.0,0.010894605194334162,0.010646891383779097,9.735166496764322,9.638833194245201,0.010716220529912406
2022-05-09,9.699999809265137,9.699999809265137,9.699999809265137,9.699999809265137,0,62.49955297006688,30080.0,0.0,0.010206966356498981,0.010558906378323074,9.734678112975677,9.64432159710733,0.008926028048945083
2022-05-10,9.729999542236328,9.729999542236328,9.670000076293945,9.670000076293945,200,69.9997139015249,30090.0,0.003092756037225586,0.011945040366077464,0.010836133175873952,9.738115314185006,9.648884388268609,0.010919366247535879
2022-05-11,9.670000076293945,9.670000076293945,9.670000076293945,9.670000076293945,20700,43.75018626358234,31125.0,-0.006166440777508275,0.008384371262897261,0.010345780793278614,9.735782038105683,9.653217710124299,0.013926812968223266
2022-05-12,9.630000114440918,9.649999618530273,9.609999656677246,9.649999618530273,22300,35.000190734135685,32240.0,-0.004136500676053534,0.002308244709302798,0.00873827357648345,9.739964324001802,9.647035473819242,0.024007725349834773
2022-05-13,9.630000114440918,9.630000114440918,9.630000114440918,9.630000114440918,0,31.579079455905244,32240.0,0.0,-0.0024785580857837886,0.006494907244030004,9.743541552788054,9.641458294624057,0.03030968230925638
2022-05-16,9.630000114440918,9.630000114440918,9.630000114440918,9.630000114440918,0,23.529378765609408,32225.0,0.0,-0.006200656479816047,0.0039557944992607945,9.748037855050093,9.63196197328853,0.03378167100644496
2022-05-17,9.640000343322754,9.640000343322754,9.640000343322754,9.640000343322754,80000,29.411863703171818,36225.0,0.0010384453544127759,-0.00824842862724573,0.0015149498739594899,9.750103187149742,9.625896645003577,0.03539402052623623
2022-05-18,9.640000343322754,9.640000343322754,9.640000343322754,9.640000343322754,0,29.411863703171818,36180.0,0.0,-0.009758809328198836,-0.0007398019664721753,9.751186356665404,9.619813551781863,0.036199812122297045
2022-05-19,9.640000343322754,9.640000343322754,9.640000343322754,9.640000343322754,0,29.411863703171818,23430.0,0.0,-0.01083094452890876,-0.002758030478959492,9.751701962362278,9.614298022378934,0.03625286777651665
2022-05-20,9.640000343322754,9.640000343322754,9.640000343322754,9.640000343322754,0,31.250149011754047,23430.0,0.0,-0.011547506927996665,-0.004515925768766927,9.75172213328743,9.609277927747726,0.036343682973061585
2022-05-23,9.640000343322754,9.640000343322754,9.640000343322754,9.640000343322754,0,31.250149011754047,17880.0,0.0,-0.01197732069448243,-0.006008204753910028,9.750300836756574,9.604699277684345,0.03588727388308351
2022-05-24,9.640000343322754,9.640000343322754,9.640000343322754,9.640000343322754,0,26.666709052299638,17725.0,0.0,-0.012177575688802733,-0.007242078940888569,9.745252178845925,9.601747943224387,0.03384654042130312
2022-05-25,9.630000114440918,9.630000114440918,9.630000114440918,9.630000114440918,500000,26.666709052299638,41895.0,-0.0010373681043240879,-0.012993433892148687,-0.008392349931140592,9.74160340893459,9.597396720765115,0.032513517018896085
2022-05-26,9.630000114440918,9.630000114440918,9.630000114440918,9.630000114440918,0,26.666709052299638,41890.0,0.0,-0.01348456571651191,-0.009410793088214856,9.73701706986677,9.593983067462332,0.03024605089989777
2022-05-27,9.630000114440918,9.630000114440918,9.630000114440918,9.630000114440918,0,26.666709052299638,41890.0,0.0,-0.013715685342820194,-0.010271771539135924,9.731469595191633,9.591530549766862,0.02680807185894565
2022-05-31,9.65999984741211,9.699999809265137,9.645999908447266,9.699999809265137,235500,26.666709052299638,53590.0,0.00311523703163874,-0.011347316774928728,-0.010486880586294486,9.727082006121892,9.5919181426513,0.012066628166667192
2022-06-01,9.65999984741211,9.65999984741211,9.65999984741211,9.65999984741211,0,44.444326707074126,53555.0,0.0,-0.009362443204357973,-0.010261993109907185,9.722347718805224,9.592652433782668,0.010270980806034209
2022-06-02,9.65999984741211,9.65999984741211,9.65999984741211,9.65999984741211,300,79.99961853172863,51830.0,0.0,-0.007700648319104886,-0.009749724151746724,9.71499968328042,9.595000450233984,0.01141127742617619
2022-06-03,9.65999984741211,9.65999984741211,9.65999984741211,9.65999984741211,700,79.99961853172863,44435.0,0.0,-0.006310915593404687,-0.009061962440078317,9.70923229870417,9.59676783862493,0.012043733825041479
2022-06-06,9.720000267028809,9.720000267028809,9.710000038146973,9.710000038146973,600,90.90893327784714,43015.0,0.006211223660916865,-0.00036381613126934553,-0.007322333178316523,9.714314797102048,9.593685386003422,0.023358132057145757
2022-06-07,9.720000267028809,9.720000267028809,9.720000267028809,9.720000267028809,0,89.99980926586431,43015.0,0.0,0.004299738332013803,-0.004997918876250458,9.719072279049668,9.59092794983217,0.02980706506337981
2022-06-08,9.720000267028809,9.720000267028809,9.720000267028809,9.720000267028809,0,89.99980926586431,43005.0,0.0,0.007904520451884167,-0.0024174310106235327,9.71622109689974,9.592779204461344,0.03407330899691884
2022-06-09,9.720000267028809,9.720000267028809,9.720000267028809,9.720000267028809,0,89.99980926586431,41970.0,0.0,0.010638699942360219,0.00019379517997321761,9.725086829141,9.58891349129357,0.036921404471118496
2022-06-10,9.720000267028809,9.720000267028809,9.720000267028809,9.720000267028809,500,89.99980926586431,40880.0,0.0,0.012659624615043441,0.0026869610669872624,9.733837147422758,9.5891631882706,0.03866600954396282
2022-06-13,9.720000267028809,9.720000267028809,9.720000267028809,9.720000267028809,0,89.99980926586431,40880.0,0.0,0.014098700929936925,0.004969309039577196,9.74122620720203,9.590774143750119,0.03945378237636026
2022-06-14,9.692999839782715,9.699999809265137,9.692999839782715,9.699999809265137,1800,70.86581061800706,40970.0,-0.0027778216568246084,0.012911633180607396,0.006557773867783236,9.743297340405952,9.595002983080377,0.038059997691595064
2022-06-15,9.710000038146973,9.710000038146973,9.710000038146973,9.710000038146973,500,79.85054444523522,36995.0,0.0017538634731515401,0.013190594406847111,0.007884337975596012,9.74760777959428,9.597692513374472,0.035638490367193736
2022-06-16,9.640000343322754,9.640000343322754,9.640000343322754,9.640000343322754,300,52.451030807348886,37010.0,-0.0072090313644919135,0.007674812368419381,0.007842432854160687,9.74760777959428,9.597692513374472,0.034481900428677575
2022-06-17,9.6899995803833,9.6899995803833,9.680000305175781,9.680000305175781,32100,61.81093197365753,38615.0,0.005186642663885355,0.007254411592503729,0.007724828601829296,9.748847311228868,9.601452905445935,0.030167875845898036
2022-06-21,9.630000114440918,9.800000190734863,9.630000114440918,9.800000190734863,1100,44.7183465135412,38670.0,-0.006191895618225529,0.0020560842246020172,0.006591079726383841,9.749478440638047,9.599821753148575,0.0335220166282244
2022-06-22,9.6899995803833,9.6899995803833,9.65999984741211,9.65999984741211,5400,54.360440133182145,38940.0,0.00623047406327748,0.002746171641453188,0.005822098109397711,9.750429035291399,9.603871082201278,0.03238147320065468
2022-06-23,9.6899995803833,9.6899995803833,9.6899995803833,9.6899995803833,0,54.360440133182145,38940.0,0.0,0.003255543017717244,0.005308787091061618,9.750978176376949,9.60832186482178,0.031040362121575463
2022-06-24,9.6899995803833,9.6899995803833,9.6899995803833,9.6899995803833,0,54.360440133182145,13940.0,0.0,0.003617522950484897,0.0049705342629462745,9.750128810833061,9.615171176959908,0.029471315220132452
2022-06-27,9.6899995803833,9.6899995803833,9.6899995803833,9.6899995803833,0,44.71816087631047,13940.0,0.0,0.003859900129144833,0.004748407436185986,9.748445568466275,9.622854365920931,0.02872353156805305
2022-06-28,9.6899995803833,9.6899995803833,9.6899995803833,9.6899995803833,0,44.71816087631047,13940.0,0.0,0.004005809313232689,0.004599887811595327,9.745723544010573,9.631576336970873,0.027778292748995154
2022-06-29,9.6899995803833,9.6899995803833,9.6899995803833,9.6899995803833,0,44.71816087631047,2165.0,0.0,0.004074475376967257,0.004494805324669713,9.745607120748938,9.634692733529628,0.026614568712046056
2022-06-30,9.6899995803833,9.6899995803833,9.6899995803833,9.6899995803833,0,44.71816087631047,2165.0,0.0,0.004081840807222292,0.004412212421180229,9.745265745370068,9.638034082205616,0.02520211151429523
2022-07-01,9.6899995803833,9.6899995803833,9.6899995803833,9.6899995803833,0,44.71816087631047,2150.0,0.0,0.004041094739106299,0.004337988884765443,9.74467530619245,9.641624494680352,0.023496106468969092
2022-07-05,9.6899995803833,9.6899995803833,9.6899995803833,9.6899995803833,0,44.71816087631047,2115.0,0.0,0.003963118819767075,0.00426301487176577,9.74380403695325,9.64549573721667,0.0214265501421646
2022-07-06,9.6899995803833,9.6899995803833,9.6899995803833,9.6899995803833,0,49.41628754425156,2085.0,0.0,0.0038568628280355455,0.004181784463019725,9.7408564145064,9.645443290998973,0.021342137920419415
2022-07-07,9.6899995803833,9.6899995803833,9.6899995803833,9.6899995803833,0,45.83320087738818,2085.0,0.0,0.003729660978924798,0.00409135976620074,9.737658006644626,9.645641630196195,0.02006833381414337
2022-07-08,9.649999618530273,9.6899995803833,9.649999618530273,9.6899995803833,600,52.38080100272935,2115.0,-0.004127963218285791,0.00039661800369472644,0.0033524114136995373,9.735701564417115,9.640598007573852,0.018575532545754524
2022-07-11,9.6899995803833,9.6899995803833,9.6899995803833,9.6899995803833,1100,50.0,2170.0,0.004145073931010046,0.0009716198318461267,0.002876253097328855,9.731803364993697,9.641496138332718,0.018575532545754524
2022-07-12,9.6899995803833,9.6899995803833,9.6899995803833,9.6899995803833,0,71.42847411444141,2145.0,0.0,0.001411047248980779,0.00258321192765924,9.727547567827937,9.64275186683393,0.010690439481299042
2022-07-13,9.6899995803833,9.6899995803833,9.6899995803833,9.6899995803833,0,50.0,2145.0,0.0,0.0017392476783726352,0.002414419077801919,9.722858845460514,9.6444405205368,0.010690439481299042
2022-07-14,9.6899995803833,9.6899995803833,9.6899995803833,9.6899995803833,0,50.0,2055.0,0.0,0.0019765642805644745,0.0023268481183544303,9.722580956940233,9.64441838311714,0.010690439481299042
2022-07-15,9.6899995803833,9.6899995803833,9.6899995803833,9.6899995803833,0,50.0,2030.0,0.0,0.002139971142332442,0.0022894727231500328,9.719704277852065,9.64529501642894,0.010690439481299042
2022-07-18,9.6899995803833,9.6899995803833,9.6899995803833,9.6899995803833,0,50.0,2015.0,0.0,0.0022436093258555445,0.002280300043691135,9.716455304097144,9.653543913889918,0.010690439481299042
2022-07-19,9.6899995803833,9.6899995803833,9.6899995803833,9.6899995803833,0,50.0,410.0,0.0,0.002299239135442832,0.0022840878620414744,9.716455304097144,9.653543913889918,0.010690439481299042
2022-07-20,9.65999984741211,9.680000305175781,9.65999984741211,9.680000305175781,400,36.363715179941565,375.0,-0.00309594780911282,-7.651950301301724e-05,0.0018119663890305761,9.70828797044109,9.66471122084309,0.012860147081166095
2022-07-21,9.699999809265137,9.699999809265137,9.699999809265137,9.699999809265137,1500,53.33341810459926,180.0,0.004140782865927672,0.0012538833013202577,0.0017003497714885127,9.709571078174159,9.664428135998206,0.013424567676039827
2022-07-22,9.75,9.75,9.75,9.75,700,65.00011920940324,215.0,0.005154658940003776,0.0062705516163141795,0.0026143901404536464,9.726128158441696,9.653871097692338,0.02183863171677746
2022-07-25,9.75,9.75,9.75,9.75,0,65.00011920940324,215.0,0.0,0.010129530477163584,0.004117418207795634,9.738002755309761,9.647996542785943,0.027093756851540952
2022-07-26,9.75,9.75,9.75,9.75,0,65.00011920940324,215.0,0.0,0.013037510718829637,0.005901436710002435,9.747666854059124,9.64433248599825,0.030848930167782562
2022-07-27,9.75,9.75,9.75,9.75,0,65.00011920940324,215.0,0.0,0.015167267196273926,0.007754602807256734,9.755902465144684,9.64209691687436,0.03361071751331629
2022-07-28,9.75,9.75,9.75,9.75,0,81.25014901175405,215.0,0.0,0.016663033471237654,0.009536288940052918,9.763078046685626,9.640921377295088,0.032105758609621005
2022-07-29,9.75,9.75,9.75,9.75,0,75.00019868233873,215.0,0.0,0.017645038006081748,0.011158038753258685,9.769400118841503,9.640599347100881,0.03321607748798493
2022-08-01,9.75,9.75,9.75,9.75,0,75.00019868233873,215.0,0.0,0.01821333172419415,0.012569097347445778,9.774995767994435,9.64100373990962,0.0337086766066736
2022-08-02,9.75,9.75,9.75,9.75,0,75.00019868233873,215.0,0.0,0.018451016754347904,0.013745481228826205,9.779947084968308,9.642052464897416,0.03361072686741106
2022-08-03,9.75,9.75,9.75,9.75,0,75.00019868233873,215.0,0.0,0.01842696922236975,0.014681778827534913,9.784307737790165,9.643691854037229,0.032916956870814015
2022-08-04,9.75,9.75,9.75,9.75,0,75.00019868233873,215.0,0.0,0.018198134612159578,0.015385049984459847,9.788111639307642,9.645887994481422,0.03158813299027454
2022-08-05,9.75,9.75,9.75,9.75,0,75.00019868233873,185.0,0.0,0.01781146208721296,0.01587033240501047,9.787083127222228,9.656916544713805,0.02953867378682446
2022-08-08,9.75,9.75,9.75,9.75,0,75.00019868233873,130.0,0.0,0.017305533902856496,0.016157372704579676,9.789400258407074,9.66059945549063,0.026602544228973835
2022-08-09,9.75,9.75,9.75,9.75,0,100.0,130.0,0.0,0.016711937360664564,0.016268285635796652,9.79111246052387,9.664887295335504,0.013363113071674326
2022-08-10,9.710000038146973,9.710000038146973,9.710000038146973,9.710000038146973,700,55.55567329292587,165.0,-0.004102560190054061,0.012865539268268833,0.015587736362291089,9.790181531344762,9.667818270290981,0.010690439481310543
2022-08-11,9.739999771118164,9.739999771118164,9.739999771118164,9.739999771118164,200,42.856948228882835,175.0,0.003089570839684308,0.012098504768871976,0.014889890043607266,9.789998912217646,9.673000908491582,0.010818178202140993
2022-08-12,9.739999771118164,9.739999771118164,9.739999771118164,9.739999771118164,0,42.856948228882835,175.0,0.0,0.011359677115283517,0.014183847457942517,9.789212622628297,9.678787217154417,0.010894104438631829
2022-08-15,9.720000267028809,9.720000267028809,9.680000305175781,9.710000038146973,5900,33.33333333333333,470.0,-0.002053337223750229,0.009055966495056467,0.013158271265365309,9.787197577960528,9.683802330486737,0.012774423640627738
2022-08-16,9.729999542236328,9.729999542236328,9.729999542236328,9.729999542236328,400,39.99961852445258,490.0,0.0010287319889730195,0.007945526094109923,0.012115722231114233,9.784683872615263,9.690316032017305,0.013114035602465693
2022-08-17,9.710000038146973,9.739999771118164,9.710000038146973,9.739999771118164,400300,33.33306841933765,20485.0,-0.0020554475878997724,0.0053895735894418095,0.01077049250277975,9.773086798655894,9.706913125050159,0.015424381853409396
2022-08-18,9.739999771118164,9.739999771118164,9.739999771118164,9.739999771118164,500,46.666539508150855,20435.0,0.003089570839684308,0.005718768147994879,0.009760147631822777,9.769222230631987,9.71477768925937,0.01511855757134599
2022-08-19,9.739999771118164,9.739999771118164,9.739999771118164,9.739999771118164,0,46.666539508150855,20400.0,0.0,0.005911512965688814,0.008990420698595984,9.768469705391595,9.71453019161158,0.014769260614981508
2022-08-22,9.729999542236328,9.800000190734863,9.729999542236328,9.800000190734863,1300,43.74977647970436,20465.0,-0.0010267175684632868,0.005197417137514648,0.008231819986379717,9.767625382835282,9.713374468391523,0.014468589312661895
2022-08-23,9.729999542236328,9.729999542236328,9.729999542236328,9.729999542236328,0,43.74977647970436,20465.0,0.0,0.004578710524130614,0.0075011980939298974,9.76662538215259,9.712374423297849,0.014005473525411219
2022-08-24,9.739999771118164,9.739999771118164,9.739999771118164,9.739999771118164,200,47.058724531011585,20475.0,0.0010277728008543097,0.004839528894256873,0.006968864253995293,9.765675359447604,9.712324423114653,0.013424559871006981
2022-08-25,9.739999771118164,9.739999771118164,9.739999771118164,9.739999771118164,0,47.058724531011585,20475.0,0.0,0.004988722444705829,0.0065728358921373995,9.764677431481648,9.712322328192425,0.012774403132292717
2022-08-26,9.729999542236328,9.729999542236328,9.710000038146973,9.720000267028809,3700,44.444267836517575,20660.0,-0.0010267175684632868,0.004251021384600762,0.006108472990630073,9.76335372587659,9.711645988021116,0.011883054158482852
2022-08-29,9.729999542236328,9.729999542236328,9.729999542236328,9.729999542236328,0,44.444267836517575,20660.0,0.0,0.0036246057804216747,0.005611699548588393,9.761860422161849,9.71113924595949,0.010716005378303696
2022-08-30,9.729999542236328,9.729999542236328,9.729999542236328,9.729999542236328,0,57.14275982806422,20660.0,0.0,0.0030925182753751557,0.005107863293945745,9.76018735623111,9.710812266113859,0.008925746263789227
2022-08-31,9.739999771118164,9.739999771118164,9.710000038146973,9.710000038146973,9300,50.0,21125.0,0.0010277728008543097,0.003438137283074738,0.004773918091771544,9.758841380475383,9.711158218981405,0.008925746263789227
2022-09-01,9.739999771118164,9.739999771118164,9.739999771118164,9.739999771118164,0,50.0,21125.0,0.0,0.0036697403542582663,0.004553082544268889,9.75741837690748,9.711581199661122,0.008925746263789227
2022-09-02,9.699999809265137,9.75,9.699999809265137,9.75,6700,42.856948228882835,21460.0,-0.0041067723606769135,0.0006184952011896172,0.0037661650756530343,9.758437328326208,9.70556222916891,0.012066628166708015
2022-09-06,9.739999771118164,9.739999771118164,9.720000267028809,9.720000267028809,1400,52.941242468781205,21530.0,0.004123707488614681,0.0014117502837720508,0.0032952821172768376,9.75686022477732,9.706139309829613,0.012314525505577363
2022-09-07,9.75,9.760000228881836,9.75,9.75,219500,62.49992549456706,32505.0,0.0010267175684632868,0.002814897164874708,0.003199205126796412,9.75686022477732,9.706139309829613,0.011578732260823453
2022-09-08,9.75,9.75,9.720000267028809,9.75,11100,53.84621027612312,33025.0,0.0,0.003882150166706566,0.003335794134778443,9.758016123948627,9.70898340684361,0.012247519394233415
2022-09-09,9.720000267028809,9.739999771118164,9.710000038146973,9.729999542236328,21800,43.75018626358234,34105.0,-0.0030768956893529875,0.002280934929224543,0.0031248222936676633,9.757526023155851,9.707473557227448,0.01277448106871898
2022-09-12,9.720000267028809,9.75,9.720000267028809,9.739999771118164,10000,46.666920978847585,34605.0,0.0,0.0010004280060780246,0.002699943436149736,9.756860260587647,9.706139369386719,0.013259850335813946
2022-09-13,9.760000228881836,9.760000228881836,9.739999771118164,9.739999771118164,69500,57.89489534708628,37785.0,0.004115222299809096,0.0031766611000811906,0.002795286968936027,9.76123922868676,9.70576039747291,0.0150639944224614
2022-09-14,9.770000457763672,9.770000457763672,9.75,9.75,3000,57.89489534708628,37915.0,0.001024613590913992,0.0056432248184368206,0.0033648745388361856,9.767601829940864,9.703397887771539,0.017728215400782708
2022-09-15,9.739999771118164,9.739999771118164,9.729999542236328,9.729999542236328,1000,50.0,17950.0,-0.003070694497426363,0.005118190337523032,0.003715537698573555,9.766806442287736,9.707193248721785,0.017728215400782708
2022-09-16,9.845000267028809,9.899999618530273,9.819999694824219,9.859999656677246,704800,68.25399708752266,53165.0,0.010780338642512044,0.013024619516713187,0.0055773540622014815,9.799048487860532,9.685451252740055,0.03365358011937011
2022-09-19,9.850000381469727,9.899999618530273,9.8100004196167,9.899999618530273,2197500,68.75003725271647,163040.0,0.0005078836267444764,0.0194695561279854,0.008355794475358266,9.822193799923374,9.673306001712367,0.0433315480589625
2022-09-20,9.8100004196167,9.850000381469727,9.8100004196167,9.84000015258789,10500,61.11118469677262,163500.0,-0.004060909675524194,0.02110625245762421,0.010905886071811456,9.830642332263777,9.672857557110001,0.04516925187337561
2022-09-21,9.850000381469727,9.859999656677246,9.8100004196167,9.819999694824219,8200,64.10259545270036,163910.0,0.004077467904388676,0.025338917451087184,0.013792492347666602,9.84722106416754,9.668278909129578,0.05071618963001055
2022-09-22,9.84000015258789,9.850000381469727,9.800000190734863,9.850000381469727,11800,62.50000000000001,164490.0,-0.0010152516238119969,0.027568606324894773,0.016547715143112235,9.858966992913448,9.666533018530643,0.05351017684473955
2022-09-23,9.829999923706055,9.869999885559082,9.779999732971191,9.8149995803833,36900,67.5674979057929,166335.0,-0.0010162834071913984,0.028203602354256674,0.018878892585341124,9.867327975472493,9.667172051230386,0.050770253401300716
2022-09-26,9.829999923706055,9.829999923706055,9.8100004196167,9.8100004196167,43600,63.63631109261571,168330.0,0.0,0.02837969779202787,0.020779053626678475,9.874461415787724,9.670038649062128,0.050477161158025315
2022-09-27,9.819999694824219,9.84000015258789,9.819999694824219,9.819999694824219,5900,60.605955518564755,168625.0,-0.0010173172898729765,0.027396509887548604,0.022102544878852503,9.879053991397704,9.674446088710937,0.04963189880493001
2022-09-28,9.829999923706055,9.829999923706055,9.819999694824219,9.819999694824219,600,61.76462338507453,168655.0,0.0010183532782701565,0.027111734090993878,0.023104382721280778,9.88420816860133,9.679291949654285,0.048602718651648946
2022-09-29,9.829999923706055,9.829999923706055,9.8100004196167,9.819999694824219,1600,67.74174693365245,168270.0,0.0,0.02657965352000602,0.02379943688102583,9.888892898121583,9.68360723539282,0.043064287624291264
2022-09-30,9.819999694824219,9.829999923706055,9.819999694824219,9.819999694824219,1500,65.62478579751868,168345.0,-0.0010173172898729765,0.025062140187262827,0.02405197754227323,9.891530096412168,9.688970029472841,0.03465095367606857
2022-10-03,9.819999694824219,9.850000381469727,9.819999694824219,9.819999694824219,7200,60.714091088677264,168370.0,0.0,0.0235875968047754,0.023959101394773665,9.888865559258935,9.703634555181981,0.030663503025152233
2022-10-04,9.835000038146973,9.850000381469727,9.835000038146973,9.850000381469727,700,61.40332678594733,168335.0,0.0015275299174051238,0.02336013183507113,0.02383930748283316,9.891181130648047,9.71081901049575,0.02717477138047048
2022-10-05,9.8100004196167,9.8100004196167,9.8100004196167,9.8100004196167,100,62.50004257449685,157365.0,-0.002541903246904731,0.02092143464744467,0.023255732915755466,9.8909725114401,9.717027671665367,0.013155948358881541
2022-10-06,9.8100004196167,9.8100004196167,9.8100004196167,9.8100004196167,1200,40.000108990637706,156870.0,0.0,0.018772353550044585,0.02235905704261329,9.890186586866232,9.723813638200905,0.013409258763255091
2022-10-07,9.8100004196167,9.8100004196167,9.8100004196167,9.8100004196167,300,38.23537661492547,155795.0,0.0,0.01687467059851855,0.021262179753794345,9.883909740827871,9.739090499498058,0.012475191338409596
2022-10-10,9.84000015258789,9.84000015258789,9.819999694824219,9.819999694824219,126000,59.37486961549236,161595.0,0.0030580766246657287,0.017588719114559836,0.020527487625947444,9.87666092584938,9.758339303032455,0.012342396440960265
2022-10-11,9.819999694824219,9.84000015258789,9.819999694824219,9.819999694824219,480500,39.285568316507955,182145.0,-0.002032566814382797,0.016352239479433095,0.019692437996644573,9.873105914707716,9.767894260768356,0.010463106058808937
2022-10-12,9.819999694824219,9.819999694824219,9.819999694824219,9.819999694824219,100,42.307579447753746,182000.0,0.0,0.015197137321091958,0.018793377861534052,9.86994921241801,9.776050886764118,0.009528643311327967
2022-10-13,9.819999694824219,9.819999694824219,9.819999694824219,9.819999694824219,200,45.833267106413416,181960.0,0.0,0.014118956002493022,0.017858493489725846,9.853237905086985,9.80076218646575,0.009354063477991996
2022-10-14,9.829999923706055,9.829999923706055,9.829999923706055,9.829999923706055,200,50.0,146730.0,0.0010183532782701565,0.013911066321771415,0.01706900805613496,9.851144588481747,9.801355468738711,0.009354063477991996
2022-10-17,9.819999694824219,9.819999694824219,9.800000190734863,9.8100004196167,5400,50.0,37125.0,-0.0010173172898729765,0.012791920064858076,0.016213590457879585,9.847104770664831,9.802395217891078,0.009354063477991996
2022-10-18,9.819999694824219,9.819999694824219,9.819999694824219,9.819999694824219,0,45.833267106413416,36600.0,0.0,0.011769319207562745,0.015324736207816218,9.84664234353405,9.803857572542611,0.009116085362858123
2022-10-19,9.819999694824219,9.819999694824219,9.819999694824219,9.819999694824219,400,45.833267106413416,36210.0,0.0,0.010834012903897516,0.014426591547032477,9.841777633316317,9.805722214095793,0.008809572619165536
2022-10-20,9.819999694824219,9.819999694824219,9.819999694824219,9.819999694824219,15000,50.0,36370.0,0.0,0.009977758530325787,0.01353682494369114,9.839125333976806,9.806374467658937,0.008809572619165536
2022-10-21,9.84000015258789,9.850000381469727,9.800000190734863,9.850000381469727,1600,57.69242055224625,34605.0,0.002036706556540313,0.010788675426422145,0.012987195040237343,9.841101602308997,9.805398222214928,0.010143166329839115
2022-10-24,9.84000015258789,9.84000015258789,9.84000015258789,9.84000015258789,0,52.173949098990775,32425.0,0.0,0.01130106130881714,0.012649968293953304,9.842909921211218,9.804589926200892,0.010690429682668656
2022-10-25,9.84000015258789,9.84000015258789,9.84000015258789,9.84000015258789,0,66.66631345829845,32130.0,0.0,0.011573716216005892,0.012434717878363822,9.84513443993908,9.804365453249396,0.0109193326577545
2022-10-26,9.895000457763672,9.895000457763672,9.895000457763672,9.895000457763672,100,79.31007267585255,32105.0,0.005589461821432717,0.016042929263113237,0.013156360155313707,9.86547297983699,9.790526966757248,0.02095604884571591
2022-10-27,9.899999618530273,9.899999618530273,9.869999885559082,9.899999618530273,1800,79.99961853172863,32115.0,0.0005052208726963325,0.019760417503475125,0.014477171624945991,9.880928323619644,9.782071592457017,0.02694379324029975
2022-10-28,9.850000381469727,9.899999618530273,9.850000381469727,9.890000343322754,17300,52.941242468781205,32905.0,-0.005050428180518374,0.018459246444757937,0.01527358658890838,9.882778519430873,9.783221465310339,0.02714696709787524
2022-10-31,9.878000259399414,9.880000114440918,9.850000381469727,9.880000114440918,135400,66.29233950901707,39315.0,0.002842627090894556,0.019463057143063622,0.01611148069973943,9.889128122326879,9.78267191887185,0.028543252508843524
2022-11-01,9.875,9.875,9.850000381469727,9.850000381469727,366000,65.19347496206373,57580.0,-0.00030373145582363037,0.019788380363229052,0.016846860632437354,9.89391852115701,9.781881516227022,0.029010551127635294
2022-11-02,9.890000343322754,9.890000343322754,9.880000114440918,9.880000114440918,200,67.85729925409083,57585.0,0.0015190221086334166,0.021014363204054476,0.01768036114676078,9.900877087578522,9.782922942176118,0.03014193189367774
2022-11-03,9.850000381469727,9.850000381469727,9.850000381469727,9.850000381469727,200,54.42488332250251,57535.0,-0.004044485385688912,0.01854453100042619,0.017853195117493864,9.901005517653738,9.786794508286205,0.02952308430426861
2022-11-04,9.869999885559082,9.869999885559082,9.869999885559082,9.869999885559082,300,60.593300816687744,57535.0,0.0020304064279002,0.0179935456286362,0.01788126521972233,9.90279831085101,9.79100166168317,0.028258330905948648
2022-11-07,9.864999771118164,9.864999771118164,9.859999656677246,9.859999656677246,500,59.33614556045365,51260.0,-0.0005065972136669705,0.016957937753700136,0.01769659972651789,9.904514762559701,9.791785171827504,0.026305224827487362
2022-11-08,9.864999771118164,9.864999771118164,9.864999771118164,9.864999771118164,0,59.33614556045365,27235.0,0.0,0.015953311210617827,0.01734794202333788,9.905614253978614,9.795185688037988,0.023730647234133033
2022-11-09,9.869999885559082,9.869999885559082,9.850000381469727,9.850000381469727,800,60.162667814180324,27270.0,0.0005068539844832465,0.01538327605436507,0.016955008829543317,9.906831535341842,9.798968425748244,0.02032586573563563
2022-11-10,9.869999885559082,9.869999885559082,9.869999885559082,9.869999885559082,0,56.63714200112247,27260.0,0.0,0.01476135932448841,0.016516278928532337,9.907515018443858,9.803284961719717,0.01887082644330903
2022-11-11,9.869999885559082,9.869999885559082,9.869999885559082,9.869999885559082,0,56.63714200112247,27250.0,0.0,0.014105882008207615,0.016034199544467394,9.908470384562266,9.806329591786612,0.01700545293651276
2022-11-14,9.895000457763672,9.920000076293945,9.885000228881836,9.90999984741211,57500,60.956260068695094,29855.0,0.0025329860683349636,0.015425928252419396,0.015912545286057796,9.91166867996397,9.810631372678852,0.015702782641590442
2022-11-15,9.890000343322754,9.890000343322754,9.880000114440918,9.880000114440918,3000,48.756185858049086,30005.0,-0.0005053172521073401,0.015885488935619918,0.01590713401597022,9.912809060106543,9.816491057386134,0.015251009440842591
2022-11-16,9.869999885559082,9.899999618530273,9.869999885559082,9.899999618530273,600,43.05563527349631,30015.0,-0.0020222909069134154,0.01446903427680013,0.015619514068136204,9.910500754314029,9.823799382252133,0.013324425281957694
2022-11-17,9.880000114440918,9.90999984741211,9.880000114440918,9.90999984741211,1000,58.522576415191466,29315.0,0.001013194427333941,0.013992126129817706,0.015294036480472506,9.907674966214296,9.832625212313536,0.011844353383873185
2022-11-18,9.859999656677246,9.859999656677246,9.859999656677246,9.859999656677246,1100,44.64274563898208,29290.0,-0.0020243378068830475,0.011863547604683333,0.014607938705314672,9.906281596099664,9.836018532837105,0.012359243158493469
2022-11-21,9.859999656677246,9.859999656677246,9.859999656677246,9.859999656677246,100,45.45449291110122,29295.0,0.0,0.010060660753314465,0.013698483114914633,9.904583232613883,9.83971684673182,0.012801481617789032
2022-11-22,9.880000114440918,9.880000114440918,9.850000381469727,9.869999885559082,35600,47.05879053068552,31075.0,0.0020284440628888234,0.010128969272525268,0.01298458034643676,9.902967395866186,9.84533267966482,0.011958175435742631
2022-11-23,9.880000114440918,9.880000114440918,9.880000114440918,9.880000114440918,100,61.538179390684945,31075.0,0.0,0.010067057493872156,0.01240107577592384,9.900671843249194,9.846128197949538,0.010489638184611962
2022-11-25,9.880000114440918,10.0,9.869999885559082,10.0,3800,54.54545454545455,31175.0,0.0,0.009903826812660554,0.011901625983271184,9.896889987889072,9.847910102900723,0.010593885597382363
2022-11-28,9.899999618530273,9.899999618530273,9.84000015258789,9.84000015258789,300,63.99972534598776,30325.0,0.002024241281143757,0.011258477439207937,0.011772996274458537,9.89996347365228,9.84983654084357,0.012314699965725005
2022-11-29,9.90999984741211,10.0,9.895000457763672,10.0,64600,66.6664311952529,26785.0,0.00101012416840085,0.012989250719080303,0.01201624716338289,9.906076047161502,9.846923926135617,0.01473678493592872
2022-11-30,9.949999809265137,9.949999809265137,9.914999961853027,9.949999809265137,600,73.52911477616965,8515.0,0.004036323155289789,0.01738812416914648,0.013090622564535609,9.924435605481928,9.836064348741704,0.02357185971351215
2022-12-01,9.949999809265137,9.949999809265137,9.949999809265137,9.949999809265137,0,73.52911477616965,8505.0,0.0,0.020636379730660792,0.014599773997760647,9.93727475754163,9.82922514327624,0.028701267816468257
2022-12-02,9.920000076293945,9.960000038146973,9.920000076293945,9.920000076293945,10000,62.499940395866815,8995.0,-0.0030150485976147,0.020552995791346618,0.01579041835647784,9.940774820325192,9.8327250499751,0.028987005173276056
2022-12-05,9.930000305175781,9.960000038146973,9.930000305175781,9.960000038146973,600,59.45934800090727,9010.0,0.0010080875811415702,0.021051183376002314,0.016842571360382738,9.946455654098985,9.833044258162976,0.030490513050880564
2022-12-06,9.979999542236328,9.979999542236328,9.979999542236328,9.979999542236328,300,69.5650010573323,9000.0,0.005035169740577494,0.025190144885893773,0.018512086065484948,9.96377950259074,9.82722038678304,0.037541145138310694
2022-12-07,9.979999542236328,9.979999542236328,9.979999542236328,9.979999542236328,400,76.19038968942012,9020.0,0.0,0.028145853819445676,0.020438839616277092,9.977605941052852,9.824893925432745,0.04129754810894289
2022-12-08,9.949999809265137,9.979999542236328,9.9399995803833,9.979999542236328,2300,65.21735524853631,9095.0,-0.003005985405533318,0.027747688629290224,0.021900609418879717,9.983080548762764,9.827419310093436,0.04143702316444682
2022-12-09,9.970000267028809,9.989999771118164,9.949999809265137,9.989999771118164,1600,73.91322375731843,9175.0,0.0020100962961877578,0.028715000981348382,0.02326348773137345,9.991326471179748,9.829173425823425,0.04032825843492339
2022-12-12,9.979999542236328,10.0,9.979999542236328,10.0,10200,75.00009934156411,9685.0,0.001002936302879398,0.02994329328534029,0.02459944884216682,10.000184401786111,9.831315460884788,0.038316071207958664
2022-12-13,10.0,10.0,9.970000267028809,9.970000267028809,500,75.00009934156411,6835.0,0.0020040539760575182,0.032159874561235924,0.02611153398598064,10.012743133952885,9.829256682941647,0.03899835392592214
2022-12-14,9.979999542236328,9.979999542236328,9.930000305175781,9.930000305175781,950400,69.23071280017899,54205.0,-0.002000045776367143,0.03193453990381023,0.027276135169546557,10.01963849320082,9.831361243585068,0.03591800568963955
2022-12-15,9.9399995803833,9.9399995803833,9.930000305175781,9.9399995803833,700,59.99993642155056,54210.0,-0.004008012393562077,0.028203189128049644,0.027461545961247176,10.019588430226158,9.838411276042152,0.030237104744103134
2022-12-16,9.9399995803833,9.9399995803833,9.9399995803833,9.9399995803833,97400,57.142857142857146,59030.0,0.0,0.024958362290881553,0.026960909227174056,10.01968335034092,9.84431630252163,0.02651966115085921
2022-12-19,9.960000038146973,9.970000267028809,9.9399995803833,9.960000038146973,71400,58.62072367447474,62545.0,0.0020121185722323798,0.023727171373495892,0.026314161656438427,10.018589170569637,9.855410520439886,0.023026416586199396
2022-12-20,9.979999542236328,9.979999542236328,9.970000267028809,9.970000267028809,500,55.55551630962683,62565.0,0.002007982330598068,0.02408757002513795,0.025868843330178335,10.018141574691729,9.8678581048737,0.023487095000615833
2022-12-21,9.989999771118164,9.989999771118164,9.970000267028809,9.970000267028809,200,57.142857142857146,60795.0,0.0010020269880288701,0.024893170474690862,0.025673708759080843,10.020252120908525,9.87674752432463,0.024404909171814388
2022-12-22,10.0,10.0,10.0,10.0,100,65.38458716942375,60795.0,0.0010010239350302097,0.026038395119760693,0.025746646031216815,10.022082005605375,9.886917628183687,0.022531990720551048
2022-12-23,10.0,10.010000228881836,9.970000267028809,9.970000267028809,567100,63.99993896484375,88960.0,0.0,0.02663891704829524,0.025925100234632504,10.021188812113433,9.89981081023154,0.020662181571028053
2022-12-27,9.970000267028809,10.039999961853027,9.970000267028809,10.029999732971191,4900,47.826249207000785,89190.0,-0.002999973297119096,0.024412692942767933,0.02562261877625959,10.017665408915793,9.91033427827903,0.020648878099929956
2022-12-28,10.010000228881836,10.020000457763672,9.970000267028809,10.020000457763672,59700,55.55567329292587,88945.0,0.004012032174693925,0.025581173088333742,0.025614329638674424,10.020051948195743,9.917947777146054,0.02273846457252368
2022-12-29,10.020000457763672,10.069999694824219,10.010000228881836,10.029999732971191,7900,64.00007629365427,89310.0,0.0009990238414763208,0.02700286470192026,0.025892036651323592,10.027511955886274,9.917487834305378,0.0241334951715135
2022-12-30,10.0,10.630000114440918,9.989999771118164,10.029999732971191,54100,55.99992370634572,92015.0,-0.001996053577839385,0.02621352258666576,0.025956333838392028,10.030250631529684,9.919749177735453,0.024371397130835953
2023-01-03,10.0,10.550000190734863,10.0,10.550000190734863,18700,54.16673289358659,92450.0,0.0,0.025296362552360563,0.025824339581185737,10.028799663381431,9.929200138254313,0.024729484065494543
2023-01-04,10.0,10.0,10.0,10.0,2000,50.0,92520.0,0.0,0.0242895122399851,0.025517374112945614,10.027397719518994,9.937602051599171,0.024729484065494543
2023-01-05,10.029999732971191,10.029999732971191,10.029999732971191,10.029999732971191,1100,60.86958324522231,92560.0,0.002999973297119096,0.0256170069360806,0.02553730067757261,10.034630332343552,9.935369457848099,0.02741633658272285
2023-01-06,10.050000190734863,10.0600004196167,9.99899959564209,10.0,30600,76.190497815642,94070.0,0.0019940636386983623,0.0279606132923913,0.02602196320053635,10.045909145186258,9.931090709855248,0.028177333114188317
2023-01-09,10.020000457763672,10.050000190734863,10.020000457763672,10.050000190734863,25600,66.66679912103282,95235.0,-0.002985048000182955,0.02708499155912314,0.02623456887225371,10.048045348613613,9.935954571277744,0.023592305474812152
2023-01-10,10.020000457763672,10.020000457763672,10.020000457763672,10.020000457763672,2400,63.63644245232718,95275.0,0.0,0.02609030226315312,0.026205715550433592,10.050873156451345,9.9381267825135,0.02060896701137479
2023-01-11,10.020000457763672,10.020000457763672,10.020000457763672,10.020000457763672,8000,60.000190734135685,95165.0,0.0,0.025013661905763485,0.025967304821499573,10.053541469885216,9.939458560632362,0.019400414396172478
2023-01-12,10.03499984741211,10.050000190734863,10.020000457763672,10.050000190734863,39900,60.9756324491296,97135.0,0.0014969450063064826,0.02508161678966836,0.02579016721513333,10.05783443434737,9.938665580911419,0.019685023040561102
2023-01-13,10.039999961853027,10.050000190734863,10.029999732971191,10.050000190734863,278600,60.0,63545.0,0.0004982675153908378,0.02524789693286067,0.0256817131586788,10.062969120994703,9.939530936225756,0.020612173650864124
2023-01-17,10.085000038146973,10.09000015258789,10.074999809265137,10.079999923706055,55000,67.34695466346959,66260.0,0.004482079329175548,0.028680197753024217,0.026281410077547886,10.073881700757847,9.943118402238978,0.027204915076674562
2023-01-18,10.09000015258789,10.100000381469727,10.039999961853027,10.0600004196167,8200,77.27266816075462,61800.0,0.0004957971662871152,0.03144135199484488,0.027313398461007284,10.082696649318866,9.949303510898421,0.02862218353183717
2023-01-19,10.050000190734863,10.100000381469727,10.050000190734863,10.100000381469727,2300,59.09088938691821,58345.0,-0.003964317269387618,0.030055463324291765,0.02786181143366418,10.08331988864853,9.957680286827545,0.028468203619194714
2023-01-20,10.050000190734863,10.050000190734863,10.050000190734863,10.050000190734863,0,57.14279226706508,58320.0,0.0,0.028627140709762244,0.028014877288883792,10.08509540801113,9.962904832314797,0.028554938756787145
2023-01-23,10.09000015258789,10.09000015258789,10.09000015258789,10.09000015258789,200,69.56528950292737,58320.0,0.003980095631232361,0.030372729456345837,0.028486447722376202,10.0945825328416,9.9634177456313,0.030155265735088328
2023-01-24,10.050000190734863,10.100000381469727,10.050000190734863,10.100000381469727,70700,59.25931158716423,61850.0,-0.003964317269387618,0.02820334784836831,0.028429827747574625,10.096234394652928,9.96676590289346,0.02773498336195198
2023-01-25,10.095000267028809,10.100000381469727,10.0600004196167,10.079999923706055,162800,65.0794275524446,41635.0,0.004477619446756842,0.029772033895783423,0.028698268977216387,10.105065300314841,9.967435023934428,0.02749871844612809
2023-01-26,10.109999656677246,10.119999885559082,10.100000381469727,10.100000381469727,25500,63.33335452614982,42665.0,0.0014858236009589465,0.03185831149582086,0.029330277480937285,10.112172182621403,9.97432808059271,0.030743854513042065
2023-01-27,10.15999984741211,10.319999694824219,10.100000381469727,10.109999656677246,109000,66.66666666666666,45130.0,0.004945617451316053,0.03711842099611573,0.030887906183972975,10.135309190769444,9.966191034297694,0.0410188101009631
2023-01-30,10.085000038146973,10.100000381469727,10.079999923706055,10.079999923706055,26000,58.66663275816029,46035.0,-0.0073818711015276595,0.03483369669176284,0.03167706428553095,10.13857941961821,9.969420763487257,0.03912491970536451
2023-01-31,10.119000434875488,10.119999885559082,10.079999923706055,10.09000015258789,3740600,62.10270316904775,230360.0,0.0033713829052957056,0.03535898768302914,0.03241344896503059,10.145274111975699,9.974626114617319,0.03833141735461166
2023-02-01,10.104999542236328,10.119999885559082,10.079999923706055,10.100000381469727,1676500,60.04716513207139,313250.0,-0.0013836240772265862,0.03425070870288671,0.032780900912601815,10.147872643398934,9.982527537417717,0.03520016872972196
2023-02-02,10.15999984741211,10.15999984741211,10.100000381469727,10.119999885559082,7100,63.49888360673296,313505.0,0.005442880521260296,0.03737956622588001,0.03370063397525746,10.16016167371431,9.986238491843551,0.03780602458352052
2023-02-03,9.109999656677246,10.029999732971191,9.0,9.819999694824219,79300,19.164473259830487,317415.0,-0.10334647701813826,-0.04435572661359899,0.01808936185748617,10.467173713465083,9.587226444463383,0.26581598969050857
2023-02-06,9.3100004196167,9.494999885559082,9.130000114440918,9.319999694824219,58700,26.698776912736903,318820.0,0.021953981391520827,-0.09193339402698264,-0.00391518931940759,10.534252200668707,9.446147980147945,0.3263168502279285
2023-02-07,10.489999771118164,10.720000267028809,9.319999694824219,9.319999694824219,35700,57.04720652181218,319325.0,0.126745359647368,-0.03403066787464759,-0.009938285030455591,10.601977113957282,9.425422998194819,0.3539467037874934
2023-02-08,10.4399995803833,10.555000305175781,10.180000305175781,10.180000305175781,18000,56.84689583859338,320105.0,-0.004766462519143921,0.007733910537927713,-0.006403845916778931,10.653136689159957,9.416263335254104,0.37311003473309656
2023-02-09,10.14799976348877,10.737000465393066,10.010000228881836,10.510000228881836,11600,51.560502106283,320285.0,-0.02796933224434195,0.017073877911885305,-0.0017083011510460838,10.661542129133906,9.420657825852665,0.37449722394264284
2023-02-10,9.270000457763672,10.184000015258789,9.050000190734863,9.829999923706055,1261500,39.69331871896004,381365.0,-0.08651944483523044,-0.04584288859555308,-0.010535218639947483,10.71275011309774,9.292949902923986,0.4256477686761785
2023-02-13,10.420000076293945,10.640000343322754,9.4399995803833,9.649999618530273,22500,53.63600495205856,368560.0,0.12405604765285028,-0.002876364140613319,-0.00900344774008065,10.755867841174604,9.287832186291217,0.4418322067701011
2023-02-14,10.029999732971191,10.6899995803833,8.550999641418457,10.0,51300,49.40179893886409,368375.0,-0.0374280557070269,-0.00029149215020574104,-0.007261056622105669,10.752533531920495,9.285666465027749,0.44111584996919134
2023-02-15,12.739999771118164,13.0,10.100000381469727,10.600000381469727,109300,66.17864002167356,373430.0,0.2701894427014295,0.21791935353093095,0.03777502540850165,11.573406568877765,8.729793389923504,0.8569701619074175
2023-02-16,44.77000045776367,51.0,13.699999809265137,15.319999694824219,3590800,93.1460047068348,552855.0,2.5141288274791154,2.9414986252524784,0.618519745377297,27.43211464300108,-3.6569146574969267,9.282418346249917
2023-02-17,40.70000076293945,49.98899841308594,32.349998474121094,38.29999923706055,2326700,84.7085227965303,669190.0,-0.09090908316304092,4.717163336840333,1.4382484636699042,33.56462119364082,-6.7244211509162035,11.87425596155316
2023-02-21,37.88999938964844,46.0,35.55099868774414,40.0,293100,79.61986969821933,683835.0,-0.06904180148934402,5.830437137088623,2.316686198353648,37.6440665799363,-8.023866613505634,13.262712345047303
2023-02-22,81.98999786376953,136.0,37.35499954223633,37.95000076293945,4151800,89.51244885447743,887890.0,1.1638954654132094,10.154165068129412,3.884181972308801,55.98737075749967,-19.17317102376554,21.69468187419589
2023-02-23,20.299999237060547,97.0,17.5,97.0,3903600,53.32241136665805,1074930.0,-0.752408833199508,8.504844724015015,4.808314522650044,56.299021595399935,-18.46432196466263,21.438105303975654
2023-02-24,24.0,38.97999954223633,21.75,22.360000610351562,6835300,54.79549128334605,1415420.0,0.18226605428558695,7.410877623829219,5.3288271428858796,56.82027244917276,-17.596572784103177,21.079108134375506
2023-02-27,20.229999542236328,28.8700008392334,20.0,24.0,2951200,53.43785392556809,1557530.0,-0.1570833524068197,6.168585669801317,5.496778848268968,57.05681499756743,-16.826115363015422,20.702353522051084
2023-02-28,20.100000381469727,25.799999237060547,18.0,20.809999465942383,2231800,53.04557289048865,1667820.0,-0.0064260585125169856,5.114612431800339,5.420345564975243,57.255361471556625,-16.023161802672348,20.35747112715307
2023-03-01,19.280000686645508,21.200000762939453,17.40999984741211,19.719999313354492,1126400,52.78794033516486,1537110.0,-0.04079600394337202,4.165150660767441,5.1693065841336825,57.38847487922733,-15.240175185166052,19.997817613284496
2023-03-02,17.799999237060547,19.016000747680664,16.729999542236328,18.989999771118164,816400,52.395321887382664,1494105.0,-0.07676355792923284,3.255741457731844,4.7865935588533155,57.445463449692426,-14.527663786148722,19.637028484874648
2023-03-03,16.280000686645508,17.809999465942383,16.020000457763672,17.809999465942383,663300,52.18557095328636,1526915.0,-0.08539318064971158,2.384885457511505,4.306251938584953,57.44974480636055,-13.91994505889351,19.25240274997334
2023-03-06,14.149999618530273,16.700000762939453,13.800000190734863,15.699999809265137,867500,51.15587218265192,1566325.0,-0.13083544092614663,1.5054980734720012,3.7461011655623633,57.39533182742083,-13.361532083768484,19.031412871440548
2023-03-07,12.5600004196167,15.600000381469727,12.390999794006348,13.9399995803833,1056600,50.77822230037534,1616220.0,-0.1123674375815088,0.6725251376476962,3.13138595997943,57.34127637056504,-12.9824766269127,18.867533021380986
2023-03-08,10.260000228881836,12.829999923706055,10.050000190734863,12.329999923706055,858000,49.23522895288888,1657335.0,-0.1831210281762915,-0.17122888868521358,2.4708629902465016,57.34602040636793,-13.010220616939211,19.02615028226322
2023-03-09,16.190000534057617,19.75,10.520000457763672,10.529999732971191,17037000,39.495736499532086,2508285.0,0.5779727264023706,-0.35728995176751255,1.905232401843699,57.32255922298273,-12.411759338186595,18.51838518285563
2023-03-10,15.670000076293945,19.690000534057617,14.232000350952148,15.420000076293945,7888500,40.554003800329895,2902130.0,-0.032118618938263066,-0.5404741265764734,1.4160910961596647,57.27425518968917,-11.811255273612506,18.102469988425657
2023-03-13,14.140000343322754,18.3700008392334,14.020000457763672,16.309999465942383,2924900,40.94962297665373,2985300.0,-0.09763878273911575,-0.7998865028994153,0.9728955763478488,57.18526391569665,-11.235264011064086,17.74289936725181
2023-03-14,14.569999694824219,15.199999809265137,12.630000114440918,14.0,1233000,11.491890031523553,3045825.0,0.03041013727446762,-0.9597123594098669,0.5863739891963058,57.12139283678063,-10.756392970295028,3.675564956879642
2023-03-15,13.720000267028809,14.170000076293945,12.800000190734863,12.800000190734863,476200,37.6779044624779,3067070.0,-0.05833901479746495,-1.1418013767346729,0.24073891601011005,57.043948121238714,-10.309948201347353,3.61706549184536
2023-03-16,13.329999923706055,16.139999389648438,13.098999977111816,13.449999809265137,1352900,27.19110655253779,3129250.0,-0.028425680446959034,-1.3025628692429958,-0.06792144104051112,57.0352646036084,-10.242264668458247,2.943351948447124
2023-03-17,12.5,13.270999908447266,11.890000343322754,13.0,856900,31.100244560348656,2992555.0,-0.06226556102449665,-1.479882404361474,-0.35031363370470375,54.177867476750265,-10.611867587376484,2.7230596054629292
2023-03-20,11.520000457763672,12.819999694824219,11.510000228881836,12.149999618530273,589700,29.859154387251237,2905705.0,-0.0783999633789062,-1.6801198109790008,-0.6162748691595632,51.745356961046284,-11.097357102190077,2.4481063505575746
2023-03-21,11.350000381469727,12.09000015258789,11.130000114440918,11.770000457763672,588000,30.799030383371544,2920450.0,-0.014756950480794173,-1.8314155651446278,-0.8593030083565761,49.523718983498505,-11.529719025460174,2.1362690846029864
2023-03-22,11.899999618530273,12.640999794006348,11.199999809265137,11.350000381469727,826100,35.040566950750744,2754165.0,0.04845808093174053,-1.8852067090115021,-1.0644837484875613,22.93423106948165,8.050769064032753,1.8638044973549255
2023-03-23,10.600000381469727,12.399999618530273,10.300000190734863,11.869999885559082,945600,35.435895228840295,2606265.0,-0.10924363686837713,-2.0095705732993654,-1.253501113449922,22.3941447936853,7.620855454270023,1.8152830559799777
2023-03-24,10.789999961853027,10.968999862670898,10.300000190734863,10.710000038146973,402000,40.43280095015524,2284600.0,0.017924488070344413,-2.0689488984709676,-1.4165906704541313,20.627613837646347,8.066386406494278,1.8772788321095435
2023-03-27,10.869999885559082,11.944999694824219,10.649999618530273,10.850000381469727,597100,44.735199952559896,2166895.0,0.007414265429924516,-2.085510852785891,-1.5503747069204834,19.691298984176136,8.066701294296765,1.9464649739879205
2023-03-28,10.4399995803833,10.850000381469727,10.350000381469727,10.789999961853027,267700,50.63469458372748,2068690.0,-0.03955844615481929,-2.109022256120312,-1.6621042167604492,18.60587907352734,8.186121124836918,1.9298296829842336
2023-03-29,10.579999923706055,10.84000015258789,10.449999809265137,10.449999809265137,364600,16.567328403930645,2030600.0,0.013409995110135187,-2.09224031104751,-1.7481314356178614,17.5136714183361,8.408328703734213,1.7167308758506128
2023-03-30,10.720000267028809,11.399999618530273,10.449999809265137,10.609999656677246,434900,19.10111463252393,2011525.0,0.013232546723281446,-2.0440807504997984,-1.8073212985942488,16.647641700369903,8.566358524697234,1.4556757044490833
2023-03-31,10.800000190734863,10.935999870300293,10.3100004196167,10.609999656677246,341700,24.542672289470502,1995445.0,0.007462679264300887,-1.976672773245129,-1.841191593524425,16.05562002888643,8.610380146589645,1.3343864622548889
2023-04-03,10.550000190734863,10.850000381469727,10.399999618530273,10.850000381469727,168600,18.495292838636317,1960500.0,-0.023148147739337155,-1.9212770899459422,-1.8572086928087284,15.853771668006598,8.452228564689936,1.074736110596472
2023-04-04,10.119999885559082,10.62600040435791,10.0,10.460000038146973,253900,19.798649878582523,1920365.0,-0.040758322028601746,-1.8902830366065135,-1.8638235615682854,15.834720800784204,8.227279378506566,0.8936543516125833
2023-04-05,10.140000343322754,10.850000381469727,9.630000114440918,10.0,526800,21.4669048521216,1903805.0,0.001976329840893687,-1.8428627812442606,-1.8596314055034806,15.84084249983653,8.209157690898333,0.6742060695837888
2023-04-06,10.899999618530273,11.399999618530273,10.210000038146973,10.800000190734863,1098400,35.50723911558431,1106875.0,0.07495061631905986,-1.7240821514567752,-1.8325215546941396,15.059057785427386,8.461942313754742,0.49848561006747344
2023-04-10,10.680000305175781,10.84000015258789,10.279999732971191,10.720000267028809,324400,41.17646587407487,728670.0,-0.02018342394989514,-1.6289225474013325,-1.7918017532355783,14.27621935383981,8.745780768230503,0.4545109018058884
2023-04-11,10.84000015258789,10.949999809265137,10.319999694824219,10.369999885559082,265800,44.6315743824103,595715.0,0.0149812586929019,-1.5230405615540654,-1.7380495148992758,13.830252669473275,8.86174743352355,0.421598758223216
2023-04-12,10.960000038146973,11.149999618530273,10.600000381469727,10.989999771118164,234900,39.12037205671627,545810.0,0.011070099987999793,-1.4131553616968873,-1.6730706842587981,13.13462464124833,9.196375496080773,0.26203868625166643
2023-04-13,10.460000038146973,11.0600004196167,10.300000190734863,10.829999923706055,266400,48.01135847945279,535320.0,-0.04562043779741953,-1.3508446739261988,-1.6086254821922785,12.582558282075663,9.422441832365255,0.26640564444352643
2023-04-14,10.130000114440918,10.5,9.859999656677246,10.399999618530273,255600,40.983608266011565,480455.0,-0.03154874976123956,-1.312956297946501,-1.5494916453431231,12.029337931254796,9.655662202259608,0.293355889042679
2023-04-17,10.449999809265137,10.479999542236328,10.0,10.109999656677246,175500,44.61538311057293,446385.0,0.03158930811541061,-1.2427821667747612,-1.488149749629451,11.644654680262118,9.835345434178802,0.2832707258306156
2023-04-18,10.399999618530273,10.800000190734863,10.130000114440918,10.279999732971191,1090800,49.43181864363109,471440.0,-0.0047847073346865,-1.1776282938438456,-1.4260454584723299,11.52152513100767,9.846474899509909,0.28471790253716045
2023-04-19,11.149999618530273,13.210000038146973,11.069999694824219,12.899999618530273,11150900,56.90072409988598,999585.0,0.07211538726056133,-1.053332486916844,-1.3515028641612328,11.482309277587762,9.86569067663587,0.32667146809998954
2023-04-20,10.09000015258789,10.9399995803833,10.015000343322754,10.890000343322754,1087000,43.76237298422924,1012630.0,-0.09506721992893719,-1.0285043051327811,-1.2869031523555425,11.195254067887543,9.97174593974185,0.3503443372568022
2023-04-21,8.8100004196167,9.899999618530273,8.630000114440918,9.84000015258789,987900,34.07999697265532,1014745.0,-0.1268582471371813,-1.0994394199819126,-1.2494104058808166,11.495312611133125,9.492687400310968,0.5730713934167873
2023-04-24,8.880000114440918,9.5,8.300000190734863,8.970000267028809,404300,36.24381643318134,1014860.0,0.00794548144042695,-1.1369021192654039,-1.2269087485577341,11.620874978607889,9.176125048094994,0.7003910395227491
2023-04-25,7.25,8.687000274658203,7.239999771118164,8.600000381469727,682800,30.26134226752869,1019145.0,-0.18355856908044,-1.2833255865880364,-1.2381921161637945,12.06043662794514,8.374563410201834,1.0734906760312592
2023-04-26,9.59000015258789,10.210000038146973,7.300000190734863,7.300000190734863,13581800,47.132427809866925,1684850.0,0.3227586417362607,-1.1967533555194052,-1.2299043640349168,12.035452622041316,8.314547473326115,1.081218440796948
2023-04-27,8.300000190734863,9.199999809265137,8.149999618530273,8.979999542236328,863400,37.15415045836217,1709790.0,-0.13451511379850367,-1.2181938739408693,-1.2275622660161072,12.088847121949156,8.033153000121155,1.1440050796943595
2023-04-28,7.75,8.489999771118164,7.409999847412109,8.279999732971191,732800,35.980858248571906,1724685.0,-0.06626508169828937,-1.2649841087292337,-1.2350466345587325,12.16022041416362,7.664779681203813,1.245276708497727
2023-05-01,7.309999942779541,7.980000019073486,7.150000095367432,7.860000133514404,435600,33.55078976105658,1729380.0,-0.05677420093167218,-1.32232707093452,-1.25250272183389,12.224786916872398,7.251213153699501,1.3390164974109051
2023-05-02,7.349999904632568,7.599999904632568,7.159999847412109,7.159999847412109,256400,33.05164119975463,1733770.0,0.005471951048718893,-1.348993758657688,-1.2718009291986496,12.249712186518662,6.906287855443006,1.3618562944826373
2023-05-03,7.28000020980835,7.400000095367432,6.829999923706055,7.309999942779541,356800,34.44226912738931,1738915.0,-0.009523768126867505,-1.3600973357070263,-1.289460210500325,12.282585336869356,6.589414737517242,1.3891667919691575
2023-05-04,7.300000190734863,7.300000190734863,6.800000190734863,7.139999866485596,219000,35.72149223198019,1723525.0,0.002747250048093175,-1.3517015946238295,-1.301908487325026,12.27298170807442,6.3150183510533875,1.4038088802310278
2023-05-05,7.019999980926514,7.28000020980835,6.909999847412109,7.210000038146973,300500,32.62411330385896,1683630.0,-0.03835619212225838,-1.3520559270975028,-1.3119379752795215,12.143273836371218,6.056726258996214,1.3753959656644597
2023-05-08,7.059999942779541,7.170000076293945,6.809999942779541,6.960000038146973,230100,33.062880559971305,1678915.0,0.005698000279445559,-1.3337346131088568,-1.3162973028453886,11.997009550751613,5.840990508376194,1.3012107374824857
2023-05-09,7.559999942779541,7.559999942779541,6.849999904632568,7.099999904632568,373200,31.321540155373498,1684285.0,0.07082153031904248,-1.2642950125410142,-1.3058968447845138,11.750466667681541,5.759533370465432,0.9989162487278078
2023-05-10,7.599999904632568,8.079999923706055,7.432000160217285,7.5,399100,35.50640080357333,1692495.0,0.005291000285156278,-1.1922919665632188,-1.283175869140255,11.435024895467238,5.738975129328294,0.7923092715296493
2023-05-11,8.25,8.388999938964844,7.5,8.039999961853027,835800,46.48240944137569,1720965.0,0.085526329411034,-1.0704400914052865,-1.2406287135932614,11.186701096164118,5.7662989248167165,0.7498513157698322
2023-05-12,8.149999618530273,10.140000343322754,8.109999656677246,9.579999923706055,2457500,45.43178704824458,1831060.0,-0.012121258359966802,-0.9707505889753705,-1.1866530886696833,10.97572496508424,5.779275006305533,0.6880650736995537
2023-05-15,7.360000133514404,7.949999809265137,7.139999866485596,7.840000152587891,491300,50.76923169263784,1846850.0,-0.09693245668621675,-0.9446034951187219,-1.138243169959491,10.66512235271164,5.780877651103056,0.6831681369927821
2023-05-16,7.900000095367432,8.59000015258789,7.204999923706055,7.260000228881836,794000,34.205606660318935,1832010.0,0.0733695587034151,-0.8702762480448234,-1.0846497855765576,10.316644430049069,5.879355621449344,0.42521937893813333
2023-05-17,7.800000190734863,8.09000015258789,7.610000133514404,8.0,185100,43.990384394953225,1283720.0,-0.012658215623466695,-0.8101021722391542,-1.0297402629090768,9.622232072113276,6.238768036605598,0.37903647413429736
2023-05-18,7.760000228881836,7.789999961853027,7.5,7.699999809265137,164300,50.13698945105456,1237585.0,-0.0051282001121667475,-0.7569161876134256,-0.9751754478499466,9.166462243928981,6.461537872419286,0.37945301445429774
2023-05-19,7.159999847412109,7.920000076293945,7.0,7.920000076293945,412400,48.03149478188705,1208810.0,-0.07731963450678692,-0.7544837094328658,-0.9310371001665305,9.028302233349411,6.4346978257783976,0.38875468091198045
2023-05-22,7.369999885559082,7.440000057220459,7.099999904632568,7.190000057220459,170800,50.25125604058627,1197135.0,0.02932961489138508,-0.727227676938563,-0.8902752155209371,8.842386008771639,6.469614027467985,0.3880416935623193
2023-05-23,7.309999942779541,7.730000019073486,7.25,7.28000020980835,188300,50.377830364651885,1172410.0,-0.008141104981169156,-0.7023720608534916,-0.8526945845874481,8.841359894762608,6.47664013575497,0.3865712811779226
2023-05-24,7.159999847412109,7.369999885559082,7.054999828338623,7.230000019073486,142200,48.292678898817954,500430.0,-0.020519849048096672,-0.6868598671312096,-0.8195276410962005,8.314183267439812,6.760816732560188,0.3950546039490637
2023-05-25,7.119999885559082,7.380000114440918,7.039999961853027,7.360000133514404,172600,51.29533550743069,465890.0,-0.00558658697003811,-0.6700698562757461,-0.7896360841321096,8.18763660342494,6.769363366057482,0.385865679059916
2023-05-26,6.75,7.28000020980835,6.702000141143799,7.170000076293945,312000,46.30071672379418,444850.0,-0.05196627689693123,-0.6787948260344319,-0.7674678325125741,8.195675941129155,6.661324028353267,0.4226687944869625
2023-05-30,6.789999961853027,6.929999828338623,6.639999866485596,6.929999828338623,184500,39.67828449076285,432295.0,0.005925920274522545,-0.674704194831059,-0.7489151049762711,8.22016997749237,6.584829993897402,0.46476510509071267
2023-05-31,6.860000133514404,6.900000095367432,6.599999904632568,6.739999771118164,109400,40.15957811074085,424945.0,0.010309303689933103,-0.6582262883730241,-0.7307773416556218,8.230898444339799,6.525101549938156,0.48939522839817096
2023-06-01,7.320000171661377,7.46999979019165,6.840000152587891,6.980000019073486,236400,36.97479294649686,418925.0,0.06705539784170722,-0.6011199336791009,-0.7048458600603176,8.23211808532671,6.527881905136545,0.4255603866212471
2023-06-02,7.309999942779541,7.514999866485596,7.199999809265137,7.25,89800,37.93103920766107,412465.0,-0.0013661514545519893,-0.5503258571353582,-0.6739418594753257,8.232432143011861,6.528567822655864,0.3567720674795635
2023-06-05,7.5,7.699999809265137,7.300000190734863,7.400000095367432,258000,52.43055273859279,410340.0,0.025991800096815565,-0.4891017087585956,-0.6369738293319798,8.24056783902334,6.5684321285517315,0.3610158725104669
2023-06-06,7.949999809265137,7.96999979019165,7.400000095367432,7.5,175300,50.896052079496776,407600.0,0.059999974568685,-0.39966284181253364,-0.5895116318280905,8.302424005905017,6.595575948318614,0.36766266974245526
2023-06-07,7.800000190734863,8.25,7.718999862670898,8.079999923706055,159800,50.0,396930.0,-0.01886787699736292,-0.3370008746941009,-0.5390094804012926,8.327642618826815,6.594357360192351,0.36766266974245526
2023-06-08,8.199999809265137,8.359999656677246,7.699999809265137,7.75,244400,56.87499385327064,389195.0,0.0512820011216677,-0.25215747362517593,-0.4816390790460693,8.417382835678808,6.564617133803614,0.42466014441858
2023-06-09,8.789999961853027,9.579999923706055,8.199999809265137,8.479999542236328,1060600,75.54859449613254,400435.0,0.07195123979408535,-0.13574559481914683,-0.4124603822006848,8.561588887110286,6.474411078557438,0.5725751285893854
2023-06-12,9.630000114440918,10.329999923706055,8.899999618530273,9.020000457763672,1027200,79.5811571915038,328920.0,0.09556315770572654,0.024015810660612757,-0.3251651436284253,8.977999210056076,6.206000805202713,0.8164520617062601
2023-06-13,9.25,9.789999961853027,9.15999984741211,9.539999961853027,297200,73.42995313750222,319215.0,-0.039460032183289306,0.11859791909350648,-0.23641253108403895,9.25200012663747,6.12099987526988,0.9202988721445536
2023-06-14,9.479999542236328,10.168999671936035,8.869999885559082,9.300000190734863,390700,77.4881525155989,299050.0,0.02486481537690044,0.20969670919404493,-0.1471906830284222,9.523937913980298,6.00706203261394,1.0112403439162347
2023-06-15,9.010000228881836,10.130000114440918,9.0,9.390000343322754,431100,70.32259017198342,311350.0,-0.04957798903475685,0.2411878763363422,-0.06951497115546931,9.670586910844921,5.981413039564013,1.0236413806155873
2023-06-16,9.829999923706055,9.859999656677246,9.109999656677246,9.859999656677246,769500,80.19608671781853,341610.0,0.09100995271850087,0.3285249444670111,0.010093011969026768,9.979367450664062,5.879632469227294,1.0542639287661586
2023-06-20,8.550000190734863,9.729999542236328,8.359999656677246,9.729999542236328,482100,63.88013182971644,345095.0,-0.13021360558552397,0.2910993075293238,0.06629427108108617,10.03321155492107,5.964788399302563,0.9659976975589004
2023-06-21,8.024999618530273,8.800000190734863,7.800000190734863,8.779999732971191,257200,58.572477683560415,349415.0,-0.061403574326641785,0.2165794687552225,0.09635131061591343,10.044298134576547,6.019201792944205,0.8692624074336165
2023-06-22,8.640000343322754,9.300000190734863,7.980000019073486,8.010000228881836,356600,59.496405024834985,357830.0,0.07663560797839808,0.20478672447115187,0.11803839338696112,10.098237538616887,6.098262428958185,0.8034880217426825
2023-06-23,8.460000038146973,8.946999549865723,8.300000190734863,8.489999771118164,137800,58.07584403700016,357610.0,-0.020833367826760707,0.17885464435455312,0.13020164358047953,10.118852649183559,6.207647337465001,0.7192522238306894
2023-06-26,8.369999885559082,8.538000106811523,8.140000343322754,8.449999809265137,135400,56.19658081921716,355750.0,-0.010638315860764913,0.14931975865100888,0.1340252665945854,10.119899602916117,6.331600383732442,0.646004312612647
2023-06-27,8.649999618530273,8.729999542236328,8.300000190734863,8.390000343322754,120900,55.10948808568312,346195.0,0.033452776200664,0.14681440229805887,0.1365830937352801,10.08970522975438,6.551794718747207,0.6083824863063086
2023-06-28,8.710000038146973,8.9399995803833,8.46500015258789,8.640000343322754,104800,56.73076787426849,342210.0,0.006936465001474046,0.14796477592488166,0.13885943017320043,10.038166694722761,6.79533326140822,0.5426133839694587
2023-06-29,8.399999618530273,8.710000038146973,8.260000228881836,8.600000381469727,173600,51.499248713504976,345420.0,-0.03559132241779539,0.12245047932775499,0.13557764000411135,9.940775458828217,7.04672444580435,0.5272160521221402
2023-06-30,8.1899995803833,8.489999771118164,8.109999656677246,8.350000381469727,104000,45.23052230414959,338800.0,-0.025000005676633075,0.084313058958422,0.1253247237949735,9.884580552331492,7.189919293173269,0.5554432812543
2023-07-03,8.0600004196167,8.449999809265137,8.020000457763672,8.420000076293945,68700,35.93190218377748,337745.0,-0.015872914215768197,0.04310217765111446,0.1088802145662017,9.815816865337677,7.3336830278508005,0.5329336344892773
2023-07-05,7.75,8.0,7.610000133514404,8.0,156200,36.38838532040859,332655.0,-0.038461588520790846,-0.014406120979602477,0.08422294745704087,9.787089737346996,7.38741015584148,0.5611816430146626
2023-07-06,8.140000343322754,8.149999618530273,7.5,7.570000171661377,169000,38.18343072751544,332340.0,0.050322624944871386,-0.02818716948812572,0.061740924068007554,9.778213222738085,7.415286723856153,0.5076585289349314
2023-07-07,8.720000267028809,8.829999923706055,7.980000019073486,8.199999809265137,282500,47.49135052289552,338475.0,0.07125305887509326,0.007604734220928222,0.05091368609859169,9.763686954383957,7.521812999839675,0.49018904993218115
2023-07-10,8.6899995803833,8.760000228881836,8.451000213623047,8.760000228881836,61500,38.57715689386719,329330.0,-0.0034404456108726444,0.03316694321532232,0.04736433752193782,9.768691454991915,7.565808476343536,0.3058201427627127
2023-07-11,8.600000381469727,9.4399995803833,8.484999656677246,8.760000228881836,268400,50.65789688326856,289720.0,-0.010356640190954391,0.04563692079656789,0.047018854176863835,9.758010566923335,7.557489406373783,0.30820934554721163
2023-07-12,8.829999923706055,9.020000457763672,8.600000381469727,8.779999732971191,103800,61.483595718398156,243550.0,0.02674413163188971,0.07323430921329965,0.052261945184151004,9.62327399351966,7.612225960703973,0.3107461443876828
2023-07-13,8.539999961853027,9.24899959564209,8.34000015258789,8.880000114440918,909200,48.42766710891559,274150.0,-0.03284257807006985,0.07088771561177154,0.055987099269675114,9.542921130035822,7.621578820373114,0.30701052526872114
2023-07-14,9.630000114440918,10.6899995803833,9.020000457763672,9.930000305175781,3636800,64.3031788831798,436455.0,0.1276346788591063,0.15519295826018542,0.07582827106777718,9.581762751215264,7.5977372564141294,0.44303150622328225
2023-07-17,9.119999885559082,9.359999656677246,8.550000190734863,9.3100004196167,386900,58.314855453853795,434245.0,-0.05295952469585663,0.17879171463221155,0.09642095978066406,9.59823225772788,7.592267715569239,0.4681322287809459
2023-07-18,8.789999961853027,9.359000205993652,8.609999656677246,8.989999771118164,360500,51.535091342541165,413795.0,-0.036184202614803485,0.1689184761137188,0.11092046304727501,9.368842467512145,7.717657509599671,0.47137452261172186
2023-07-19,9.140000343322754,9.220000267028809,8.350000381469727,8.729999542236328,346400,54.43299248819312,407010.0,0.0398180185425101,0.1871782943020719,0.1261720292982344,9.440448025504436,7.70505196686617,0.49372547689351076
2023-07-20,8.6899995803833,9.220000267028809,8.649999618530273,9.050000190734863,131300,52.9058108189462,400715.0,-0.0492342172906155,0.1634538369296621,0.13362839082451994,9.435442435313922,7.776557553241987,0.4901137942075875
2023-07-21,8.510000228881836,8.79699993133545,8.359999656677246,8.680000305175781,185500,53.22581296408704,392160.0,-0.020713390125793874,0.12864465468700637,0.13263164359701723,9.429857559465646,7.769142417646172,0.4749927242203139
2023-07-24,8.550000190734863,8.682999610900879,8.472999572753906,8.5600004196167,78900,55.03079760449586,389215.0,0.0047003479174152485,0.10309734755426092,0.126724784388466,9.432146950649017,7.7758530417215885,0.4446334317338654
2023-07-25,8.359999656677246,8.75,8.359999656677246,8.5600004196167,140400,56.42104772847874,389465.0,-0.022222284189362895,0.06675001477552911,0.11472983046587862,9.432253666650164,7.774746302832257,0.36850231794227417
2023-07-26,8.569999694824219,8.600000381469727,8.331999778747559,8.5,132700,54.70458742322871,390055.0,0.025119622819510745,0.05426421561558925,0.10263670749582075,9.428080920557147,7.770919056554672,0.3309759774182869
2023-07-27,8.140000343322754,8.569999694824219,8.0600004196167,8.470000267028809,142400,43.43891500345437,391935.0,-0.05017495528747329,0.00956155614696641,0.08402167722604989,9.422473017827963,7.719526989801432,0.3711875944887247
2023-07-28,8.569999694824219,8.619999885559082,7.949999809265137,8.199999809265137,208100,48.75518758402773,393660.0,0.05282547092939538,0.0087310839634398,0.06896355857352789,9.427171091074735,7.7318289241840565,0.37345434439184944
2023-07-31,8.449999809265137,8.67300033569336,8.329999923706055,8.65999984741211,86900,48.45360216596177,392805.0,-0.014002320867240514,-0.0015917108570100424,0.054852504687420305,9.422816949651354,7.762183088495621,0.37918148769861293
2023-08-01,8.109999656677246,8.4399995803833,8.069999694824219,8.4399995803833,98200,42.74193284786953,394280.0,-0.040236705356500924,-0.036783750756317346,0.03652525359867278,9.418842103618235,7.77115785823479,0.40880225777899426
2023-08-02,7.800000190734863,8.109999656677246,7.785999774932861,8.109999656677246,101800,42.57028273956569,391560.0,-0.03822435006974989,-0.08866597587218905,0.011487007704500413,9.410781187707968,7.784218793218547,0.4683223765040674
2023-08-03,7.849999904632568,7.989999771118164,7.769999980926514,7.800000190734863,56200,27.41115971059125,385920.0,0.006410219573724785,-0.12431542320620537,-0.015673478477640744,9.43980190363052,7.726198033426974,0.4051732776525768
2023-08-04,7.739999771118164,8.050000190734863,7.699999809265137,7.820000171661377,98800,30.508467498824075,376735.0,-0.014012756031944518,-0.1596041413327942,-0.04445961104867144,9.466555074703257,7.601444812763174,0.40404890458903164
2023-08-07,7.880000114440918,8.079999923706055,7.71999979019165,7.820000171661377,70900,36.417910405271805,377205.0,0.018087900188985317,-0.17426502824574008,-0.07042069448808516,9.466985896239928,7.520014044632265,0.4055927795028954
2023-08-08,8.170000076293945,8.199999809265137,7.599999904632568,7.849999904632568,108100,35.25835016032748,369190.0,0.036802025081392076,-0.16063165176765537,-0.0884628859439992,9.454533774881108,7.4894661354735055,0.3287312534285521
2023-08-09,9.140000343322754,9.479999542236328,8.0,8.15999984741211,2586000,55.90552412934632,493300.0,0.11872708175895363,-0.07074073263560443,-0.08491845528232025,9.50303985183548,7.471960100480805,0.3918342699915164
2023-08-10,8.170000076293945,9.4399995803833,7.994999885559082,9.109999656677246,688800,46.304345707811976,482280.0,-0.10612693988982658,-0.0768861508263452,-0.08331199439112524,9.493949873115561,7.444050090644816,0.3866025819384758
2023-08-11,8.489999771118164,8.529999732971191,8.020000457763672,8.15999984741211,174300,49.3852414965654,309155.0,0.03916764893953051,-0.05529770052455163,-0.07770913561781052,9.279849147832188,7.544150781595914,0.3833398630512725
2023-08-14,8.329999923706055,8.369999885559082,7.690000057220459,8.369999885559082,431500,49.69072430505633,311385.0,-0.018845683359899223,-0.05051701987625279,-0.07227071246949898,9.174047889325273,7.570952043917527,0.3827352461305469
2023-08-15,7.039999961853027,8.142000198364258,7.0,7.699999809265137,572400,37.09949286384454,321980.0,-0.15486194161681344,-0.14910175968849693,-0.08763692191329858,9.258317744614315,7.311682188628483,0.4866797345768417
2023-08-16,5.829999923706055,7.230000019073486,5.760000228881836,7.170000076293945,1293900,32.78687977050414,369355.0,-0.1718750063499267,-0.3211655701663565,-0.13434265156391018,9.514837674100889,6.72416221718024,0.7848416411676341
2023-08-17,5.059999942779541,5.829999923706055,5.010000228881836,5.829999923706055,710600,25.1063837270419,398320.0,-0.13207547015490095,-0.5137378922936726,-0.21022169970986268,9.864235485460002,6.01176444206075,1.0824037432941735
2023-08-18,4.980000019073486,5.150000095367432,4.849999904632568,5.079999923706055,495900,25.24964398765121,413840.0,-0.015810261780775714,-0.6651408406686219,-0.3012055279016146,10.075023349551694,5.447976556988223,1.2810900907445408
2023-08-21,4.800000190734863,5.300000190734863,4.789999961853027,5.239999771118164,691700,25.83941793840657,444480.0,-0.0361445437046628,-0.790540392332205,-0.3990725007877327,10.204568357664417,4.943431548875501,1.4485255948782327
2023-08-22,4.869999885559082,5.050000190734863,4.769999980926514,4.909999847412109,364200,27.836607735554324,455670.0,0.014583269175558522,-0.8741948757597777,-0.49409697578214173,10.263222019396192,4.535777910031908,1.567299260008551
2023-08-23,4.570000171661377,4.922999858856201,4.550000190734863,4.869999885559082,447900,26.093295210455494,471430.0,-0.06160158541015337,-0.9537054040466151,-0.5860186614350364,10.270254865135534,4.128745111976282,1.6758807757204273
2023-08-24,3.990000009536743,4.570000171661377,3.812000036239624,4.510000228881836,786000,24.42019152396219,503610.0,-0.1269146915401057,-1.051399359038589,-0.679094800955747,10.343213977870205,3.6407859658630097,1.8070351051363855
2023-08-25,4.440000057220459,4.823999881744385,3.759999990463257,3.9000000953674316,882900,27.486908821737785,537350.0,0.11278196656845685,-1.0800610081881468,-0.759288042402227,10.23484144750168,3.3361585324711602,1.8418445175745852
2023-08-28,4.769999980926514,5.190000057220459,4.434999942779541,4.440000057220459,729800,27.864580843338743,569495.0,0.07432430618314956,-1.0638835484149451,-0.8202071436047706,10.06954522474661,3.133454772392367,1.79666235401914
2023-08-29,4.880000114440918,5.0,4.610000133514404,4.909999847412109,246400,18.76832318655906,576905.0,0.023060824728355245,-1.0303099319770723,-0.8622277012792311,9.913090555132962,2.9669094877823827,1.577597924550372
2023-08-30,5.190000057220459,5.432000160217285,4.829999923706055,4.889999866485596,364200,25.811683812939236,590025.0,0.06352457694871516,-0.96753505264331,-0.883289171552047,9.763513522422018,2.8554865071418853,1.4157977646305278
2023-08-31,4.760000228881836,5.335999965667725,4.71999979019165,5.150000095367432,522100,20.25518244880027,613320.0,-0.08285160377607248,-0.941628394996938,-0.8949570162410252,9.59528456644625,2.7147154955425807,1.1367934471899235
2023-09-01,4.889999866485596,5.019999980926514,4.795000076293945,4.809999942779541,240600,22.43589175366526,620410.0,0.02731084692285779,-0.9002300067187461,-0.8960116143365695,9.412214428420924,2.6127856431046492,0.7126736954825755
2023-09-05,4.960000038146973,5.110000133514404,4.809999942779541,4.980000019073486,171900,29.28286527134462,625460.0,0.014314963920783352,-0.8519522813344258,-0.8871997477361409,9.178190805370518,2.5548092585256614,0.4071024323893434
2023-09-06,4.769999980926514,4.949999809265137,4.650000095367432,4.949999809265137,143400,36.74999755620898,627225.0,-0.038306462854674095,-0.8195756944288624,-0.8736749370746852,8.855875542566714,2.5371245117927232,0.29533458713862926
2023-09-07,4.5,4.78000020980835,4.380000114440918,4.769999980926514,166300,41.99999863760775,506240.0,-0.05660376981260895,-0.8064079887000783,-0.860221547399764,8.21405662700858,2.714943393018581,0.2925080957079996
2023-09-08,4.300000190734863,4.5289998054504395,4.230000019073486,4.460000038146973,158500,40.60773440636654,479725.0,-0.04444440205891931,-0.8028559762476792,-0.8487484331693471,7.75029434732255,2.791705684148703,0.3058702054602186
2023-09-11,4.53000020980835,4.739999771118164,4.3480000495910645,4.369999885559082,235500,46.321525266008926,482785.0,0.05348837415613694,-0.7725761247848366,-0.8335139714924451,7.051878948275743,3.0941211270645286,0.30705618315730365
2023-09-12,4.389999866485596,4.630000114440918,4.360000133514404,4.599999904632568,253200,43.58288705282489,473870.0,-0.03090515161999896,-0.7512164266697816,-0.8170544625279125,6.147805980958841,3.6041940886593835,0.31013289743215744
2023-09-13,4.230000019073486,4.53000020980835,4.230000019073486,4.460000038146973,206200,45.27777553340529,455560.0,-0.03644643559868643,-0.7386842700863623,-0.8013804240396024,5.533219759496626,3.937780315843644,0.32867365735895876
2023-09-14,4.28000020980835,4.369999885559082,4.25,4.269999980926514,135600,54.72313040028772,397645.0,0.011820376006952182,-0.7164589553246472,-0.7843961302966114,5.292469531362689,4.023530572587812,0.29356559089617157
2023-09-15,4.21999979019165,4.380000114440918,3.9260001182556152,4.260000228881836,401300,45.89551787356273,382180.0,-0.014018788942859906,-0.6956675432690842,-0.766650412891106,5.249632849451007,3.9823672392407037,0.31022236454626556
2023-09-18,4.099999904632568,4.460000038146973,4.079999923706055,4.21999979019165,293100,36.43724688540427,372040.0,-0.02843599325241486,-0.6810227806118139,-0.7495248864352477,5.221229570350276,3.922770506897344,0.3358080521901527
2023-09-19,4.090000152587891,4.380000114440918,4.0,4.139999866485596,278900,33.33333333333333,351400.0,-0.002438963970067154,-0.6625857213641053,-0.7321370534210192,5.210413196229019,3.8625868772039036,0.34618248132653356
2023-09-20,4.0,4.190000057220459,3.950000047683716,4.03000020980835,186900,22.32558129219315,342535.0,-0.022004926462152907,-0.6477693968452582,-0.715263522105867,5.188250114276355,3.79774997060066,0.3121143818289814
2023-09-21,4.019999980926514,4.190000057220459,3.9200000762939453,3.940000057220459,137400,28.735628088993153,327010.0,0.004999995231628418,-0.6271837378822775,-0.6976475652611491,5.190786934269568,3.7402131315339595,0.31457977299663464
2023-09-22,3.930000066757202,4.054999828338623,3.869999885559082,4.019999980926514,211200,21.764720484455182,298270.0,-0.022388038456798376,-0.6110874599061864,-0.6803355441901566,5.196512098766865,3.7284879727587086,0.29840234638884927
2023-09-25,3.7699999809265137,3.9700000286102295,3.75,3.9700000286102295,211700,16.7597830844324,264710.0,-0.040712489341688696,-0.6042759958611992,-0.6651236345243652,5.225806841766378,3.6321932221298012,0.26633141804984495
2023-09-26,3.549999952316284,3.8499999046325684,3.5199999809265137,3.700000047683716,199000,16.483523249408705,238170.0,-0.05835544554993932,-0.6096029024289207,-0.6540194881052763,5.238295849447137,3.4977042115880184,0.2732879091472686
2023-09-27,3.490000009536743,3.609999895095825,3.4600000381469727,3.549999952316284,137500,18.63354791494116,232725.0,-0.016901392559285133,-0.6116156833241755,-0.6455387271490561,5.217292745203542,3.3797073053411975,0.3017567947257983
2023-09-28,3.569999933242798,3.7200000286102295,3.5199999809265137,3.569999933242798,150800,25.503355060352675,222055.0,0.022922614179784473,-0.5998409088202701,-0.636399163483299,5.089832084345382,3.345167953801591,0.3203887016995055
2023-09-29,3.6500000953674316,3.742000102996826,3.619999885559082,3.6700000762939453,573600,17.164190257936752,224630.0,0.022409009417533987,-0.5773980849930771,-0.6245989477852546,5.0302371887531505,3.293762836042382,0.29640056238705836
2023-10-02,3.950000047683716,3.950000047683716,3.5,3.75,854200,35.33334170447323,255310.0,0.08219176561037433,-0.5293030207272462,-0.6055397623736529,4.91651178227311,3.3134882606422345,0.2680464652414822
2023-10-03,3.940000057220459,4.019000053405762,3.7699999809265137,3.8299999237060547,194200,39.259263707121754,256425.0,-0.002531643124693339,-0.48638747935106075,-0.5817093057691345,4.762280647521424,3.3657193973012696,0.25284318582007925
2023-10-04,3.9100000858306885,4.019999980926514,3.7799999713897705,4.0,99000,36.09022259867256,254205.0,-0.007614205825909215,-0.4496144748013684,-0.5552903395755813,4.637335590263189,3.4046644650499216,0.2278482598030897
2023-10-05,3.9000000953674316,3.940000057220459,3.8499999046325684,3.9100000858306885,75600,37.50000931322769,249670.0,-0.002557542261826362,-0.4164776246093469,-0.5275277965823344,4.56620347708663,3.4157965877632233,0.20502078868331522
2023-10-06,3.930000066757202,4.010000228881836,3.8499999046325684,3.950000047683716,106500,42.85714858147936,247070.0,0.007692300168250066,-0.3833763610761367,-0.49869750948109487,4.529366287493317,3.4156337649587707,0.1936577123045571
2023-10-09,3.869999885559082,4.329999923706055,3.8499999046325684,3.950000047683716,234900,41.12902326464957,247040.0,-0.015267221419573263,-0.3578597005565074,-0.4705299476961774,4.431733364856907,3.447266655170254,0.1798717683103041
2023-10-10,3.9200000762939453,4.090000152587891,3.880000114440918,3.880000114440918,158300,46.6666706403087,242295.0,0.012919946308380892,-0.3298012225345692,-0.4423842026638558,4.360209571763018,3.4717904692449784,0.1749160162593047
2023-10-11,3.8299999237060547,4.039999961853027,3.7699999809265137,4.039999961853027,140200,42.51968548282936,238995.0,-0.022959222152102332,-0.3112391653445119,-0.416155195199987,4.31604515354175,3.4759548779295018,0.16480594150713282
2023-10-12,3.569999933242798,3.8450000286102295,3.5299999713897705,3.7899999618530273,235800,37.5,244005.0,-0.0678851163557389,-0.31389009794943235,-0.3957021757498761,4.263565882541868,3.4574341212728292,0.17104883296993945
2023-10-13,3.6700000762939453,3.696000099182129,3.509999990463257,3.549999952316284,120400,46.37681660194239,229960.0,0.028011245075938218,-0.30441272492699145,-0.3774442855852992,4.206777358952727,3.4592226734722002,0.17334621734111494
2023-10-16,3.509999990463257,3.6700000762939453,3.4000000953674316,3.6700000762939453,272600,48.48485067418239,228935.0,-0.043596752726027255,-0.30628188140100887,-0.36321180474844117,4.1816548803237135,3.425345160684282,0.1774932534580409
2023-10-17,3.5399999618530273,3.700000047683716,3.4800000190734863,3.5899999141693115,105100,51.93798163068982,220245.0,0.008547000419168338,-0.30186276831222614,-0.35094199746119814,4.14634271435074,3.4056573075837693,0.17195070059321627
2023-10-18,3.3299999237060547,3.569999933242798,3.309999942779541,3.5,138300,41.549300149515226,217815.0,-0.05932204531353924,-0.3117126084702062,-0.3430961196629998,4.147150665556813,3.337849348748302,0.20251716215544235
2023-10-19,3.0999999046325684,3.3980000019073486,3.0299999713897705,3.3499999046325684,243600,32.48407759382603,223125.0,-0.06906907637929094,-0.33422501913579383,-0.34132189955755865,4.171397305736879,3.221602700938841,0.26683847665924637
2023-10-20,3.0899999141693115,3.2200000286102295,3.0199999809265137,3.119999885559082,162400,16.406262805678523,220685.0,-0.0032258034744817587,-0.3488518356299952,-0.34282788677204595,4.1874748530003325,3.1215251384165983,0.3042384260131846
2023-10-23,2.8299999237060547,3.059999942779541,2.75,3.049999952316284,331300,13.725502112418837,226665.0,-0.08414239407289847,-0.3770768126281623,-0.34967767194326926,4.251758123473262,2.9632418622216226,0.36216994353117465
2023-10-24,2.859999895095825,2.9100000858306885,2.7899999618530273,2.880000114440918,166500,15.686283676219617,225040.0,0.01060069688994325,-0.3925000668306402,-0.35824215092074346,4.29894339755269,2.84705658242015,0.39398573878298326
2023-10-25,2.890000104904175,2.9100000858306885,2.7699999809265137,2.8299999237060547,103700,17.41937419005025,223350.0,0.010489584233828841,-0.3977176986361246,-0.3661372604638197,4.330376792026282,2.7556231974833008,0.40666968967972583
2023-10-26,2.7799999713897705,2.928999900817871,2.7100000381469727,2.880000114440918,222900,14.72394657087024,226955.0,-0.0380623285541547,-0.4060481308024122,-0.37411943453153823,4.361288535341687,2.6457114579825936,0.41276141520245574
2023-10-27,2.6700000762939453,2.9000000953674316,2.6500000953674316,2.799999952316284,591200,14.285736586761473,227835.0,-0.039568307995641594,-0.4167224139511374,-0.3826400304154581,4.385859548376263,2.5231404430406688,0.41925955733295345
2023-10-30,2.9600000381469727,3.0199999809265137,2.6700000762939453,2.8299999237060547,750800,25.00000620881538,222665.0,0.108614214818884,-0.39720258283492704,-0.3855525408993519,4.330691808584797,2.479308181878459,0.3789495202368757
2023-10-31,2.990000009536743,3.0,2.7799999713897705,2.930000066757202,273400,27.41936166130033,226625.0,0.010135125338900819,-0.3749895825864624,-0.38343994923677405,4.264916829748752,2.4500831559461336,0.33319382977045986
2023-11-01,2.990000009536743,3.0299999713897705,2.890000104904175,2.950000047683716,168100,31.87500670552093,230080.0,0.0,-0.35331284925690776,-0.37741452924080077,4.193919525063888,2.429080453001603,0.30918272176039785
2023-11-02,3.2100000381469727,3.259999990463257,2.890000104904175,2.9800000190734863,420400,36.627907943828596,247320.0,0.07357860465168198,-0.3147534365396951,-0.36488231070057964,4.115396951486189,2.438603020857256,0.2634565101129276
2023-11-03,3.4100000858306885,3.5799999237060547,3.240000009536743,3.240000009536743,439700,47.15909398784282,263980.0,0.0623053100644726,-0.26500171694272545,-0.3449061919490088,4.034592243022877,2.467407731227916,0.2512004092994285
2023-11-06,3.2100000381469727,3.51200008392334,3.140000104904175,3.509999990463257,297200,41.45078053042072,267095.0,-0.05865103890019263,-0.23895690662422542,-0.32371633488405216,3.945406352376172,2.4905936371334105,0.2140606897986185
2023-11-07,3.1700000762939453,3.2699999809265137,3.0299999713897705,3.2200000286102295,184800,45.45455038054851,268420.0,-0.012461047158154548,-0.2190191529712351,-0.30277689850148876,3.828524510365493,2.5324754791440895,0.2002251639237572
2023-11-08,3.109999895095825,3.2799999713897705,3.0799999237060547,3.259999990463257,180600,50.31446503157545,270440.0,-0.018927501499705457,-0.20568880028488268,-0.2833592788581676,3.716089655718113,2.572910330930447,0.20058295680833899
2023-11-09,3.009999990463257,3.1500000953674316,2.880000114440918,3.1500000953674316,250600,47.61905032220562,271180.0,-0.03215431125584878,-0.2008779602274049,-0.26686301513201505,3.654186087416572,2.5788139049540337,0.19932993961330903
2023-11-10,2.8499999046325684,3.0390000343322754,2.819999933242798,3.0199999809265137,304100,50.63291062836559,280365.0,-0.053156174862998395,-0.20758311563066156,-0.25500703523174434,3.5576650666457703,2.5933349085586976,0.1980357021016333
2023-11-13,2.740000009536743,2.940000057220459,2.552000045776367,2.9000000953674316,401100,46.38554632170473,286790.0,-0.038596455711112254,-0.21924574336871316,-0.2478547768591381,3.4954688385905515,2.5785311385212646,0.207307449487041
2023-11-14,3.0399999618530273,3.1500000953674316,2.740000009536743,2.740000009536743,516600,53.88600652229208,307365.0,0.10948903331099102,-0.20195298265541828,-0.23867441801839415,3.40480904551825,2.6191909315935664,0.2050891142891267
2023-11-15,3.0399999618530273,3.380000114440918,3.0,3.0799999237060547,433900,57.14285714285714,322145.0,0.0,-0.1861030649153106,-0.22816014739777746,3.3612162124668568,2.6337837684596566,0.19413942095197168
2023-11-16,2.9700000286102295,3.246999979019165,2.930000066757202,3.130000114440918,280900,58.42696508815259,324010.0,-0.02302629411880963,-0.17714824580593014,-0.217957767079408,3.351636888056599,2.630363105267681,0.16603987304387155
2023-11-17,2.990000009536743,3.0799999237060547,2.9000000953674316,3.009999990463257,258500,50.99337654235901,328815.0,0.0067340002470883675,-0.1665181383864267,-0.20766984134081176,3.3436178841154067,2.6283821187456162,0.16497921376099298
2023-11-20,2.9800000190734863,3.2300000190734863,2.9200000762939453,3.009999990463257,328700,49.6644298523741,328685.0,-0.0033444784051376297,-0.15708978408176,-0.19755382988900144,3.343554163417558,2.6434458489802086,0.1652903146242011
2023-11-21,2.9000000953674316,3.049999952316284,2.8010001182556152,3.049999952316284,188700,47.133760573370886,329795.0,-0.02684561181007228,-0.15429446013207082,-0.18890195593761533,3.34278877504178,2.6482112573831462,0.16955827012933597
2023-11-22,2.9100000858306885,2.9800000190734863,2.8499999046325684,2.9800000190734863,111200,38.97058913761363,330170.0,0.0034482724601392345,-0.14954833004755885,-0.18103123075960406,3.3426229159720027,2.6503771145455755,0.1660216599300618
2023-11-24,3.0299999713897705,3.0899999141693115,2.890000104904175,2.890000104904175,102900,35.156242433002504,324170.0,0.04123707285899503,-0.13455295714418103,-0.17173557603651946,3.3399253604593744,2.678074670058204,0.12363763002076186
2023-11-27,2.950000047683716,3.0999999046325684,2.890000104904175,3.059999942779541,260000,38.79310008178171,307610.0,-0.026402615333808388,-0.12765283887285328,-0.16291902860378624,3.314933698732509,2.7310663289240464,0.10757312123552755
2023-11-28,3.0299999713897705,3.0999999046325684,2.9000000953674316,3.0,244400,44.16666020949451,282290.0,0.027118617767097675,-0.11441026980198155,-0.1532172768434253,3.3169280306518374,2.7360719903289974,0.09398676670541846
2023-11-29,2.880000114440918,3.180000066757202,2.809999942779541,3.0399999618530273,391400,41.08527461308246,288190.0,-0.04950490375089078,-0.11469701743978788,-0.1455132249626978,3.318420517764066,2.723579513707186,0.08707706124880822
2023-11-30,2.8499999046325684,2.9000000953674316,2.7699999809265137,2.880000114440918,179200,43.44261702399176,288745.0,-0.010416739102864003,-0.11600776788215628,-0.1396121335465895,3.3209305092311294,2.707069511749706,0.08927054109581911
2023-12-01,2.940000057220459,2.9800000190734863,2.8299999237060547,2.8499999046325684,192700,53.91305141052624,277360.0,0.0315790019647364,-0.1085331839153807,-0.13339634362034775,3.294616012647834,2.7063840102403494,0.08544966666808314
2023-12-04,3.3299999237060547,3.556999921798706,2.9800000190734863,3.0,1239900,70.62937354416655,317370.0,0.13265301322963574,-0.07032908252472136,-0.12078289140122248,3.268511974916664,2.724488031759056,0.11588167854321689
2023-12-05,3.130000114440918,3.440000057220459,3.069999933242798,3.299999952316284,330300,53.38346579014639,319025.0,-0.06006000415836377,-0.055550023968863105,-0.1077363179147506,3.253419414210221,2.731580600094894,0.12132281422999762
2023-12-06,3.240000009536743,3.2899999618530273,3.0999999046325684,3.2300000190734863,190500,56.94444927352667,319310.0,0.03514373516739422,-0.03456302037507486,-0.09310165840681546,3.2685628609800075,2.7234371466493874,0.1376988864968976
2023-12-07,3.184999942779541,3.380000114440918,3.0899999141693115,3.2799999713897705,364200,57.54385941429987,328490.0,-0.016975329196084243,-0.022113800430373143,-0.078904086811527,3.2808469848240853,2.7186530275736804,0.14478714204828136
2023-12-08,3.059999942779541,3.2200000286102295,3.0199999809265137,3.2200000286102295,338600,52.28758027345841,332890.0,-0.03924646852298308,-0.022079638930331935,-0.06753919723528799,3.284617316680685,2.719882690948709,0.1447074260877831
2023-12-11,3.009999990463257,3.1600000858306885,2.940000057220459,3.1600000858306885,397300,50.95541343238591,337550.0,-0.0163398540036791,-0.025789854590227534,-0.059189328706275905,3.2833698546555348,2.737130161556929,0.14413675491704186
2023-12-12,2.859999895095825,3.069999933242798,2.809999942779541,3.009999990463257,396600,48.780481422463716,337325.0,-0.04983391888461297,-0.040368636807886826,-0.055425190326598095,3.268875656937119,2.7636243478312523,0.1473115186831309
2023-12-13,2.9000000953674316,2.990000009536743,2.759999990463257,2.9100000858306885,459200,49.70059905886041,334455.0,0.013986084524057807,-0.048139819015919905,-0.05396811606446246,3.266814986465302,2.75168503165451,0.14795537537897827
2023-12-14,2.880000114440918,3.0399999618530273,2.8299999237060547,3.0399999618530273,525400,45.222934288951485,339030.0,-0.00689654492027858,-0.05527519023269445,-0.05422953089810886,3.2646662918674214,2.7378337415111793,0.15315588389671322
2023-12-15,2.799999952316284,3.0799999237060547,2.799999952316284,2.9700000286102295,694600,45.222927421444126,359715.0,-0.02777783296726144,-0.06661744340412445,-0.05670711339931198,3.2709675203620874,2.714532505387119,0.1631611536945174
2023-12-18,2.7100000381469727,2.9800000190734863,2.7100000381469727,2.890000104904175,1154900,39.873420873182305,404535.0,-0.0321428270364289,-0.08192413128237952,-0.0617505169759255,3.284379183650758,2.673120844959471,0.18108834678721347
2023-12-19,2.740000009536743,2.819999933242798,2.619999885559082,2.809999942779541,845000,45.205476767665225,430350.0,0.011070099987999793,-0.09058978211564694,-0.06751837000386979,3.290482733512412,2.6430172941441428,0.19087025000722851
2023-12-20,2.5899999141693115,2.859999895095825,2.569999933242798,2.7200000286102295,1320100,41.77215304479357,486920.0,-0.05474456016253537,-0.10831256707568704,-0.07567720941823323,3.3155788703434417,2.586921139193301,0.21498178963562603
2023-12-21,2.559999942779541,2.819999933242798,2.4800000190734863,2.630000114440918,1317400,37.49999607864174,547230.0,-0.011583000920443065,-0.12335676876976676,-0.08521312128853994,3.337871860703357,2.5296281345282714,0.23964402960373857
2023-12-22,2.5,2.6700000762939453,2.4600000381469727,2.5799999237060547,970600,15.126055302689409,590615.0,-0.023437478172126713,-0.13852408155785811,-0.09587531334240358,3.352239362743453,2.4622606353491987,0.2352264081580817
2023-12-26,2.430000066757202,2.5399999618530273,2.2300000190734863,2.5399999618530273,1132300,16.981135470538106,634230.0,-0.02799997329711912,-0.1544127220743592,-0.10758279508879472,3.373931965907608,2.3885680340923923,0.24943149102486026
2023-12-27,2.5299999713897705,2.5789999961853027,2.380000114440918,2.430000066757202,864600,16.190480515529003,665240.0,0.04115222299809096,-0.15712419764139174,-0.11749107559931413,3.3675422218067754,2.344957778193225,0.22853720750617662
2023-12-28,2.430000066757202,2.509999990463257,2.3499999046325684,2.5,921300,15.525120717093401,691735.0,-0.03952565445193934,-0.1654351843082873,-0.12707989734110878,3.3791120081214943,2.288387987110134,0.21103095294880195
2023-12-29,2.555000066757202,2.559999942779541,2.4000000953674316,2.4600000381469727,789500,26.940645532983083,722250.0,0.05144032780493313,-0.16008982988140152,-0.13368188384916735,3.378290891557164,2.259709119886928,0.18944866314432893
2024-01-02,2.359999895095825,2.640000104904175,2.3499999046325684,2.630000114440918,914400,23.79032397617506,758335.0,-0.07632100452696677,-0.1696330578574683,-0.14087211865082755,3.3820615130605023,2.1979384821711263,0.18135821402412186
2024-01-03,2.240000009536743,2.3550000190734863,2.2200000286102295,2.3299999237060547,817400,24.38017082592134,737210.0,-0.050847411395418596,-0.18474944605588073,-0.1496475841318382,3.3188740458422767,2.1521259579724203,0.19641745560416088
2024-01-04,2.109999895095825,2.369999885559082,2.0889999866485596,2.25,1203000,19.61537579812915,780845.0,-0.05803576512832398,-0.2048577428498568,-0.16068961587544195,3.3001118097383997,2.0688881721417887,0.21255028037740825
2024-01-05,2.299999952316284,2.4600000381469727,2.0999999046325684,2.1600000858306885,1450200,30.272103713053028,843830.0,0.09004742496057339,-0.203120845541513,-0.16917586180865618,3.217014318862661,2.057985657295481,0.19511797056059932
2024-01-08,2.2899999618530273,2.4200000762939453,2.200000047683716,2.3499999046325684,1431600,31.785712765187483,897200.0,-0.004347822030685733,-0.20024298112843741,-0.17538928567261244,3.1310071966866495,2.0544927813788414,0.17971782670545955
2024-01-09,2.299999952316284,2.3399999141693115,2.1700000762939453,2.25,928300,34.46969293311041,926685.0,0.004366808135300104,-0.1949085527208001,-0.17929313908224997,3.060438466112979,2.049061512906186,0.16765555651567748
2024-01-10,2.8299999237060547,3.119999885559082,2.319999933242798,2.3499999046325684,4874700,52.47252520523321,1150555.0,0.23043477494685072,-0.14622877715984028,-0.17268026669776804,3.0229267557369086,2.068573216606536,0.18183323632601295
2024-01-11,2.390000104904175,2.8499999046325684,2.299999952316284,2.8499999046325684,2528700,45.26066725574521,1257160.0,-0.15547697196601817,-0.14152262769701762,-0.16644873889761796,2.980168389719752,2.064331603604528,0.17609196976398783
2024-01-12,2.559999942779541,2.7799999713897705,2.4000000953674316,2.4100000858306885,1831300,50.0,1325765.0,0.07112963615630563,-0.12266143945321506,-0.1576912790087374,2.928016286549031,2.08248369151646,0.17609196976398783
2024-01-16,2.5899999141693115,2.677999973297119,2.4800000190734863,2.640000104904175,936100,52.02702550316802,1346300.0,0.011718739086063357,-0.10409314394389257,-0.14697165199576845,2.877780173274035,2.1037197847642948,0.1809669559142469
2024-01-17,2.5899999141693115,2.680000066757202,2.4800000190734863,2.509999990463257,1016700,53.72092734419842,1362405.0,0.0,-0.08835908741728504,-0.13524913908007177,2.8425594599258233,2.1179404942978097,0.18644630436614362
2024-01-18,2.569999933242798,2.615000009536743,2.490000009536743,2.5799999237060547,718100,50.966182795897076,1340565.0,-0.00772200061362871,-0.07662033405961033,-0.12352337807597949,2.822026398207164,2.1244735455260515,0.18832875018982062
2024-01-19,2.609999895095825,2.634999990463257,2.490000009536743,2.559999942779541,783900,54.47760822247659,1337510.0,0.015564187895738879,-0.06335925872774784,-0.11149055420633316,2.7990509351091033,2.1344489971800202,0.19389195525467723
2024-01-22,2.799999952316284,3.1600000858306885,2.700000047683716,2.7100000381469727,3630200,55.90361224288134,1453015.0,0.07279695971538858,-0.037090784786591335,-0.0966106003223848,2.8380017238340276,2.116498212269793,0.21413253497488038
2024-01-23,2.7699999809265137,2.950000047683716,2.6600000858306885,2.799999952316284,1464100,60.732988737278774,1460350.0,-0.01071427567880967,-0.01848054468958038,-0.08098458919582394,2.8702139208147615,2.105286019103757,0.2260567274458409
2024-01-24,2.640000104904175,2.867000102996826,2.5999999046325684,2.8399999141693115,1022300,60.41667132328052,1462935.0,-0.046931363508116775,-0.014059628231429588,-0.06759959700294507,2.883235222226414,2.1062647281825218,0.21621748514032235
2024-01-25,2.569999933242798,2.75,2.5,2.7300000190734863,974300,62.365594705773475,1455035.0,-0.026515215484780308,-0.016019782839980845,-0.05728363417035223,2.890367964262923,2.113131972794572,0.1802638382072206
2024-01-26,2.569999933242798,2.690000057220459,2.5299999713897705,2.5799999237060547,605000,58.08383370314395,1442055.0,0.0,-0.01737295487984314,-0.04930149831225041,2.893390486929821,2.114109446312977,0.16429000224046283
2024-01-29,3.049999952316284,3.2200000286102295,2.630000114440918,2.680000066757202,3313800,67.75701220915018,1561680.0,0.1867704402886219,0.020055449799971647,-0.035430108689806006,2.9924038746817287,2.0770960471169775,0.18621149498583295
2024-01-30,3.4000000953674316,3.5,2.950000047683716,3.059999942779541,3481200,72.17742420043007,1696265.0,0.11475414705673814,0.07707138567798077,-0.012929809816248649,3.176547199184257,1.9774527254754724,0.25498116425116024
2024-01-31,3.7799999713897705,4.0,3.369999885559082,3.4600000381469727,3839200,70.38626987124474,1842505.0,0.11176466628342041,0.15117706474455073,0.01989156509591123,3.443608995436098,1.8523909368530251,0.3834294484742419
2024-02-01,3.690000057220459,4.050000190734863,3.609999895095825,3.869999885559082,1869400,82.82828526087752,1895105.0,-0.023809501283202916,0.2003347738259973,0.05598020684192845,3.6173829244405975,1.8236170126168978,0.4360745571390716
2024-02-02,3.740000009536743,3.8299999237060547,3.4200000762939453,3.700000047683716,1454200,81.72043369111077,1907665.0,0.013550122368818363,0.24055423128169506,0.09289501172988178,3.7594879595182085,1.844511988983378,0.48291984008764127
2024-02-05,3.6600000858306885,3.940000057220459,3.5799999237060547,3.7699999809265137,1296600,78.01047793566943,1899985.0,-0.02139035387755628,0.26294208316608403,0.12690442601712223,3.869621019696001,1.8703789421570265,0.5048817035845196
2024-02-06,3.619999885559082,4.010000228881836,3.4600000381469727,3.8299999237060547,2085900,76.41025503084586,1932700.0,-0.010929016211355558,0.274295032818328,0.1563825473773634,3.9505128904974596,1.9224870637261728,0.5106218186454422
2024-02-07,3.5,3.6700000762939453,3.359999895095825,3.6700000762939453,1224300,72.68292898510558,1947500.0,-0.033149140705165725,0.2704912841785547,0.1792042947376017,3.9938074476789676,1.9991925113130367,0.49595065805634003
2024-02-08,3.7799999713897705,3.9800000190734863,3.380000114440918,3.5199999809265137,2098100,75.54585361973548,1808670.0,0.07999999182564865,0.2867647975297274,0.20071639529602683,4.096863780552394,1.9911361832079824,0.4926342181747285
2024-02-09,4.989999771118164,5.480000019073486,3.8299999237060547,3.8499999046325684,8989700,83.0815712145915,2131720.0,0.3201057695467442,0.3927709267999515,0.23912730159681178,4.494819469617283,1.8531804607644917,0.6572419538349439
2024-02-12,5.300000190734863,6.820000171661377,5.019999980926514,6.139999866485596,18753800,85.23677022666101,2977845.0,0.0621243354380423,0.496077518228383,0.29051734492312603,4.904022965436122,1.7179769897411852,0.7996939708854057
2024-02-13,5.150000095367432,6.03000020980835,4.869999885559082,5.159999847412109,9376700,84.76453922246095,3399875.0,-0.028301903767787184,0.5593966062614797,0.34429319719079676,5.1915068187969755,1.6864931545001434,0.8496140318360415
2024-02-14,4.980000019073486,5.340000152587891,4.650000095367432,4.78000020980835,5324200,82.47978310208768,3615250.0,-0.03300972294095006,0.5890694286199563,0.3932484434766287,5.391349707859213,1.725650275928324,0.8314177841201739
2024-02-15,6.699999809265137,6.960000038146973,5.130000114440918,5.300000190734863,22997100,88.02946432087961,4729200.0,0.3453814826514099,0.7428122849147356,0.46316121176425007,6.012613909933021,1.5173860614567491,1.0182628770653195
2024-02-16,7.320000171661377,8.729999542236328,7.170000076293945,7.829999923706055,15398600,88.33034026009881,5459935.0,0.09253737015617047,0.9042597108078976,0.5513809115729795,6.683416545166571,1.3175834538797542,1.2483626689403777
2024-02-20,10.989999771118164,12.050000190734863,8.770000457763672,9.489999771118164,64341100,92.68841276569793,8495480.0,0.5013660537420219,1.3132084061417384,0.7037464104867313,8.468747463810125,0.3512525171163903,2.0827707229001837
2024-02-21,9.319999694824219,13.25,8.0,12.890000343322754,36044400,77.21021457320674,10224495.0,-0.15195633403766973,1.4854250883525886,0.8600821460599026,9.268612765049006,0.20638718726727845,2.327513806888886
2024-02-22,8.279999732971191,10.279999732971191,8.1899995803833,9.0,39840100,70.61994442298035,12165385.0,-0.11158798239345247,1.5204618072206477,0.9921580782920517,9.70051399027569,0.338485924847296,2.3784786254820602
2024-02-23,9.59000015258789,11.850000381469727,9.34000015258789,11.600000381469727,98812900,73.60774765286156,17057315.0,0.15821261616715288,1.6350864858790564,1.1207437598094527,10.323051470178399,0.41794846687909537,2.497852647417358
2024-02-26,6.269999980926514,7.64900016784668,5.929999828338623,7.630000114440918,45448100,58.34932743617289,19299470.0,-0.34619396442506467,1.4414153630329816,1.1848780804541585,10.3411955447391,0.7698043970867658,2.3864282686921707
2024-02-27,6.704999923706055,6.71999979019165,4.900000095367432,5.159999847412109,35181400,59.625584798723544,20892850.0,0.06937798151560148,1.3079531925572683,1.2094931028747806,10.398599146689564,1.0779007922752797,2.2469912462998787
2024-02-28,5.880000114440918,7.210000038146973,5.829999923706055,6.559999942779541,25492600,57.11297084247745,21993420.0,-0.12304247854623906,1.122671413894949,1.1921287650788144,10.390749647142542,1.3337502937296497,2.0751071450380616
2024-02-29,6.03000020980835,6.28000020980835,5.53000020980835,5.659999847412109,11465100,56.77710889878785,22374715.0,0.025510219804084855,0.9766794705404491,1.1490389061711412,10.395966040597497,1.5535339241165547,1.9028747387623632
2024-03-01,5.849999904632568,6.0,5.53000020980835,5.75,7145300,52.7617214879805,22638510.0,-0.029850795839607813,0.83680906925962,1.0865929387888371,10.372546183952881,1.7929537655023795,1.8472954155393702
2024-03-04,5.329999923706055,5.849999904632568,5.150000095367432,5.800000190734863,8209500,50.0950561839854,22976275.0,-0.08888888707754161,0.6762062313815322,1.0045155973073763,10.326329952422487,1.9981699884497042,1.84515533904094
2024-03-05,5.300000190734863,5.465000152587891,5.0329999923706055,5.179999828338623,4320500,50.47892749764238,23127470.0,-0.005628467804992376,0.5402786021359658,0.9116681982730942,10.262908042831445,2.2255919085311655,1.8338107696705896
2024-03-06,4.900000095367432,5.449999809265137,4.820000171661377,5.190000057220459,5059500,49.74826959730158,23276150.0,-0.07547171339100844,0.39571673569333665,0.8084779057571427,10.189352903657355,2.4271470686860885,1.8408312566696872
2024-03-07,5.119999885559082,5.130000114440918,4.460000038146973,4.679999828338623,6462000,44.51007683804815,23538035.0,0.04489791549180633,0.29549626250493155,0.7058815771067006,10.086859724790514,2.691640236108839,1.9099661578532647
2024-03-08,5.46999979019165,5.550000190734863,4.949999809265137,5.110000133514404,4388600,43.449007094675075,23652560.0,0.06835935790149916,0.2415286902909175,0.613010999743544,9.993245748224354,2.9542541945551863,1.9438854204476972
2024-03-11,5.949999809265137,6.170000076293945,5.25,5.380000114440918,5473700,26.944191120166792,23476760.0,0.08775137796790822,0.23478454047336772,0.5373657078895088,9.981724404503243,3.061775542090995,1.5281003460615994
2024-03-12,5.809999942779541,5.96999979019165,5.670000076293945,5.829999923706055,2583700,31.329788742371946,22668255.0,-0.023529390079574886,0.21565697459497368,0.4730239612306018,9.976694296563728,3.1178056252349773,1.2858979946892748
2024-03-13,5.289999961853027,5.820000171661377,5.283999919891357,5.800000190734863,3448800,33.16441592013193,22371860.0,-0.0895008581837855,0.15673188063235077,0.40976554511095165,9.97223829824889,3.136261610198376,1.1510700725830463
2024-03-14,5.070000171661377,5.379000186920166,5.039999961853027,5.309999942779541,2722000,20.988444931089077,22241750.0,-0.041587862339905746,0.0912295373627865,0.3460583435613186,9.96823796406506,3.1492619596409948,0.5126033539970305
2024-03-15,5.489999771118164,5.980000019073486,5.070000171661377,5.110000133514404,5323200,42.024535958844176,21358055.0,0.08284015487896101,0.0723746263548346,0.29132160012002184,9.939974146057486,3.0565257738338727,0.48036227720759167
2024-03-18,5.320000171661377,5.639999866485596,5.28000020980835,5.480000019073486,2243600,35.02702507648729,20700305.0,-0.03096531995340368,0.043216256504702955,0.24170053139695807,9.855628330182306,2.940871589709052,0.3594355840906765
2024-03-19,5.489999771118164,5.590000152587891,5.050000190734863,5.25,3143800,45.08815485563358,17640440.0,0.03195481089687591,0.033440108498962395,0.20004844681735895,8.838013175490524,3.408486744400835,0.34123881716314164
2024-03-20,5.605000019073486,5.889999866485596,5.380000114440918,5.440000057220459,3388100,44.59974140511301,16007625.0,0.020947222723089354,0.03457345837695236,0.16695344912927765,8.20240498206595,3.6725949702503327,0.30328708827457124
2024-03-21,6.230000019073486,6.25,5.230000019073486,5.704999923706055,10281200,54.33790262545776,14529680.0,0.1115075821361573,0.08492496089244916,0.15054775148191196,7.822044925752154,3.84795505517436,0.35630828774943263
2024-03-22,6.400000095367432,6.909999847412109,5.820000171661377,6.039999961853027,10699800,63.27544196492961,10124025.0,0.027287331584828323,0.13696759760020516,0.1478317207055706,6.645040829911719,4.705959145292749,0.43370320386003147
2024-03-25,6.150000095367432,6.670000076293945,6.084000110626221,6.409999847412109,4626300,60.00000224394032,8082935.0,-0.03906249941792339,0.15623783892280407,0.1495129443490173,6.624932656393661,4.714067330254899,0.4575971939909166
2024-03-26,7.130000114440918,7.309999942779541,6.139999866485596,6.205999851226807,10146800,73.08489352756045,6831205.0,0.1593495941262968,0.247731757846112,0.16915670704843624,6.7557742639871154,4.6257257417349305,0.5718580349639396
2024-03-27,6.880000114440918,7.25,6.679999828338623,7.164999961853027,7190800,68.10700307177402,5916115.0,-0.0350631130417034,0.29664885377923156,0.1946551363945953,6.9298508960969585,4.551649109625087,0.6141747591958249
2024-03-28,6.25,6.690000057220459,6.099999904632568,6.513999938964844,6930400,57.587552283953066,5689380.0,-0.09156978255255643,0.2813371807369105,0.21199154526305836,6.9560898919252505,4.54741009281596,0.6097276146334188
2024-04-01,6.650000095367432,6.860000133514404,6.369999885559082,6.599999904632568,5668700,56.91700025641782,5615550.0,0.06400001525878896,0.2980435735024427,0.22920195091093523,7.06121026905756,4.522289734757137,0.6391990806646073
2024-04-02,6.349999904632568,6.610000133514404,6.25,6.5,2684500,55.172414108096994,5339300.0,-0.045112809989860225,0.28380448055639107,0.24012245684002642,7.116052737356052,4.569447264551297,0.6442157383545745
2024-04-03,5.980000019073486,6.420000076293945,5.909999847412109,6.420000076293945,7039900,56.80473534169902,5475270.0,-0.058267699388334315,0.23989859657335888,0.24007768478669295,7.125101709903581,4.62839827483763,0.6093760621355842
2024-04-04,5.699999809265137,6.400000095367432,5.630000114440918,6.369999885559082,13778800,56.14034777883566,5911235.0,-0.04682277741058127,0.1804293135070889,0.22814801053077216,7.081812871284569,4.751687084846413,0.5501475250815397
2024-04-05,5.519999980926514,5.699999809265137,5.460000038146973,5.690000057220459,4349700,50.3067506199127,5805620.0,-0.031578918309091875,0.11742143518590886,0.20600269546179953,7.057099053060323,4.816400912607401,0.5475737432185749
2024-04-08,5.119999885559082,5.420000076293945,4.920000076293945,5.409999847412109,6150600,48.046872344275656,5893720.0,-0.07246378564303779,0.03480931282307065,0.17176401893405374,7.080484781250501,4.758015193953966,0.5720617319551743
2024-04-09,5.079999923706055,5.269999980926514,5.0,5.170000076293945,2818100,45.89178569278504,5760940.0,-0.007812492724042275,-0.03350285194319014,0.13071064475860497,7.095824606795512,4.655675379853047,0.6148060540069015
2024-04-10,5.0,5.110000133514404,4.900000095367432,4.960000038146973,2800500,43.89505580052869,5771780.0,-0.015748016714081325,-0.0930237401674594,0.0859637677733921,7.116743761319639,4.553756231050966,0.6692115067354454
2024-04-11,5.239999771118164,5.400000095367432,4.989999771118164,5.139999866485596,3208100,39.16848784717422,5759745.0,0.0479999542236329,-0.11945153421217647,0.04488070737627838,7.118909100356036,4.546590872941084,0.6982888032690003
2024-04-12,5.079999923706055,5.264999866485596,4.980000019073486,5.21999979019165,1998300,35.526313725600914,5723560.0,-0.030534323358943016,-0.1515593204030239,0.005592701820417927,7.1181677794996014,4.548332169001985,0.7230875486790755
2024-04-15,4.860000133514404,5.119999885559082,4.849999904632568,5.050000190734863,2036500,35.761588985713615,5559225.0,-0.04330704596372359,-0.19253766241509584,-0.03403337102668483,7.151359289677324,4.452140695063886,0.7651417106400731
2024-04-16,5.039999961853027,5.284999847412109,4.690000057220459,4.75,2818100,21.983908725430737,5587950.0,0.03703700069828186,-0.20809007896830956,-0.06884471261500978,7.163948038036887,4.411551925723488,0.6793634255630642
2024-04-17,5.010000228881836,5.150000095367432,4.909999847412109,5.039999961853027,1572600,23.361819491422494,5509390.0,-0.005952328015526698,-0.22029676489267924,-0.09913512307054367,7.178026437857435,4.349473571679308,0.5918271183959227
2024-04-18,5.309999942779541,5.320000171661377,4.974999904632568,5.010000228881836,1661500,35.22011965617929,5423060.0,0.059880179679085765,-0.20341830215904722,-0.11999175888824438,7.176340626932366,4.321659374974982,0.5510648983056785
2024-04-19,5.199999809265137,5.5,5.130000114440918,5.210000038146973,1839200,24.91348042252737,5000960.0,-0.020715656252309533,-0.19665121748103687,-0.13532365060680288,7.126093422268522,4.268906558657991,0.4247616973050912
2024-04-22,5.159999847412109,5.239999771118164,5.03000020980835,5.150000095367432,1653200,27.37641344666953,4548630.0,-0.0076923006385033466,-0.19229921114345228,-0.14671876271413276,7.043200315815317,4.2277996403156655,0.305178712980619
2024-04-23,5.5,5.550000190734863,5.135000228881836,5.139999866485596,2372100,40.76922667802273,4435920.0,0.06589150438801084,-0.15957555627202602,-0.1492901214257114,6.990555264670197,4.2154446819240405,0.23372750382034527
2024-04-24,5.449999809265137,5.570000171661377,5.329999923706055,5.5,1591000,44.7257360196111,4008130.0,-0.009090943769975102,-0.1361074594795646,-0.14665358903648204,6.706281734490558,4.331718181586103,0.19979242420101892
2024-04-25,5.429999828338623,5.5,5.159999847412109,5.340000152587891,1404300,47.9637966092333,3718805.0,-0.0036697213993499567,-0.11776513187300264,-0.14087589760378616,6.446105669710135,4.446894217756296,0.18930751700154091
2024-04-26,5.440000057220459,5.570000171661377,5.349999904632568,5.429999828338623,1461700,58.79121728456841,3445370.0,0.001841662835723401,-0.10125457053970432,-0.1329516321909698,6.331416501212419,4.480583391976057,0.20084431504314215
2024-04-29,5.510000228881836,5.730000019073486,5.360000133514404,5.480000019073486,1743900,61.62163346418436,3249130.0,0.012867678478875488,-0.08158098804587421,-0.1226775033619507,6.069552336654495,4.628447569885421,0.21355826341842804
2024-04-30,5.059999942779541,5.5,5.054999828338623,5.5,2004000,51.351350190316026,3215105.0,-0.08166974000173777,-0.10113497343868705,-0.11836899737729797,5.839760891477935,4.7292390188766795,0.2091282052812108
2024-05-01,5.159999847412109,5.258999824523926,4.96999979019165,5.079999923706055,2413800,48.07692484037417,2983800.0,0.01976282722596956,-0.10732531178500349,-0.11616026025883909,5.693682315240456,4.793317577948021,0.2100719214716081
2024-05-02,5.159999847412109,5.28000020980835,5.070000171661377,5.199999809265137,1459200,52.08333126372769,2367820.0,0.0,-0.11095221149468237,-0.11511865050600775,5.6129725341190495,4.820027362884125,0.20676071371885127
2024-05-03,5.570000171661377,5.590000152587891,5.21999979019165,5.230000019073486,2281300,66.82464058692084,2264400.0,0.07945742952974988,-0.07982280834711375,-0.10805948207422897,5.624067870494564,4.813932045582096,0.1944109498033231
2024-05-06,5.570000171661377,5.829999923706055,5.5,5.5,2067200,63.730569820173166,2060230.0,0.0,-0.05452401319335287,-0.09735238829805376,5.6725709001550655,4.8104290445318245,0.19448585013713784
2024-05-07,5.760000228881836,5.940000057220459,5.513999938964844,5.610000133514404,2056800,67.94257423483647,2022165.0,0.03411131981415849,-0.01892496384226927,-0.08166690340689688,5.757228327161564,4.793771648042903,0.20450434533536999
2024-05-08,5.860000133514404,5.89300012588501,5.650000095367432,5.760000228881836,2140100,64.55025961116354,1989145.0,0.017361093864397548,0.01715889871222842,-0.061901742983071814,5.847860200626309,4.789139787929599,0.24030784678228076
2024-05-09,6.070000171661377,6.099999904632568,5.724999904632568,5.820000171661377,2252700,71.85929238846151,1941375.0,0.035836183167632374,0.06198632798787962,-0.03712412878888153,5.984954881161518,4.735045147448711,0.28782637691087515
2024-05-10,5.769999980926514,6.110000133514404,5.760000228881836,6.059999942779541,1461800,63.55554990415579,1914550.0,-0.04942342376454201,0.07246949721373763,-0.015205403588357699,6.0304569338766125,4.758543100455663,0.28200333372328434
2024-05-13,6.070000171661377,6.159999847412109,5.869999885559082,5.909999847412109,2399500,62.895922915548745,1932700.0,0.051993100819159865,0.10378858236710631,0.008593393602735103,6.10688005777371,4.803119980373262,0.3174764174098991
2024-05-14,5.699999809265137,5.949999809265137,5.650000095367432,5.699999809265137,4044100,54.940708259153475,1994000.0,-0.06095557692463294,0.09762785285318376,0.026400285452824836,6.117873998480068,4.858126024408115,0.31767104530426526
2024-05-15,5.210000038146973,5.679999828338623,5.159999847412109,5.640999794006348,2949400,46.333338578539575,2062840.0,-0.08596487500257244,0.05260020151685829,0.03164026866563153,6.101728955499354,4.894271048315343,0.33086724008840684
2024-05-16,5.309999942779541,5.400000095367432,5.199999809265137,5.289999961853027,1359900,47.89643903075861,2047760.0,0.019193839520226685,0.02469989498168701,0.030252193928842628,6.101728955499354,4.894271048315343,0.3364227663922008
2024-05-17,5.139999866485596,5.264999866485596,5.099999904632568,5.25,1474900,44.20062311684884,2029545.0,-0.03201508062633951,-0.011002059472241754,0.02200134324862575,6.1055219673313275,4.884478042205416,0.35434595869700164
2024-05-20,5.190000057220459,5.244999885559082,5.025000095367432,5.150000095367432,1746200,52.329750390356885,2034195.0,0.009727663819775634,-0.03485967741060403,0.010629139116779793,6.10369476059209,4.889305269925488,0.3426112655352295
2024-05-21,5.119999885559082,5.199999809265137,5.010000228881836,5.179999828338623,1820100,49.27536332038848,2006595.0,-0.01348750884192973,-0.05873834131352673,-0.0032443569692815113,6.1075837170138945,4.8474163020595915,0.34615954992995696
2024-05-22,5.059999942779541,5.204999923706055,5.019999980926514,5.050000190734863,1532700,48.22695275306558,2003680.0,-0.011718739086063357,-0.08156363363796171,-0.018908212303017553,6.115222412676805,4.800777619748122,0.3554165661570624
2024-05-23,4.960000038146973,5.079999923706055,4.869999885559082,5.050000190734863,2139700,37.848606334561396,2040450.0,-0.01976282722596967,-0.10649439769602331,-0.03642544938161871,6.128518993524141,4.7404810598816205,0.3860201981105231
2024-05-24,5.130000114440918,5.170000076293945,4.949999809265137,5.0,1292200,41.79104610391239,2031975.0,0.03427420866663056,-0.11125217658192721,-0.05139079482168041,6.126223064132657,4.711776994995151,0.39634115604292586
2024-05-28,5.119999885559082,5.269999980926514,5.070000171661377,5.130000114440918,1237800,37.19999801635817,2006670.0,-0.001949362311646996,-0.11450968910610815,-0.06401457367856596,6.117581672380431,4.681418352415101,0.39518605948369917
2024-05-29,5.019999980926514,5.050000190734863,4.849999904632568,5.050000190734863,1709100,33.200003356932314,1991925.0,-0.01953123181010552,-0.12373411793071565,-0.0759584825289959,6.11977361914573,4.675226409464499,0.38489120953056977
2024-05-30,5.039999961853027,5.295000076293945,5.0,5.090000152587891,1530700,27.705631816214236,1947770.0,0.003984059960657982,-0.12795571903926817,-0.08635792983105035,6.124002000737578,4.658998039316744,0.33088959720106204
2024-05-31,5.010000228881836,5.139999866485596,4.980000019073486,5.059999942779541,1206100,31.372559102667466,1935115.0,-0.005952328015526698,-0.13219819753467554,-0.0955259833717754,6.129439610901624,4.638560467299669,0.30460568009122646
2024-06-03,4.940000057220459,5.090000152587891,4.869999885559082,5.059999942779541,1354300,18.784534462146254,1888765.0,-0.013972089513656583,-0.13959960380993763,-0.10434070745940785,6.117824273522283,4.58717579323492,0.19032210893738466
2024-06-04,4.900000095367432,4.949999809265137,4.804999828338623,4.949999809265137,1554200,22.97298298690147,1863115.0,-0.008097158176053498,-0.14699842786219453,-0.11287225153996519,6.102672966613678,4.53532709251413,0.11369175711011495
2024-06-05,4.710000038146973,4.880000114440918,4.650000095367432,4.880000114440918,2833600,28.813564801344853,1901955.0,-0.03877552112704841,-0.1662767312955129,-0.12355314749107474,6.066296749067899,4.466703290986423,0.14473351804740034
2024-06-06,4.489999771118164,4.730000019073486,4.440000057220459,4.71999979019165,2972500,18.461548054707123,1943575.0,-0.04670918582738737,-0.19703580250858188,-0.13824967849457617,6.018182335829872,4.377817667984825,0.18901278911879854
2024-06-07,4.489999771118164,4.599999904632568,4.440000057220459,4.489999771118164,1699700,21.238948882661404,1915925.0,0.0,-0.218889367675418,-0.15437761633074454,5.888330587240459,4.349669376519918,0.22514470812026438
2024-06-10,4.389999866485596,4.659999847412109,4.329999923706055,4.519999980926514,3114300,16.101695600168114,1998550.0,-0.02227169481740643,-0.24149384140729957,-0.17180086134605554,5.821028088189587,4.278971864126698,0.2565365951829138
2024-06-11,4.150000095367432,4.369999885559082,4.130000114440918,4.300000190734863,3081300,14.074079306855324,2032640.0,-0.05466965339802965,-0.2755971134926174,-0.19256011177536794,5.6661619929799985,4.2418379517068905,0.3127975944593453
2024-06-12,4.159999847412109,4.309999942779541,4.130000114440918,4.25,3028300,15.38460409852631,1981850.0,0.002409578750574015,-0.29837779244487095,-0.21372364790926854,5.582530081759339,4.171469866742248,0.3489647777559353
2024-06-13,4.03000020980835,4.139999866485596,4.0,4.110000133514404,2027800,15.03758589794748,1935770.0,-0.03124991403175914,-0.323195927473348,-0.23561810382208448,5.599539631761958,4.036460333905767,0.3919324000737191
2024-06-14,3.880000114440918,4.014999866485596,3.819999933242798,4.010000228881836,2579600,2.290056885604173,1996755.0,-0.037220865399052894,-0.3509230103600318,-0.25867908512967397,5.597116470719202,3.8958835121146596,0.4236789354151783
2024-06-17,3.740000009536743,3.880000114440918,3.7300000190734863,3.880000114440918,2048100,2.083315741676657,2025415.0,-0.03608250019970627,-0.37981548525950437,-0.28290636515564005,5.616494954598592,3.7365050425403847,0.4517420524962683
2024-06-18,3.680000066757202,3.7799999713897705,3.5999999046325684,3.7799999713897705,2230400,2.142839018171415,2049625.0,-0.01604276540816718,-0.4029099782912535,-0.30690708778276277,5.607544872181845,3.594455125910806,0.4737000699090259
2024-06-20,3.6600000858306885,3.680000066757202,3.569999933242798,3.6600000858306885,2191400,0.7142683194530974,2068190.0,-0.005434777327093299,-0.4180078276830157,-0.32912723576281333,5.586491462569833,3.4695085555499796,0.4740200953660381
2024-06-21,3.6600000858306885,3.7100000381469727,3.609999895095825,3.700000047683716,3330300,0.7299090963672512,2158070.0,0.0,-0.4250730050961282,-0.3483163896294763,5.552899165978735,3.363100866446192,0.455913486328119
2024-06-24,3.609999895095825,3.7300000190734863,3.569999933242798,3.690000057220459,2716200,0.740722556822675,2186895.0,-0.013661253978772825,-0.4297528828989705,-0.36460368828337514,5.520967529283705,3.2600324888361074,0.42890669803939707
2024-06-25,3.569999933242798,3.609999895095825,3.440000057220459,3.609999895095825,2349400,0.740722556822675,2239755.0,-0.0110803221649306,-0.43171286522395746,-0.3780255236714916,5.44340320755952,3.18159679244048,0.3857602189568211
2024-06-26,3.4800000190734863,3.5299999713897705,3.424999952316284,3.509999990463257,2299900,0.7999804687425467,2292860.0,-0.02521006046281926,-0.4355081395123235,-0.38952204683965796,5.352668488545678,3.1083315248057635,0.3542527398954184
2024-06-27,3.5399999618530273,3.5799999237060547,3.4600000381469727,3.5,1902700,6.421995070637564,2302540.0,0.01724136277318622,-0.4287322690662383,-0.3973640912849741,5.254388417540154,3.0586115939039384,0.32832905818836994
2024-06-28,3.299999952316284,3.9800000190734863,3.240000009536743,3.7200000286102295,12826700,5.263138081546742,2867340.0,-0.06779661359406175,-0.4376830007417096,-0.4054278731763212,5.1482024665542685,2.9907975439361483,0.30596002528946675
2024-07-01,3.490000009536743,3.515000104904175,3.259999990463257,3.309999942779541,3031200,18.309849932226967,2958595.0,0.057575775747238156,-0.4245511420682475,-0.4092525269547065,5.0053097112741565,2.9816902772817517,0.2575166962011887
2024-07-02,3.859999895095825,4.0,3.4800000190734863,3.5299999713897705,5482400,40.64515166426223,3165000.0,0.10601715889628194,-0.3799087987658849,-0.4033837813169422,4.848692187612067,3.0303077847313786,0.2296150735462383
2024-07-03,3.6500000953674316,4.010000228881836,3.5999999046325684,3.930000066757202,3560100,35.42857454261086,3265295.0,-0.0544040946724379,-0.35735527964674496,-0.39417808098290275,4.672992502404785,3.08100746993866,0.18553905968383336
2024-07-05,3.5899999141693115,3.740000009536743,3.5,3.700000047683716,2470600,36.90475362633934,3247145.0,-0.016438405378200405,-0.3403990579863372,-0.38342227638358967,4.522183843370433,3.119816116575245,0.15090389090100148
2024-07-08,3.6700000762939453,3.9549999237060547,3.609999895095825,3.619999885559082,3777500,43.47826022571277,3287395.0,0.022284168255515047,-0.3168532980773704,-0.3701084807223458,4.408615788568829,3.1513842018944276,0.1326318629896565
2024-07-09,3.7799999713897705,3.8499999046325684,3.6700000762939453,3.75,2103700,51.265821638750566,3307595.0,0.029972722836263843,-0.2860199811829025,-0.3532907808144572,4.277158670851678,3.2118413396387386,0.13609951606443293
2024-07-10,3.9200000762939453,3.9600000381469727,3.759999990463257,3.799999952316284,2570900,57.22891557612913,3280425.0,0.037037065069791986,-0.24743523757028907,-0.33211967216562355,4.1683972066673665,3.273602824803886,0.15881430151922876
2024-07-11,4.190000057220459,4.380000114440918,3.9700000286102295,4.0,7228700,63.87434417730053,3487795.0,0.06887754481417696,-0.19284679053412868,-0.3042650958393246,4.178751594683214,3.267248432973341,0.21901003131079305
2024-07-12,4.190000057220459,4.440000057220459,4.179999828338623,4.269999980926514,4044900,63.87434417730053,3538625.0,0.0,-0.14788038000113612,-0.2729881526716869,4.186462731116663,3.262537317520727,0.2600422896548125
2024-07-15,4.329999923706055,4.329999923706055,4.050000190734863,4.25,2353000,68.00000286102329,3554885.0,0.033412855506848915,-0.09979695926559673,-0.2383499139904689,4.259114259676266,3.219885760350895,0.30718860842285345
2024-07-16,4.5,4.579999923706055,4.360000133514404,4.400000095367432,2518600,71.8309887532465,3551835.0,0.039260988288526866,-0.047426216600165993,-0.20016517451240834,4.389819675623677,3.1511803329593913,0.3602448856211124
2024-07-17,4.199999809265137,4.480000019073486,4.119999885559082,4.420000076293945,3004000,65.38460989832365,3599630.0,-0.06666670905219185,-0.02978617740125422,-0.16608937509017752,4.441550496643129,3.145449491912779,0.35925517554900005
2024-07-18,4.050000190734863,4.400000095367432,4.03000020980835,4.199999809265137,3398900,60.49383261130763,3658055.0,-0.035714196510051366,-0.02759197178741335,-0.13838989442962468,4.467490177419233,3.156509823534441,0.34868670197797297
2024-07-19,4.210000038146973,4.320000171661377,4.0,4.059999942779541,2047900,69.36170670391543,3650880.0,0.03950613330294139,-0.012794905808795498,-0.11327089670545884,4.514012699526409,3.164987296658893,0.3090831802224567
2024-07-22,4.210000038146973,4.28000020980835,4.105000019073486,4.21999979019165,1293900,66.6666703459664,3549060.0,0.0,-0.0010559520556467916,-0.09082790777549643,4.555403203701124,3.1785967877158083,0.28106253668065956
2024-07-23,4.25,4.361000061035156,4.144999980926514,4.199999809265137,1690100,60.65574240366357,3497755.0,0.009501178501326812,0.011344147722766706,-0.0703934966758438,4.596541561237896,3.2014584406694526,0.2827727559614511
2024-07-24,4.190000057220459,4.331999778747559,4.144999980926514,4.170000076293945,1233400,66.07142907827085,3441955.0,-0.014117633595186141,0.016143727353380655,-0.053086051869998915,4.621055655006231,3.238944359298884,0.2594626696606494
2024-07-25,4.329999923706055,4.369999885559082,4.150000095367432,4.150000095367432,1928000,71.02273335326477,3423360.0,0.033412855506848915,0.03088818818130612,-0.036291203859737914,4.651473688739292,3.29352631602908,0.22214733212634874
2024-07-26,4.409999847412109,4.510000228881836,4.28000020980835,4.389999866485596,1737400,71.02272942785478,3415095.0,0.01847573328305807,0.04846987433151728,-0.019338988221486875,4.689760825133881,3.3422391681903996,0.185655912635105
2024-07-29,4.159999847412109,4.439000129699707,4.130000114440918,4.429999828338623,1581600,60.0,2852840.0,-0.056689344365103755,0.04174931647961344,-0.007121327281266812,4.644325768265021,3.473674214568841,0.1428131297088151
2024-07-30,3.859999895095825,4.159999847412109,3.825000047683716,4.119999885559082,2978800,48.54368437627419,2850220.0,-0.0721153757981291,0.012076526337026827,-0.003281756557608084,4.6079168668551285,3.547083104534642,0.15317158132782235
2024-07-31,3.9800000190734863,4.179999828338623,3.8299999237060547,3.869999885559082,1891400,44.50261499081652,2670670.0,0.031088115865008925,-0.0017363509370049712,-0.0029726754334874618,4.606216534730414,3.5607834490571233,0.166074570122121
2024-08-01,3.7799999713897705,4.099999904632568,3.700000047683716,4.070000171661377,2488000,40.28435547700169,2617065.0,-0.050251268021419326,-0.028493038064510756,-0.008076747959692121,4.592875899761794,3.5871240716279766,0.2013307218750847
2024-08-02,3.5399999618530273,3.638000011444092,3.4200000762939453,3.5899999141693115,3048600,32.12669414773973,2645965.0,-0.06349206649557293,-0.06827684739452433,-0.020116767846658563,4.601222180758687,3.5737777953994554,0.2576062590703344
2024-08-05,3.3399999141693115,3.430000066757202,3.1500000953674316,3.2300000190734863,3422400,24.107135539606816,2628210.0,-0.056497189220031774,-0.1146228346062621,-0.03901798119857927,4.657260208208026,3.484739751737653,0.3074612453203802
2024-08-06,3.494999885559082,3.515000104904175,3.2850000858306885,3.5,1748900,33.17422064980977,2610470.0,0.04640717825536833,-0.1372628800361455,-0.058666960966092516,4.6851336773648855,3.4283662739977236,0.33510148530318856
2024-08-07,3.430000066757202,3.630000114440918,3.380000114440918,3.5899999141693115,2091000,34.57710761185304,2586475.0,-0.018597945902788515,-0.1586217287527436,-0.07865791452342275,4.718617036194742,3.345882914214193,0.3655849215793161
2024-08-08,3.640000104904175,3.7200000286102295,3.444999933242798,3.4600000381469727,1852100,36.16504817849915,2317645.0,0.06122449972588817,-0.15679607466139922,-0.09428554655101805,4.708360762858941,3.301139192318366,0.3651563209110367
2024-08-09,3.619999885559082,3.7799999713897705,3.5899999141693115,3.6700000762939453,1555700,35.81730350411135,2193185.0,-0.0054945655957939765,-0.15517432813119258,-0.10646330286705295,4.694294635991034,3.258205302020135,0.3607800087877672
2024-08-12,3.7200000286102295,3.799999952316284,3.569999933242798,3.7100000381469727,3222200,37.6168237054011,2236645.0,0.027624349782459534,-0.1441581411973929,-0.11400227053312095,4.65225563644524,3.2392443120563468,0.34400455485736253
2024-08-13,3.6700000762939453,3.8450000286102295,3.4000000953674316,3.799999952316284,3145000,37.79342833361764,2267965.0,-0.013440847293478053,-0.13787299787338014,-0.11877641600117281,4.570008526426284,3.238491429704698,0.328845139042579
2024-08-14,3.5899999141693115,3.674999952316284,3.515000104904175,3.609999895095825,1393100,32.12560717540727,2187420.0,-0.021798408845108197,-0.13775931734315972,-0.1225729962695702,4.538350181103055,3.2091497855183446,0.29169381816854584
2024-08-15,4.059999942779541,4.105000019073486,3.630000114440918,3.6500000953674316,4757600,42.88618228938001,2255355.0,0.1309192311551859,-0.0986074648751547,-0.1177798899906871,4.539423263859542,3.209076677966325,0.23932739588618834
2024-08-16,3.9600000381469727,4.349999904632568,3.9200000762939453,4.059999942779541,5009900,45.6710005858284,2403455.0,-0.024630518729541362,-0.0747864051643572,-0.10918119302542113,4.509525701632301,3.213974240193566,0.2148667582672214
2024-08-19,4.25,4.295000076293945,4.010000228881836,4.050000190734863,4210000,58.47826156814505,2549260.0,0.07323231289379706,-0.032137014927857255,-0.09377235740590836,4.5162824627523435,3.211217475258825,0.2590846776590046
2024-08-20,5.670000076293945,6.119999885559082,4.510000228881836,4.989999771118164,99635900,73.47222052974483,7446550.0,0.3341176650103401,0.11492034265328055,-0.05203381739407058,4.9643205492135625,2.9051793964270023,0.5820866729324891
2024-08-21,5.380000114440918,5.78000020980835,4.909999847412109,5.511000156402588,25443800,71.68021700353357,8657070.0,-0.05114637706364522,0.20569268747469138,-0.0004885164203181844,5.207151180091985,2.7813487712706246,0.7119163725323915
2024-08-22,5.320000171661377,5.71999979019165,5.039999961853027,5.630000114440918,9658300,75.3561266914133,9043585.0,-0.011152405483875416,0.26968022501931266,0.05354523186760799,5.388035738982084,2.699464237176058,0.7871409561698657
2024-08-23,5.239999771118164,5.53000020980835,4.949999809265137,5.170000076293945,8213900,78.02359190116842,9367410.0,-0.015037668789816938,0.3103578338782409,0.10490775226973457,5.524999556470828,2.6455004120579204,0.8127842919469718
2024-08-26,5.25,5.75,4.849999904632568,5.28000020980835,11863300,77.04159723507992,9881495.0,0.0019084407096647826,0.33948865299329434,0.15182393241444653,5.671025654529654,2.6084743292578825,0.827976493960439
2024-08-27,4.880000114440918,5.179999828338623,4.860000133514404,5.090000152587891,4456800,70.42253067086337,9955395.0,-0.07047616867792039,0.32892746737794365,0.18724463940714597,5.750474309880427,2.631025695841619,0.7950385515028203
2024-08-28,4.670000076293945,4.820000171661377,4.5,4.820000171661377,4923200,64.50703814823896,10106985.0,-0.0430327936930861,0.30015243324162366,0.20982619817404152,5.79583318030401,2.654666831140082,0.7616278428345565
2024-08-29,4.820000171661377,5.175000190734863,4.760000228881836,4.769999980926514,10857500,66.30434824861507,10525460.0,0.03211993424344217,0.28615316985083616,0.22509159250940045,5.854614560612436,2.699885470858817,0.7188742958416336
2024-08-30,4.96999979019165,6.0,4.940000057220459,5.949999809265137,48433700,66.756027818908,12794715.0,0.031120251698781853,0.28388986274820827,0.23685124655716203,5.915005645554308,2.782494368750807,0.6767996116668146
2024-09-03,5.199999809265137,5.329999923706055,4.763000011444092,4.960000038146973,11860700,69.56521235410582,13216630.0,0.04627767178730946,0.29722898420074895,0.24892679408587942,5.976372461079926,2.907127542734772,0.6196738043623818
2024-09-04,5.28000020980835,5.690000057220459,5.070000171661377,5.179999828338623,13492000,71.6112538675177,13803785.0,0.01538469297646361,0.3106744362744127,0.26127632252358607,6.041216472337189,3.0207835639024347,0.521812681872893
2024-09-05,5.099999904632568,5.340000152587891,5.03000020980835,5.260000228881836,7502000,64.3646370268973,14074335.0,-0.03409096553469926,0.3033091742522984,0.26968289286932856,6.051287014945668,3.177713005081493,0.45950582673611806
2024-09-06,5.039999961853027,5.14900016784668,4.71999979019165,5.079999923706055,7012100,65.08379412041282,14332335.0,-0.011764694882648974,0.28929583479099374,0.27360548125366163,6.056329010719352,3.3126709950026942,0.3489678719602899
2024-09-09,5.519999980926514,5.590000152587891,4.949999809265137,5.010000228881836,10252500,66.8434968977134,14767175.0,0.0952380997433595,0.3133105038594701,0.28154648577482333,6.103250272103238,3.4557497431555513,0.27479862902692553
2024-09-10,5.809999942779541,5.849999904632568,5.465000152587891,5.510000228881836,8433500,52.65151179909701,15027740.0,0.05253622515490508,0.3516888255411734,0.29557495372809334,6.185374180003729,3.5826258266719915,0.2962178997883758
2024-09-11,5.630000114440918,5.804999828338623,5.420000076293945,5.78000020980835,5922300,54.94071012153501,15166605.0,-0.030981037884917795,0.36339050066032463,0.3091380631145396,6.190315090239443,3.7736849202509752,0.316245999216898
2024-09-12,5.699999809265137,6.309999942779541,5.513000011444092,5.650000095367432,19071000,57.48030653490195,16050500.0,0.01243333808194258,0.37400129869509335,0.32211071023065035,6.142849767325264,4.032150232674737,0.342977394818545
2024-09-13,6.130000114440918,6.170000076293945,5.519999980926514,5.659999847412109,10581900,65.39792798604797,16341715.0,0.07543865255518645,0.41235449758313525,0.34015946770114736,6.227916485918525,4.154083531247613,0.4203060032201995
2024-09-16,5.71999979019165,6.260000228881836,5.699999809265137,6.090000152587891,7957800,57.14285300184894,16489110.0,-0.06688422782952286,0.40499752500450104,0.35312707916181807,6.163578973644701,4.394421018725905,0.4357215593182842
2024-09-17,5.400000095367432,5.864999771118164,5.340000152587891,5.78000020980835,25959400,58.02469044955586,17576580.0,-0.05594400464366045,0.36909111755657875,0.3563198868407702,6.077261325660295,4.595738676247054,0.4171626973406289
2024-09-18,7.46999979019165,8.949999809265137,7.440000057220459,8.380000114440918,141864600,77.45097810055186,19688015.0,0.38333327004939055,0.5018813310513739,0.38543217568289095,6.630445602467443,4.222554370829677,0.6620667368479943
2024-09-19,9.279999732971191,9.539999961853027,7.369999885559082,7.699999809265137,89593600,82.98816364572211,22895505.0,0.24230254265282958,0.7445872620618887,0.45726319295869056,7.722720273334842,3.520279661815305,1.1635538457611927
2024-09-20,9.149999618530273,9.850000381469727,8.649999618530273,9.119999885559082,59291900,81.00889966292425,25377185.0,-0.014008633424744232,0.915885777091229,0.5489877097851983,8.432675092341476,3.1933247874955586,1.421232330868898
2024-09-23,8.029999732971191,9.020000457763672,8.0,9.010000228881836,27845600,68.54521547352178,26358770.0,-0.12240436418061651,0.950311850393363,0.6292525379068312,8.735734290707933,3.1692655853144056,1.4724427101180408
2024-09-24,7.639999866485596,8.329999923706055,7.510000228881836,7.820000171661377,17490800,64.86145958060189,26640145.0,-0.048567855473799826,0.9353429800085111,0.6904706263271673,8.932397909617288,3.2116019530536106,1.4724427269150613
2024-09-25,7.989999771118164,8.170000076293945,7.570000171661377,7.630000114440918,16363600,67.81751022657059,27235485.0,0.04581150664254774,0.9408762736092049,0.7405517557835748,9.15246212718507,3.3025377011535535,1.4568852008066273
2024-09-26,7.980000019073486,8.229999542236328,7.71999979019165,7.900000095367432,13828400,68.23821604192807,27680745.0,-0.0012515334582141602,0.9336915373941128,0.7791797121056825,9.321474083533566,3.4645257390830113,1.4021930336106665
2024-09-27,8.779999732971191,8.979999542236328,7.980000019073486,7.989999771118164,23886800,69.45107556100498,28332210.0,0.10025059047438312,0.9812397521531135,0.8195917201151688,9.605881392989703,3.5761183857578547,1.4151628707831578
2024-09-30,8.050000190734863,8.75,7.920000076293945,8.609999656677246,15703400,62.69841660297573,26695695.0,-0.08314345836423997,0.9490768258496818,0.8454887412620714,9.725706120968635,3.7642936978332453,1.3726929750319075
2024-10-01,7.570000171661377,8.220000267028809,7.539999961853027,8.069999694824219,11157400,60.63596702775062,26660530.0,-0.05962733014912747,0.8747716618300236,0.851345325375662,9.773180693366989,3.9538191616745144,1.2801151761912597
2024-10-02,7.349999904632568,7.630000114440918,7.21999979019165,7.519999980926514,9329200,58.89967782368,26452390.0,-0.029062121801844754,0.7890365785550006,0.8388835760115297,9.785346429778919,4.148653394745008,1.1739806449544212
2024-10-03,7.150000095367432,7.619999885559082,7.079999923706055,7.329999923706055,7240900,55.64159373140486,26439335.0,-0.027210858756485212,0.6969189464345593,0.8104906500961357,9.747570365832209,4.391429477765204,1.1046713188001422
2024-10-04,7.619999885559082,7.75,7.199999809265137,7.349999904632568,10034700,60.439563261082704,26590465.0,0.06573423551367075,0.6542977769374279,0.7792520754643942,9.70821373402767,4.688786101940349,0.9509982074110688
2024-10-07,7.360000133514404,7.639999866485596,7.21999979019165,7.639999866485596,6006700,60.84071050861761,26378175.0,-0.0341207028805095,0.5927080168898158,0.7419432637494786,9.672807148075659,4.908192703151148,0.670451592615176
2024-10-08,7.389999866485596,8.010000228881836,7.21999979019165,7.320000171661377,13694500,49.42857181782636,26641225.0,0.004076050601491854,0.5400925651591617,0.7015731240314154,9.64760123817911,5.091398605418302,0.6752597000382428
2024-10-09,7.119999885559082,7.380000114440918,6.699999809265137,7.260000228881836,10364700,30.21977484545144,26863345.0,-0.0365358573483866,0.47117627184717126,0.6554937535945665,9.575304297661836,5.312695523047394,0.5900958122255953
2024-10-10,7.230000019073486,7.340000152587891,7.0,7.199999809265137,5932200,32.35293885621978,26206405.0,0.015449457202591832,0.4205874342124627,0.6085124897181458,9.492081809246955,5.548918032443109,0.46079953003522933
2024-10-11,7.610000133514404,7.699999809265137,7.070000171661377,7.170000076293945,10301600,45.531917613467755,26192390.0,0.05255879853920309,0.40647268526075564,0.5681045288266677,9.454261791180965,5.734738052416446,0.44846497617294717
2024-10-14,7.820000171661377,8.0,7.429999828338623,7.610000133514404,8800300,51.99115445688864,26234515.0,0.027595273910986373,0.4075340937090539,0.535990441803145,9.337566326039617,6.061433555704766,0.45130088455409567
2024-10-15,8.079999923706055,8.1850004196167,7.5,7.760000228881836,9611100,51.015803443992596,25417100.0,0.03324804940374326,0.4244621393093295,0.5136847813043819,9.06838350097412,6.598616363604128,0.45720660531310026
2024-10-16,8.369999885559082,8.710000038146973,8.0600004196167,8.0600004196167,14139400,54.14012719508406,19030840.0,0.03589108472664604,0.45602157781281516,0.5021521406060685,9.123164560831992,6.633835313282999,0.48955009435516655
2024-10-17,8.350000381469727,8.54699993133545,7.949999809265137,8.300000190734863,8429000,44.5292681068368,14972610.0,-0.002389427044540482,0.47395540448718965,0.49651279338229276,8.915223100834286,6.748776838130557,0.4242673557954218
2024-10-18,8.239999771118164,8.680000305175781,8.220000267028809,8.390000343322754,8094900,52.87008475889899,12412760.0,-0.013173725188764696,0.4738299447369352,0.49197622365322125,8.699730731433476,6.873269222790157,0.4408358793791409
2024-10-21,8.010000228881836,8.399999618530273,7.739999771118164,8.279999732971191,9025300,57.18954579375726,11471745.0,-0.027912566580704845,0.4499843367799974,0.48357784627857653,8.697651268559785,6.873348735254913,0.44941722963508174
2024-10-22,8.579999923706055,8.760000228881836,7.925000190734863,8.050000190734863,13854300,68.03519926838324,11289920.0,0.07116100855639895,0.47164391489908564,0.48119106000267836,8.807770495066048,6.8572295144706965,0.4951373461575067
2024-10-23,8.069999694824219,8.739999771118164,7.921999931335449,8.520000457763672,11720700,62.365589881717426,11057775.0,-0.05944058664531382,0.4425550314645026,0.47346385429504323,8.815140781338464,6.857859220568885,0.46513202575468837
2024-10-24,7.920000076293945,8.479999542236328,7.760000228881836,8.050000190734863,11110300,54.411769243261936,10921870.0,-0.018587314027592505,0.40275545200804785,0.4593221738376442,8.810655321817174,6.85634468581222,0.46078825931577555
2024-10-25,7.989999771118164,8.229999542236328,7.849999904632568,7.96999979019165,7581000,59.81308272385546,10106580.0,0.00883834522094773,0.3725676608300441,0.4419712712361242,8.668538066223741,6.91946194522035,0.4375531407493416
2024-10-28,8.220000267028809,8.65999984741211,7.940000057220459,8.020000457763672,14217500,62.170096095989436,10032285.0,0.02878604536911733,0.36301809008425234,0.4261806350057499,8.690712290721306,6.91428772835218,0.4170072653229947
2024-10-29,8.319999694824219,8.399999618530273,8.0600004196167,8.229999542236328,6708300,68.51852233408931,9809830.0,0.012165380115195079,0.3593764367020347,0.41281979534500685,8.749945016255232,6.930054955134539,0.34559150783862475
2024-10-30,7.860000133514404,8.520000457763672,7.849999904632568,8.220000267028809,11187900,58.7743791417777,9902765.0,-0.05528841083924263,0.3157327097972118,0.3934023782354479,8.745726608911642,6.9852733853663125,0.25989426065364174
2024-10-31,7.800000190734863,8.020000457763672,7.409999847412109,8.020000457763672,8348300,52.90520136320095,9958135.0,-0.007633580376634641,0.2731544928859808,0.36935280116555447,8.712541503851618,7.083458499963078,0.2360444994918814
2024-11-01,8.109999656677246,8.149999618530273,7.710000038146973,7.829999923706055,6963300,54.30266617256679,9804565.0,0.0397435203028087,0.2614119214451085,0.3477646252214653,8.731290461995817,7.113709518930697,0.22022462014217897
2024-11-04,7.579999923706055,8.119999885559082,7.550000190734863,8.050000190734863,6961700,43.131863381343706,9852315.0,-0.0653513878431331,0.20695366687185057,0.31960243355154233,8.715623249133994,7.151376710811684,0.26599179355290614
2024-11-05,7.739999771118164,7.869999885559082,7.635000228881836,7.659999847412109,3963400,41.02563266557062,9365760.0,0.021108159501653567,0.17469201744850515,0.29062035033093486,8.696735895667898,7.205264054741037,0.27031625718190444
2024-11-06,8.260000228881836,8.329999923706055,7.755000114440918,8.039999961853027,11957000,48.877803113973876,9445375.0,0.06718352366159697,0.18890652216693393,0.2702775846981347,8.65388083003961,7.362119154701601,0.2637889391911371
2024-11-07,9.520000457763672,10.010000228881836,8.260000228881836,8.390000343322754,33700500,62.403112380213095,10833790.0,0.1525423963641226,0.2984033002797304,0.2759027278144538,8.968565349179501,7.276434679430727,0.4733166703494381
2024-11-08,9.729999542236328,9.819999694824219,9.243000030517578,9.649999618530273,13631600,66.73151902581193,11000290.0,0.02205872629989214,0.3975428306077511,0.30023074837311325,9.304247445469503,7.152752524012918,0.6329019193661135
2024-11-11,11.0,11.020000457763672,9.600000381469727,10.350000381469727,18414200,70.71918496094344,11480985.0,0.13052420529423547,0.5719964270042102,0.35458388409933267,10.010075909885778,6.764924042430508,0.9676890005700496
2024-11-12,10.399999618530273,11.0,10.260000228881836,10.710000038146973,12708700,69.64587313008218,11635865.0,-0.05454548922452063,0.6542948390265941,0.414526075084785,10.349808011690284,6.657191910108422,1.0920594601513922
2024-11-13,11.760000228881836,12.989999771118164,10.600000381469727,11.300000190734863,40556600,76.89075966977755,12956725.0,0.13076929425347017,0.8198073776017889,0.4955823355881858,11.021769884402396,6.324230071728587,1.3572097042207596
2024-11-14,10.229999542236328,14.899999618530273,10.109999656677246,14.210000038146973,62951900,63.023253905573384,15682870.0,-0.13010209667240658,0.8180885723929467,0.560083582949138,11.209932574404025,6.324067297803617,1.3763897857379201
2024-11-15,12.420000076293945,12.630000114440918,10.0600004196167,10.119999885559082,37661400,69.88636194304993,17161195.0,0.21407630811866807,0.9821198807451132,0.644490842508333,11.897451649993727,6.054548252731493,1.620489870457155
2024-11-18,11.680000305175781,12.399999618530273,11.380000114440918,12.270000457763672,23767900,65.00000170298974,17898325.0,-0.05958130165639863,1.040410868444706,0.7236748476956076,12.279746151668302,6.0392537586863115,1.7047679162419929
2024-11-19,12.5600004196167,13.65999984741211,11.300000190734863,11.4399995803833,31020800,70.22375109201647,18756650.0,0.07534247358289559,1.14442335091751,0.8078245483399882,12.812902524909505,5.904097435036173,1.8005410752701545
2024-11-20,12.069999694824219,12.699999809265137,11.8100004196167,12.4399995803833,12758700,67.71783718099303,18808550.0,-0.03901279525653345,1.1737843736587124,0.881016513403733,13.158887625637778,5.958112334307903,1.7764696179266577
2024-11-21,13.994999885559082,14.800000190734863,11.65999984741211,12.15999984741211,35652400,71.53311018359256,20035655.0,0.15948634957798125,1.336972832632421,0.9722077772494706,13.881305280732462,5.84319466013973,1.9288799338313294
2024-11-22,15.119999885559082,15.550000190734863,13.65999984741211,14.0600004196167,28479500,76.43758179544466,21080580.0,0.08038585274736909,1.5393344704878054,1.0856331158971377,14.768419595599816,5.669080356716468,2.0574375182143467
2024-11-25,14.680000305175781,15.718999862670898,14.100000381469727,15.5600004196167,18442800,73.86519665298422,21291845.0,-0.029100501568359083,1.6452379584580257,1.1975540844093153,15.400681393892107,5.682818562238874,2.0007783498864202
2024-11-26,14.055000305175781,15.670000076293945,13.800000190734863,14.420000076293945,16358900,69.78490659072526,21774375.0,-0.042574930995038285,1.6596040762870246,1.289964082784857,15.810700132021006,5.846299885145131,1.8327079632676055
2024-11-27,14.449999809265137,14.779999732971191,13.600000381469727,14.199999809265137,11501300,67.88823934924815,21790045.0,0.028103841729828716,1.6834566466925196,1.3686625955663896,16.185040041087493,6.130959943653717,1.7742051109108903
2024-11-29,16.350000381469727,17.139999389648438,14.5,14.510000228881836,19876000,71.39624919412378,22366430.0,0.131487930607884,1.8345268640613774,1.4618354492653873,16.85833915630501,6.312660847509686,1.8758504124798892
2024-12-02,14.5600004196167,16.479999542236328,14.420000076293945,16.440000534057617,17859100,61.13195695309277,22911220.0,-0.10948011743667752,1.7891884121762107,1.527306041847552,17.073714545010013,6.742285535098632,1.8376087861261592
2024-12-03,14.149999618530273,14.800000190734863,13.920000076293945,14.420000076293945,12864300,61.86708631547637,23206350.0,-0.028159394867463883,1.700570604918246,1.5619589544616908,17.06816340733122,7.404836642259847,1.6689079054313913
2024-12-04,12.819999694824219,13.0600004196167,11.3100004196167,11.539999961853027,38092700,53.360809470413905,24912815.0,-0.09399293000434716,1.5056641169427945,1.5506999869579114,16.836587186103458,8.144412855858212,1.6101159774465825
2024-12-05,12.0,13.399999618530273,11.619999885559082,13.010000228881836,23768300,55.876495007838365,25503380.0,-0.06396253622028358,1.2703879570678698,1.4946375809799033,16.55358951172812,8.801410507345366,1.3867525211485743
2024-12-06,12.420000076293945,12.680000305175781,11.829999923706055,12.180000305175781,15007800,50.0,24568745.0,0.03500000635782885,1.1050817073309904,1.4167264062501208,16.40727289216085,9.237727088765663,1.3867525211485743
2024-12-09,12.8100004196167,13.149999618530273,12.109999656677246,12.579999923706055,10535300,54.36630596801801,24413930.0,0.03140099363341764,0.9940858785733582,1.3321983007147684,16.25329601568823,9.699704052976323,1.2938980417661006
2024-12-10,11.6899995803833,13.069999694824219,11.619999885559082,12.494999885559082,9992900,46.699542135104224,23992865.0,-0.08743175663899871,0.8064499243819672,1.2270486254482083,16.213871672299618,9.80812835440326,1.372266648787703
2024-12-11,11.65999984741211,11.949999809265137,11.390000343322754,11.819999694824219,8326300,48.388365534333474,23773745.0,-0.0025662732290883117,0.6478582445433538,1.1112105492672373,16.105617135750524,10.042382913840543,1.4124800157018589
2024-12-12,11.680000305175781,12.479999542236328,11.550000190734863,11.65999984741211,8666600,39.297275719243615,22179245.0,0.0017153051479765757,0.517817982103443,0.9925320358344785,16.109118866125495,10.030881191094963,1.4987925088706016
2024-12-13,11.6850004196167,12.15999984741211,11.460000038146973,11.640000343322754,9340800,32.28468850808375,19498690.0,0.00042809197861948256,0.41043239550787547,0.8761121077691579,15.95695933758992,10.328540807368578,1.4873208503971882
2024-12-16,12.930000305175781,12.960000038146973,11.149999618530273,11.859999656677246,13938000,41.666668180435146,18312520.0,0.10654684132222925,0.42093732684645424,0.7850771515846173,15.96406708670837,10.37243308113831,1.4270424575610525
2024-12-17,13.890000343322754,14.104999542236328,12.670000076293945,12.890000343322754,14294800,49.23857899295707,17838865.0,0.0742459408730789,0.50095187920782,0.7282520971092579,16.000616566627873,10.556883605033507,1.4191189745241528
2024-12-18,13.149999618530273,14.989999771118164,13.029999732971191,13.890000343322754,17637600,44.18604730513295,17169705.0,-0.053275788805017266,0.49890109313475683,0.6823818963143577,16.010031799361478,10.606468292191257,1.363911968371116
2024-12-19,12.779999732971191,14.699999809265137,12.53499984741211,13.5,13936300,31.50259206636069,17228585.0,-0.02813687424277167,0.46209320898009665,0.6383241588475056,15.995216236622763,10.69228385874467,0.9605416694705637
2024-12-20,13.569999694824219,14.03499984741211,12.029999732971191,12.40999984741211,20422000,44.27745409823504,16467065.0,0.06181533476991419,0.49100904360526165,0.6088611357990569,15.95875846374526,10.686241612548686,0.8449725433741527
2024-12-23,14.579999923706055,16.299999237060547,13.819999694824219,14.329999923706055,26557200,52.324325494647574,16370950.0,0.07442890579187433,0.5886381739647799,0.6048165434322015,15.864446089511375,10.726553990597267,0.9087236456490714
2024-12-24,16.649999618530273,16.719999313354492,14.40999984741211,14.835000038146973,19304400,69.1691655666161,16414030.0,0.14197528845377727,0.8235482868083306,0.6485628921074273,16.31360090299669,10.474399108447399,1.3964048748665532
2024-12-26,19.075000762939453,19.290000915527344,16.280000686645508,16.799999237060547,28472700,80.50883507665006,17019720.0,0.14564571771583257,1.1916568905923768,0.7571816918044173,17.512983526774082,9.777016530446378,2.1156913412194855
2024-12-27,18.389999389648438,19.6200008392334,17.8700008392334,19.09000015258789,15166200,75.16862177869682,17202965.0,-0.03591094867067557,1.411836947646778,0.8881127429728894,18.24670973770481,9.43729027755398,2.4613409767997454
2024-12-30,18.940000534057617,19.299999237060547,17.270000457763672,17.75,15412800,75.49915744259569,16979805.0,0.02990762167826766,1.612128115575068,1.0329158174933253,18.816923477982932,9.126076552534643,2.7781922325998956
2024-12-31,18.15999984741211,19.209999084472656,17.549999237060547,18.940000534057617,14048200,77.6969069203657,16789260.0,-0.04118271724665068,1.6884572879166786,1.1640241115779961,19.34401096743053,8.958989005866588,2.842014382867783
2025-01-02,19.31999969482422,21.0049991607666,17.711999893188477,18.309999465942383,27752500,79.89850407943143,17533670.0,0.06387664411668026,1.8215532678876638,1.2955299428399298,20.093720988082314,8.7262789928442,2.927941436357781
2025-01-03,21.889999389648438,22.1200008392334,19.15999984741211,19.450000762939453,22211200,83.23566452826788,16739595.0,0.13302276063248164,2.110086523943359,1.4584412590606157,21.396916847797694,8.33008310261124,3.203957636955921
2025-01-06,21.760000228881836,22.31999969482422,20.95599937438965,22.1200008392334,15032500,82.53147417076697,16302805.0,-0.00593874666017935,2.301728469294007,1.6270987011072942,22.420416371487264,8.282583601809852,3.2734806370918688
2025-01-07,19.8700008392334,22.290000915527344,19.649999618530273,21.790000915527344,14427000,71.51270692452565,16273765.0,-0.08685658868421609,2.274875586627612,1.756654078211358,22.92639045001667,8.521609599574397,3.1674491836514536
2025-01-08,18.790000915527344,19.68000030517578,17.8700008392334,19.200000762939453,13434100,65.07692218306518,16418705.0,-0.05435329029144231,2.1417586551645407,1.8336749936019947,23.21253161611468,8.833468483067449,3.0309309467771626
2025-01-10,17.8700008392334,19.04400062561035,17.299999237060547,18.43000030517578,9506200,64.36397013113339,16394370.0,-0.048962215618291505,1.9396669374744135,1.8548733823764785,23.264021580695168,9.399978644371974,2.7421234470168736
2025-01-13,16.90999984741211,17.270000457763672,15.859999656677246,16.989999771118164,10861300,62.13278292925548,16521120.0,-0.053721373628232705,1.6826472283984089,1.8204281515808645,23.170048918650586,10.018951306416554,2.3317363888681135
2025-01-14,16.809999465942383,18.299999237060547,16.725000381469727,17.850000381469727,8180000,59.92038894485568,16496790.0,-0.005913683168071171,1.4541258050632315,1.7471676822773379,23.00615258957758,10.695847551566217,1.9606712633457237
2025-01-15,19.18000030517578,19.25,17.540000915527344,17.649999618530273,16110900,63.00169375535936,16835295.0,0.14098756183990946,1.4475734656361894,1.6872488389491083,22.954458481108663,11.497041648591047,1.6064707241131777
2025-01-16,19.059999465942383,19.700000762939453,18.469999313354492,19.200000762939453,9662000,57.65565122724633,16621495.0,-0.006256560861524929,1.4163705861389921,1.633073188387085,22.94020003715933,12.124300008617043,1.4790090535209683
2025-01-17,18.510000228881836,19.860000610351562,18.5,19.204999923706055,9861900,47.962494093273655,16399850.0,-0.02885620422200541,1.331908327324232,1.5728402161745145,22.904229418735458,12.622270615596815,1.4845556693400368
2025-01-21,22.940000534057617,22.979999542236328,19.280000686645508,19.540000915527344,28615400,62.91879754087449,16948740.0,0.2393301053699335,1.6039460881833953,1.579061390576291,23.408541686519182,13.096958439365824,1.8118100622833042
2025-01-22,22.450000762939453,23.450000762939453,21.860000610351562,21.954999923706055,12616800,60.0,16882765.0,-0.02136005927247875,1.7597141972780577,1.6151919519166444,23.532210273634682,13.940289955247152,1.993888593838598
2025-01-23,22.170000076293945,22.950000762939453,21.18000030517578,21.829999923706055,13019100,61.7595306736878,16512620.0,-0.012472190518039272,1.839364778434316,1.660026517220179,23.534999342805754,14.797500924223051,2.067505494924977
2025-01-24,23.06999969482422,24.950000762939453,22.760000228881836,23.190000534057617,23937000,61.16736091578176,16381610.0,0.040595381841817435,1.9526024992978002,1.718541713635703,23.72685356931013,15.454646674830492,2.2334997193371153
2025-01-27,21.139999389648438,23.09000015258789,20.780000686645508,21.709999084472656,12033600,47.67801879523604,16018070.0,-0.08365844519749943,1.865109492731829,1.7478552694549283,23.762376328963775,15.868123892288665,2.1957167820518935
2025-01-28,21.520000457763672,22.989999771118164,20.049999237060547,22.3799991607666,12139900,49.268293533915035,15201430.0,0.01797545312613913,1.8056195073490855,1.7594081170337599,23.93916761740705,15.935832573327815,2.1821319187198136
2025-01-29,20.8700008392334,22.469999313354492,20.40999984741211,21.520000457763672,9653100,53.29815223758613,14925775.0,-0.030204442597759118,1.6865818625385494,1.744842866134718,24.014664333932252,16.10833600176111,2.193157898335136
2025-01-30,22.420000076293945,23.03499984741211,21.145000457763672,21.459999084472656,13645300,61.61227917379482,14837400.0,0.07426924651323974,1.6977451071671616,1.7354233143412068,24.285968563301402,16.18503172661559,2.241417439521933
2025-01-31,21.68000030517578,23.889999389648438,21.639999389648438,22.649999618530273,14210500,62.33009322797528,14845515.0,-0.03300623410347847,1.6281123956369399,1.7139611306003535,24.387461025024223,16.435539310669135,2.1462334087600654
2025-02-03,21.700000762939453,22.187000274658203,19.700000762939453,20.290000915527344,11153400,66.50585875369049,14015560.0,0.0009225303266668927,1.556598343112789,1.6824885731028407,24.511372851093203,16.54962759141168,1.873116537151979
